city,mean,median,std,min,max
Biratnagar,32.7,32.6,0.4725815626252605,32.0,33.5
Dharan,30.042857142857144,30.1,0.7934253648099546,29.1,31.2
Kathmandu,26.47142857142857,26.5,0.5648430038936646,25.6,27.1
Nepalgunj,37.971428571428575,37.8,0.8056349167256966,37.0,39.6
Pokhara,28.842857142857145,29.0,0.6972736021035614,27.8,30.0
