InvoiceNo,StockCode,Description,Quantity,InvoiceDate,UnitPrice,CustomerID,Country
540456,48185,DOORMAT FAIRY CAKE,2,1/7/2011 12:14,7.95,13534.0,United Kingdom
566891,23013,GLASS APOTHECARY BOTTLE TONIC,4,9/15/2011 13:51,3.95,14894.0,United Kingdom
C562139,21313,GLASS HEART T-LIGHT HOLDER ,-4,8/3/2011 10:10,0.85,12921.0,United Kingdom
565438,22382,LUNCH BAG SPACEBOY DESIGN ,4,9/4/2011 13:56,1.65,17229.0,United Kingdom
566016,21212,PACK OF 72 RETROSPOT CAKE CASES,24,9/8/2011 12:20,0.55,15144.0,United Kingdom
557598,22558,CLOTHES PEGS RETROSPOT PACK 24 ,2,6/21/2011 11:33,1.65,14667.0,United Kingdom
561704,21533,RETROSPOT LARGE MILK JUG,1,7/29/2011 11:07,4.95,14606.0,United Kingdom
581001,22726,ALARM CLOCK BAKELIKE GREEN,24,12/7/2011 8:07,3.75,12583.0,France
542890,84865,NEW BAROQUE BLACK PHOTO ALBUM,2,2/1/2011 13:25,8.5,15311.0,United Kingdom
573287,21314,SMALL GLASS HEART TRINKET POT,8,10/28/2011 14:42,2.1,14194.0,United Kingdom
547909,22151,PLACE SETTING WHITE HEART,10,3/28/2011 12:22,0.42,15033.0,United Kingdom
570693,23132,SMALL IVORY HEART WALL ORGANISER,1,10/11/2011 16:50,5.75,16161.0,United Kingdom
571441,22107,PIZZA PLATE IN BOX,12,10/17/2011 13:31,3.29,14096.0,United Kingdom
556721,21129,SILVER FISHING GNOME ,7,6/14/2011 11:23,6.95,15218.0,United Kingdom
580911,22086,PAPER CHAIN KIT 50'S CHRISTMAS ,12,12/6/2011 13:30,2.95,14503.0,United Kingdom
550001,47566,PARTY BUNTING,16,4/14/2011 9:28,4.95,17704.0,United Kingdom
550811,21669,BLUE STRIPE CERAMIC DRAWER KNOB,24,4/20/2011 16:04,1.25,16011.0,United Kingdom
578441,22082,RIBBON REEL STRIPES DESIGN ,5,11/24/2011 12:24,1.65,17133.0,United Kingdom
551439,22768,FAMILY PHOTO FRAME CORNICE,2,4/28/2011 15:26,9.95,14758.0,United Kingdom
565331,22072,RED RETROSPOT TEA CUP AND SAUCER ,1,9/2/2011 13:59,3.75,16674.0,United Kingdom
538012,71477,COLOUR GLASS. STAR T-LIGHT HOLDER,1,12/9/2010 12:32,3.25,14527.0,United Kingdom
574154,22840,ROUND CAKE TIN VINTAGE RED,2,11/3/2011 11:32,7.95,13709.0,United Kingdom
C563918,23198,PANTRY MAGNETIC  SHOPPING LIST,-1,8/21/2011 13:47,1.45,14572.0,United Kingdom
555340,22776,SWEETHEART CAKESTAND 3 TIER,1,6/2/2011 11:33,9.95,13334.0,United Kingdom
575128,22507,MEMO BOARD RETROSPOT  DESIGN,4,11/8/2011 14:27,4.95,16837.0,United Kingdom
537868,22539,MINI JIGSAW DOLLY GIRL,24,12/8/2010 16:49,0.42,12433.0,Norway
560597,85123A,WHITE HANGING HEART T-LIGHT HOLDER,96,7/19/2011 16:54,2.55,13798.0,United Kingdom
552555,22179,SET 10 LIGHTS NIGHT OWL,12,5/10/2011 11:20,6.75,18242.0,United Kingdom
572216,23388,WOODLAND MINI BACKPACK,2,10/21/2011 12:56,4.15,16015.0,United Kingdom
563931,22624,IVORY KITCHEN SCALES,2,8/21/2011 15:49,8.5,14895.0,United Kingdom
581166,23494,VINTAGE DOILY DELUXE SEWING KIT ,1,12/7/2011 14:43,5.95,15525.0,United Kingdom
573373,84380,SET OF 3 BUTTERFLY COOKIE CUTTERS,1,10/30/2011 13:37,1.45,14684.0,United Kingdom
564353,23318,BOX OF 6 MINI VINTAGE CRACKERS,48,8/24/2011 15:08,2.08,15764.0,United Kingdom
537463,22191,IVORY DINER WALL CLOCK,2,12/7/2010 10:08,8.5,12681.0,France
561695,22951,60 CAKE CASES DOLLY GIRL DESIGN,24,7/29/2011 10:00,0.55,14005.0,United Kingdom
538157,22952,60 CAKE CASES VINTAGE CHRISTMAS,6,12/9/2010 16:57,0.55,17576.0,United Kingdom
547374,22621,TRADITIONAL KNITTING NANCY,2,3/22/2011 13:54,1.45,16110.0,United Kingdom
565846,21408,SPOTTY PINK DUCK DOORSTOP,1,9/7/2011 12:41,4.25,14606.0,United Kingdom
567338,22654,DELUXE SEWING KIT ,3,9/19/2011 15:00,5.95,14146.0,United Kingdom
C541821,22960,JAM MAKING SET WITH JARS,-2,1/21/2011 16:41,4.25,15281.0,United Kingdom
540813,22382,LUNCH BAG SPACEBOY DESIGN ,3,1/11/2011 12:41,1.65,14669.0,United Kingdom
538558,22343,PARTY PIZZA DISH RED RETROSPOT,24,12/13/2010 10:58,0.21,13069.0,United Kingdom
548511,22367,CHILDRENS APRON SPACEBOY DESIGN,2,3/31/2011 15:43,1.95,14056.0,United Kingdom
576300,23343,JUMBO BAG VINTAGE CHRISTMAS ,1,11/14/2011 14:39,2.08,15058.0,United Kingdom
564227,22452,MEASURING TAPE BABUSHKA PINK,6,8/24/2011 10:19,2.95,15249.0,United Kingdom
551332,35004B,SET OF 3 BLACK FLYING DUCKS,12,4/27/2011 16:23,4.65,13078.0,United Kingdom
578927,20713,JUMBO BAG OWLS,3,11/27/2011 12:26,2.08,15747.0,United Kingdom
548666,22193,RED DINER WALL CLOCK,1,4/1/2011 14:58,8.5,13124.0,United Kingdom
537757,82483,WOOD 2 DRAWER CABINET WHITE FINISH,16,12/8/2010 11:38,4.95,17975.0,United Kingdom
569897,22722,SET OF 6 SPICE TINS PANTRY DESIGN,1,10/6/2011 16:01,3.95,17813.0,United Kingdom
577855,22286,DECORATION WOBBLY RABBIT METAL ,1,11/22/2011 11:18,0.39,15877.0,United Kingdom
576236,22274,FELTCRAFT DOLL EMILY,1,11/14/2011 13:31,2.95,13755.0,United Kingdom
554938,21975,PACK OF 60 DINOSAUR CAKE CASES,24,5/27/2011 13:34,0.55,12876.0,Belgium
567768,21928,JUMBO BAG SCANDINAVIAN BLUE PAISLEY,10,9/22/2011 11:17,2.08,15950.0,United Kingdom
578707,23114,VINTAGE LEAF CHOPPING BOARD  ,1,11/25/2011 11:20,4.95,17870.0,United Kingdom
537781,22759,SET OF 3 NOTEBOOKS IN PARCEL,1,12/8/2010 12:46,1.65,17341.0,United Kingdom
574671,35471D,SET OF 3 BIRD LIGHT PINK FEATHER ,5,11/6/2011 12:23,0.39,16744.0,United Kingdom
575755,23222,CHRISTMAS TREE HANGING GOLD,12,11/11/2011 10:45,0.83,17015.0,United Kingdom
572312,21484,CHICK GREY HOT WATER BOTTLE,1,10/23/2011 15:47,4.25,15022.0,United Kingdom
574544,23389,SPACEBOY MINI BACKPACK,4,11/4/2011 14:49,4.15,17084.0,United Kingdom
562892,21122,SET/10 PINK POLKADOT PARTY CANDLES,24,8/10/2011 12:24,1.25,16292.0,United Kingdom
579142,22975,SPACEBOY CHILDRENS EGG CUP,6,11/28/2011 13:06,1.25,16744.0,United Kingdom
546028,23006,TRAVEL CARD WALLET FLOWER MEADOW,24,3/9/2011 8:33,0.42,17049.0,United Kingdom
568593,23196,VINTAGE LEAF MAGNETIC NOTEPAD,12,9/28/2011 10:54,1.45,13988.0,United Kingdom
565067,22419,LIPSTICK PEN RED,5,8/31/2011 17:16,0.42,15856.0,United Kingdom
544042,82580,BATHROOM METAL SIGN,2,2/15/2011 11:52,0.55,14527.0,United Kingdom
570855,23225,CHERUB HEART DECORATION SILVER ,12,10/12/2011 14:56,0.83,17314.0,United Kingdom
552851,23170,REGENCY TEA PLATE ROSES ,48,5/11/2011 15:07,1.45,12731.0,France
577063,22866,HAND WARMER SCOTTY DOG DESIGN,12,11/17/2011 14:41,2.1,17183.0,United Kingdom
571502,84970L,SINGLE HEART ZINC T-LIGHT HOLDER,12,10/17/2011 15:18,1.25,14422.0,United Kingdom
537034,22314,OFFICE MUG WARMER CHOC+BLUE,6,12/3/2010 17:20,2.95,13081.0,United Kingdom
569228,22712,CARD DOLLY GIRL ,12,10/2/2011 14:47,0.42,15547.0,United Kingdom
C580966,22130,PARTY CONE CHRISTMAS DECORATION ,-1,12/6/2011 14:52,0.85,16554.0,United Kingdom
571461,72807B,SET/3 OCEAN SCENT CANDLE JEWEL BOX,1,10/17/2011 14:12,4.25,16932.0,United Kingdom
C554336,22431,WATERING CAN BLUE ELEPHANT,-1,5/23/2011 17:20,1.95,12474.0,Germany
568896,22886,NUMBER TILE VINTAGE FONT 7,2,9/29/2011 13:13,1.95,16361.0,United Kingdom
577485,23309,SET OF 60 I LOVE LONDON CAKE CASES ,2,11/20/2011 11:56,0.55,16360.0,United Kingdom
558195,85099B,JUMBO BAG RED RETROSPOT,10,6/27/2011 12:32,2.08,17735.0,United Kingdom
570675,22427,ENAMEL FLOWER JUG CREAM,3,10/11/2011 15:03,5.95,13690.0,United Kingdom
577951,23100,SILVER BELLS TABLE DECORATION,1,11/22/2011 12:09,1.25,17238.0,United Kingdom
569844,22745,POPPY'S PLAYHOUSE BEDROOM ,6,10/6/2011 13:30,2.1,12626.0,Germany
578244,23206,LUNCH BAG APPLE DESIGN,10,11/23/2011 12:36,1.65,15727.0,United Kingdom
537421,22187,GREEN CHRISTMAS TREE CARD HOLDER,1,12/6/2010 15:25,4.25,17218.0,United Kingdom
576062,22279,POCKET BAG BLUE PAISLEY RED SPOT,12,11/13/2011 15:30,1.25,12867.0,United Kingdom
545815,47590B,PINK HAPPY BIRTHDAY BUNTING,6,3/7/2011 12:26,5.45,14012.0,United Kingdom
570197,22510,GINGHAM BABUSHKA DOORSTOP,7,10/7/2011 15:45,3.75,13755.0,United Kingdom
554134,23280,FOLDING BUTTERFLY MIRROR HOT PINK ,24,5/23/2011 9:48,0.83,12583.0,France
541253,21733,RED HANGING HEART T-LIGHT HOLDER,2,1/16/2011 13:51,2.95,17841.0,United Kingdom
545468,22178,VICTORIAN GLASS HANGING T-LIGHT,12,3/3/2011 9:41,1.25,16571.0,United Kingdom
561068,84949,SILVER HANGING T-LIGHT HOLDER,12,7/24/2011 14:33,1.65,13116.0,United Kingdom
577806,22138,BAKING SET 9 PIECE RETROSPOT ,3,11/22/2011 8:20,4.95,12963.0,United Kingdom
570211,22573,STAR WOODEN CHRISTMAS DECORATION,1,10/9/2011 11:15,0.85,13558.0,United Kingdom
580539,22075,6 RIBBONS ELEGANT CHRISTMAS ,24,12/5/2011 8:39,0.39,18180.0,United Kingdom
549017,21843,RED RETROSPOT CAKE STAND,2,4/5/2011 15:20,10.95,15145.0,United Kingdom
556127,22652,TRAVEL SEWING KIT,10,6/9/2011 10:23,1.65,12406.0,Denmark
574657,23510,MINI PLAYING CARDS GYMKHANA,2,11/6/2011 11:43,0.42,13772.0,United Kingdom
548312,22917,HERB MARKER ROSEMARY,2,3/30/2011 12:12,0.65,16059.0,United Kingdom
556107,90204,PAIR OF ENAMEL BUTTERFLY HAIRCLIP,1,6/8/2011 17:09,3.35,17360.0,United Kingdom
573019,20983,12 PENCILS TALL TUBE RED RETROSPOT,12,10/27/2011 12:33,0.85,15145.0,United Kingdom
574678,22382,LUNCH BAG SPACEBOY DESIGN ,10,11/6/2011 12:36,1.65,13365.0,United Kingdom
580727,22488,NATURAL SLATE RECTANGLE CHALKBOARD,1,12/5/2011 17:17,3.29,14096.0,United Kingdom
575740,20750,RED RETROSPOT MINI CASES,2,11/11/2011 9:25,7.95,18130.0,United Kingdom
580632,35970,ZINC FOLKART SLEIGH BELLS,3,12/5/2011 12:16,1.69,16360.0,United Kingdom
575852,85036B,CHOCOLATE 1 WICK MORRIS BOX CANDLE,6,11/11/2011 12:17,1.25,17238.0,United Kingdom
575692,20975,12 PENCILS SMALL TUBE RED RETROSPOT,5,11/10/2011 16:27,0.65,12508.0,France
574738,23169,CLASSIC GLASS COOKIE JAR,1,11/6/2011 16:01,4.15,12748.0,United Kingdom
576099,21108,FAIRY CAKE FLANNEL ASSORTED COLOUR,18,11/14/2011 10:28,0.79,13021.0,United Kingdom
576406,16156S,WRAP PINK FAIRY CAKES ,25,11/15/2011 11:17,0.42,13692.0,United Kingdom
577700,21616,4 PEAR BOTANICAL DINNER CANDLES,3,11/21/2011 12:06,1.25,14449.0,United Kingdom
560209,21716,BOYS VINTAGE TIN SEASIDE BUCKET,2,7/15/2011 14:05,2.55,15004.0,United Kingdom
546830,21974,SET OF 36 PAISLEY FLOWER DOILIES,12,3/17/2011 12:10,1.45,16839.0,United Kingdom
557758,22233,JIGSAW RABBIT AND BIRDHOUSE,1,6/22/2011 13:28,0.59,17585.0,United Kingdom
541987,21446,12 RED ROSE PEG PLACE SETTINGS,2,1/24/2011 16:05,1.25,14130.0,United Kingdom
575965,22713,CARD I LOVE LONDON ,12,11/13/2011 12:32,0.42,13426.0,United Kingdom
558568,22846,BREAD BIN DINER STYLE RED ,1,6/30/2011 14:37,16.95,16316.0,United Kingdom
555399,22147,FELTCRAFT BUTTERFLY HEARTS,3,6/2/2011 17:41,1.45,15555.0,United Kingdom
579749,22644,CERAMIC CHERRY CAKE MONEY BANK,12,11/30/2011 14:41,1.45,13362.0,United Kingdom
561661,47343A,FUSCHIA FLOWER PURSE WITH BEADS,1,7/28/2011 16:21,0.83,12743.0,Unspecified
564846,23263,SET OF 3 WOODEN HEART DECORATIONS,12,8/30/2011 15:16,1.25,14507.0,United Kingdom
571883,21807,WHITE CHRISTMAS STAR DECORATION,1,10/19/2011 13:58,0.42,14704.0,United Kingdom
557861,21114,LAVENDER SCENTED FABRIC HEART,10,6/23/2011 12:13,1.25,13437.0,United Kingdom
C562022,22960,JAM MAKING SET WITH JARS,-2,8/1/2011 15:39,3.75,17389.0,United Kingdom
580727,22123,PING MICROWAVE APRON,2,12/5/2011 17:17,4.13,14096.0,United Kingdom
542107,84992,72 SWEETHEART FAIRY CAKE CASES,1,1/25/2011 13:38,0.55,16222.0,United Kingdom
568833,23103,JINGLE BELL HEART DECORATION,24,9/29/2011 11:39,1.65,17348.0,United Kingdom
556784,21678,PAISLEY PATTERN  STICKERS,6,6/14/2011 13:15,0.85,14461.0,United Kingdom
C543475,22244,3 HOOK HANGER MAGIC GARDEN,-1,2/8/2011 15:15,1.95,14415.0,United Kingdom
579267,22698,PINK REGENCY TEACUP AND SAUCER,6,11/29/2011 9:42,2.95,14961.0,United Kingdom
555931,23147,SINGLE ANTIQUE ROSE HOOK IVORY,12,6/8/2011 8:31,1.45,17828.0,Malta
541658,22753,SMALL YELLOW BABUSHKA NOTEBOOK ,3,1/20/2011 12:16,0.85,15529.0,United Kingdom
540187,84380,SET OF 3 BUTTERFLY COOKIE CUTTERS,12,1/5/2011 13:53,1.25,15358.0,United Kingdom
575194,20971,PINK BLUE FELT CRAFT TRINKET BOX,12,11/9/2011 9:38,1.25,16767.0,United Kingdom
576062,20975,12 PENCILS SMALL TUBE RED RETROSPOT,3,11/13/2011 15:30,0.65,12867.0,United Kingdom
573588,22195,LARGE HEART MEASURING SPOONS,12,10/31/2011 15:01,1.65,12588.0,Finland
580502,22422,TOOTHPASTE TUBE PEN,12,12/4/2011 13:15,0.12,16931.0,United Kingdom
574714,21790,VINTAGE SNAP CARDS,3,11/6/2011 14:29,0.85,15427.0,United Kingdom
569521,21163,DO NOT TOUCH MY STUFF DOOR HANGER ,1,10/4/2011 14:33,0.39,16474.0,United Kingdom
566451,23129,HEART SHAPED HOLLY WREATH,2,9/12/2011 16:14,4.15,18069.0,United Kingdom
564729,21977,PACK OF 60 PINK PAISLEY CAKE CASES,3,8/28/2011 12:44,0.55,13137.0,United Kingdom
576677,23581,JUMBO BAG PAISLEY PARK,6,11/16/2011 12:03,2.08,16393.0,United Kingdom
548616,21983,PACK OF 12 BLUE PAISLEY TISSUES ,24,4/1/2011 11:48,0.29,18263.0,United Kingdom
554073,22418,10 COLOUR SPACEBOY PEN,24,5/22/2011 11:26,0.85,17007.0,United Kingdom
545227,21932,SCANDINAVIAN PAISLEY PICNIC BAG,5,3/1/2011 9:35,2.95,12428.0,Finland
578016,22077,6 RIBBONS RUSTIC CHARM,6,11/22/2011 13:02,1.95,14506.0,United Kingdom
C567902,22382,LUNCH BAG SPACEBOY DESIGN ,-1,9/22/2011 16:29,1.65,15555.0,United Kingdom
553505,23080,RED METAL BOX TOP SECRET,2,5/17/2011 13:27,8.25,12949.0,United Kingdom
540907,20711,JUMBO BAG TOYS ,10,1/12/2011 11:52,1.95,13488.0,United Kingdom
537362,22630,DOLLY GIRL LUNCH BOX,1,12/6/2010 12:34,1.95,17596.0,United Kingdom
575846,22745,POPPY'S PLAYHOUSE BEDROOM ,2,11/11/2011 12:07,2.1,17364.0,United Kingdom
537176,22553,PLASTERS IN TIN SKULLS,4,12/5/2010 13:26,1.65,16411.0,United Kingdom
548655,22423,REGENCY CAKESTAND 3 TIER,1,4/1/2011 13:47,12.75,15605.0,United Kingdom
563555,23335,EGG FRYING PAN IVORY ,1,8/17/2011 13:21,2.08,16755.0,United Kingdom
568895,21901,"KEY FOB , BACK DOOR ",5,9/29/2011 13:11,0.65,15356.0,United Kingdom
568645,23108,SET OF 10 LED DOLLY LIGHTS,2,9/28/2011 11:38,6.25,12656.0,France
541241,21389,IVORY HANGING DECORATION  BIRD,4,1/16/2011 11:08,0.85,13782.0,United Kingdom
552269,22917,HERB MARKER ROSEMARY,1,5/8/2011 11:52,0.65,16121.0,United Kingdom
539728,85177,BASKET OF FLOWERS SEWING KIT,12,12/21/2010 14:26,0.85,16270.0,United Kingdom
543367,85049C,ROMANTIC PINKS RIBBONS ,12,2/7/2011 14:33,1.25,18225.0,United Kingdom
547805,22325,MOBILE VINTAGE HEARTS ,3,3/25/2011 13:35,4.95,13327.0,United Kingdom
547962,21843,RED RETROSPOT CAKE STAND,1,3/28/2011 15:38,10.95,12957.0,United Kingdom
544277,17038,PORCELAIN BUDAH INCENSE HOLDER,100,2/17/2011 11:58,0.1,13718.0,United Kingdom
567505,22617,BAKING SET SPACEBOY DESIGN,3,9/20/2011 14:34,4.95,12352.0,Norway
549056,22699,ROSES REGENCY TEACUP AND SAUCER ,4,4/6/2011 10:40,2.95,15917.0,United Kingdom
540458,22746,POPPY'S PLAYHOUSE LIVINGROOM ,6,1/7/2011 12:28,2.1,12501.0,Germany
558628,23290,SPACEBOY CHILDRENS BOWL,8,6/30/2011 17:59,1.25,12626.0,Germany
569714,21934,SKULL SHOULDER BAG,1,10/5/2011 17:28,1.65,18033.0,United Kingdom
543107,22261,FELT EGG COSY WHITE RABBIT ,12,2/3/2011 12:27,0.85,13800.0,United Kingdom
542591,84078A,SET/4 WHITE RETRO STORAGE CUBES ,3,1/28/2011 16:42,39.95,13089.0,United Kingdom
567184,23247,BISCUIT TIN 50'S CHRISTMAS,2,9/18/2011 15:41,2.89,16033.0,United Kingdom
567475,22352,LUNCH BOX WITH CUTLERY RETROSPOT ,1,9/20/2011 13:11,2.55,16360.0,United Kingdom
556879,22560,TRADITIONAL MODELLING CLAY,1,6/15/2011 12:07,1.25,16461.0,United Kingdom
551533,20674,GREEN POLKADOT BOWL,2,5/1/2011 14:58,1.25,15407.0,United Kingdom
557572,21499,BLUE POLKADOT WRAP,100,6/21/2011 10:55,0.42,15061.0,United Kingdom
578151,23495,SET OF 3 PANTRY WOODEN SPOONS,12,11/23/2011 11:18,1.25,16020.0,United Kingdom
542887,21931,JUMBO STORAGE BAG SUKI,20,2/1/2011 13:10,1.95,12373.0,Austria
C557648,22197,POPCORN HOLDER,-3,6/21/2011 17:14,0.72,17677.0,United Kingdom
562688,22210,WOOD STAMP SET BEST WISHES,4,8/8/2011 13:53,0.83,13869.0,United Kingdom
554096,21747,SMALL SKULL WINDMILL,24,5/22/2011 12:51,1.25,14921.0,United Kingdom
578926,22940,FELTCRAFT CHRISTMAS FAIRY,1,11/27/2011 12:24,4.25,18156.0,United Kingdom
568165,85123A,WHITE HANGING HEART T-LIGHT HOLDER,6,9/25/2011 12:42,2.95,17131.0,United Kingdom
578707,84510A,SET OF 4 ENGLISH ROSE COASTERS,2,11/25/2011 11:20,1.25,17870.0,United Kingdom
567912,23322,LARGE WHITE HEART OF WICKER,1,9/22/2011 17:07,2.95,15555.0,United Kingdom
554917,22855,FINE WICKER HEART ,12,5/27/2011 12:29,1.25,15104.0,United Kingdom
574677,22798,ANTIQUE GLASS DRESSING TABLE POT,2,11/6/2011 12:32,2.95,16445.0,United Kingdom
575324,21533,RETROSPOT LARGE MILK JUG,9,11/9/2011 13:45,4.95,14240.0,United Kingdom
546678,22312,OFFICE MUG WARMER POLKADOT,6,3/15/2011 16:39,2.95,12681.0,France
545701,22633,HAND WARMER UNION JACK,4,3/6/2011 15:17,2.1,17107.0,United Kingdom
561025,22412,METAL SIGN NEIGHBOURHOOD WITCH ,1,7/24/2011 10:37,2.1,16241.0,United Kingdom
547772,84916,HAND TOWEL PALE BLUE W FLOWERS,2,3/25/2011 11:34,5.95,17979.0,United Kingdom
547920,84978,HANGING HEART JAR T-LIGHT HOLDER,3,3/28/2011 12:52,1.25,14730.0,United Kingdom
539044,22878,NUMBER TILE COTTAGE GARDEN No,10,12/15/2010 15:47,2.1,15727.0,United Kingdom
580974,21507,ELEPHANT BIRTHDAY CARD ,12,12/6/2011 15:17,0.42,14293.0,United Kingdom
536846,22502,PICNIC BASKET WICKER SMALL,1,12/2/2010 19:59,5.95,14573.0,United Kingdom
564342,22570,FELTCRAFT CUSHION RABBIT,1,8/24/2011 14:53,3.75,16340.0,United Kingdom
561713,22966,GINGERBREAD MAN COOKIE CUTTER,78,7/29/2011 11:56,1.25,12901.0,United Kingdom
542617,85035A,GARDENIA 3 WICK MORRIS BOXED CANDLE,1,1/30/2011 15:48,4.25,17463.0,United Kingdom
546531,22270,HAPPY EASTER HANGING DECORATION,4,3/14/2011 13:35,3.75,15738.0,United Kingdom
548868,22509,SEWING BOX RETROSPOT DESIGN ,1,4/4/2011 14:28,16.95,13015.0,United Kingdom
568589,21428,SET3 BOOK BOX GREEN GINGHAM FLOWER ,4,9/28/2011 10:27,4.25,17405.0,United Kingdom
569327,22548,HEADS AND TAILS SPORTING FUN,12,10/3/2011 12:47,1.25,15091.0,United Kingdom
567526,22625,RED KITCHEN SCALES,48,9/21/2011 9:06,7.65,12435.0,Denmark
567853,22970,LONDON BUS COFFEE MUG,6,9/22/2011 13:31,2.55,15484.0,United Kingdom
564355,47566,PARTY BUNTING,4,8/24/2011 15:12,4.95,13507.0,United Kingdom
568301,21232,STRAWBERRY CERAMIC TRINKET BOX,1,9/26/2011 12:45,1.25,16383.0,United Kingdom
573380,23329,DECORATIVE WICKER HEART LARGE,2,10/30/2011 14:04,1.65,14572.0,United Kingdom
563730,22297,HEART IVORY TRELLIS SMALL,24,8/18/2011 17:43,1.25,14221.0,United Kingdom
566213,22086,PAPER CHAIN KIT 50'S CHRISTMAS ,18,9/9/2011 15:09,2.95,14895.0,United Kingdom
560239,21442,GREEN BIRDHOUSE DECORATION,12,7/17/2011 11:50,0.85,13507.0,United Kingdom
567166,82582,AREA PATROLLED METAL SIGN,12,9/18/2011 12:15,2.1,13078.0,United Kingdom
540839,22241,GARLAND WOODEN HAPPY EASTER,3,1/11/2011 15:42,1.25,16791.0,United Kingdom
547063,82578,KITCHEN METAL SIGN,2,3/20/2011 13:33,0.55,14769.0,United Kingdom
550785,17084J,LOVE POTION MASALA INCENSE,25,4/20/2011 14:02,0.21,15517.0,United Kingdom
538473,85152,HAND OVER THE CHOCOLATE   SIGN ,4,12/12/2010 12:35,2.1,13668.0,United Kingdom
550152,22302,COFFEE MUG PEARS  DESIGN,4,4/14/2011 14:43,2.55,17362.0,United Kingdom
572893,22252,BIRDCAGE DECORATION TEALIGHT HOLDER,12,10/26/2011 14:36,1.25,18059.0,United Kingdom
577025,21098,CHRISTMAS TOILET ROLL,12,11/17/2011 12:54,1.25,16161.0,United Kingdom
555851,22907,PACK OF 20 NAPKINS PANTRY DESIGN,2,6/7/2011 13:37,0.85,13050.0,United Kingdom
546563,22911,PAPER CHAIN KIT LONDON,6,3/15/2011 10:49,2.95,15047.0,United Kingdom
578757,21429,RED GINGHAM ROSE JEWELLERY BOX,2,11/25/2011 11:41,1.95,12748.0,United Kingdom
578289,85053,FRENCH ENAMEL CANDLEHOLDER,4,11/23/2011 14:07,2.1,17841.0,United Kingdom
C578832,21972,SET OF 36 DINOSAUR PAPER DOILIES,-1,11/25/2011 15:18,1.45,13069.0,United Kingdom
577052,22372,AIRLINE BAG VINTAGE WORLD CHAMPION ,1,11/17/2011 14:08,4.25,17397.0,United Kingdom
551289,21746,SMALL RED RETROSPOT WINDMILL,96,4/27/2011 14:18,1.06,18226.0,United Kingdom
559552,22531,MAGIC DRAWING SLATE CIRCUS PARADE  ,2,7/10/2011 16:29,0.42,16014.0,United Kingdom
541784,22721,SET OF 3 CAKE TINS SKETCHBOOK,4,1/21/2011 12:37,4.95,17277.0,United Kingdom
563844,84600,NEW BAROQUE JEWELLERY BOX ,2,8/19/2011 14:04,7.95,17725.0,United Kingdom
566282,22158,3 HEARTS HANGING DECORATION RUSTIC,24,9/11/2011 14:29,2.95,15782.0,United Kingdom
567878,23197,SKETCHBOOK MAGNETIC SHOPPING LIST,2,9/22/2011 14:42,1.45,16910.0,United Kingdom
575756,23322,LARGE WHITE HEART OF WICKER,1,11/11/2011 10:48,2.95,18118.0,United Kingdom
545231,22969,HOMEMADE JAM SCENTED CANDLES,12,3/1/2011 10:08,1.45,15194.0,United Kingdom
569367,22119,PEACE WOODEN BLOCK LETTERS,1,10/3/2011 15:28,6.95,13994.0,United Kingdom
580727,21791,VINTAGE HEADS AND TAILS CARD GAME ,1,12/5/2011 17:17,2.46,14096.0,United Kingdom
539049,20719,WOODLAND CHARLOTTE BAG,10,12/15/2010 16:21,0.85,15615.0,United Kingdom
541524,22934,BAKING MOULD EASTER EGG WHITE CHOC,6,1/19/2011 10:49,2.95,17091.0,United Kingdom
563328,82578,KITCHEN METAL SIGN,1,8/15/2011 13:07,0.55,14606.0,United Kingdom
558470,21428,SET3 BOOK BOX GREEN GINGHAM FLOWER ,4,6/29/2011 15:33,4.25,16801.0,United Kingdom
547496,21326,AGED GLASS SILVER T-LIGHT HOLDER,12,3/23/2011 12:13,0.65,18075.0,United Kingdom
568176,85015,SET OF 12  VINTAGE POSTCARD SET,24,9/25/2011 13:25,0.65,12685.0,France
578270,22614,PACK OF 12 SPACEBOY TISSUES,1,11/23/2011 13:39,0.83,14096.0,United Kingdom
566631,23240,SET OF 4 KNICK KNACK TINS DOILEY ,6,9/14/2011 10:34,4.15,15622.0,United Kingdom
540399,84792,ENCHANTED BIRD COATHANGER 5 HOOK,2,1/7/2011 9:23,4.65,14047.0,United Kingdom
550831,21955,DOORMAT UNION JACK GUNS AND ROSES,2,4/21/2011 10:29,7.95,13534.0,United Kingdom
563924,21916,SET 12 RETRO WHITE CHALK STICKS,4,8/21/2011 14:32,0.42,15984.0,United Kingdom
561694,22558,CLOTHES PEGS RETROSPOT PACK 24 ,12,7/29/2011 9:57,1.65,16147.0,United Kingdom
548698,22217,T-LIGHT HOLDER HANGING LACE,3,4/3/2011 10:55,1.25,18109.0,United Kingdom
574898,22382,LUNCH BAG SPACEBOY DESIGN ,20,11/7/2011 15:07,1.65,16242.0,United Kingdom
569423,22791,T-LIGHT GLASS FLUTED ANTIQUE,12,10/4/2011 10:42,1.25,16882.0,United Kingdom
575583,23300,GARDENERS KNEELING PAD CUP OF TEA ,1,11/10/2011 11:55,1.65,14456.0,United Kingdom
556415,85099B,JUMBO BAG RED RETROSPOT,50,6/10/2011 12:19,2.08,12409.0,Switzerland
571105,23398,HANGING HEART BONHEUR,2,10/13/2011 16:01,0.85,17614.0,United Kingdom
C549824,22698,PINK REGENCY TEACUP AND SAUCER,-1,4/12/2011 12:43,2.95,15189.0,United Kingdom
555547,POST,POSTAGE,4,6/5/2011 13:13,18.0,12681.0,France
578266,21165,BEWARE OF THE CAT METAL SIGN ,1,11/23/2011 13:34,1.69,12748.0,United Kingdom
567097,21484,CHICK GREY HOT WATER BOTTLE,4,9/16/2011 13:23,4.25,13323.0,United Kingdom
562558,22352,LUNCH BOX WITH CUTLERY RETROSPOT ,2,8/5/2011 16:43,2.55,13451.0,United Kingdom
579089,23154,SET OF 4 JAM JAR MAGNETS,2,11/28/2011 10:46,2.08,17920.0,United Kingdom
577155,84596F,SMALL MARSHMALLOWS PINK BOWL,16,11/18/2011 9:56,0.42,13050.0,United Kingdom
573576,22138,BAKING SET 9 PIECE RETROSPOT ,4,10/31/2011 14:09,10.79,14096.0,United Kingdom
540954,85129C,BEADED CRYSTAL HEART BLUE SMALL,5,1/12/2011 13:19,1.25,14606.0,United Kingdom
542401,22560,TRADITIONAL MODELLING CLAY,12,1/27/2011 15:51,1.25,14541.0,United Kingdom
576592,23301,GARDENERS KNEELING PAD KEEP CALM ,2,11/15/2011 14:47,1.65,13614.0,United Kingdom
566016,22729,ALARM CLOCK BAKELIKE ORANGE,4,9/8/2011 12:20,3.75,15144.0,United Kingdom
569220,21975,PACK OF 60 DINOSAUR CAKE CASES,2,10/2/2011 13:26,0.55,16007.0,United Kingdom
551194,21713,CITRONELLA CANDLE FLOWERPOT,4,4/27/2011 11:12,2.1,14606.0,United Kingdom
554487,21866,UNION JACK FLAG LUGGAGE TAG,1,5/24/2011 13:27,1.25,16919.0,United Kingdom
569735,POST,POSTAGE,2,10/6/2011 10:34,15.0,14646.0,Netherlands
556247,22149,FELTCRAFT 6 FLOWER FRIENDS,15,6/9/2011 16:16,2.1,15058.0,United Kingdom
569692,84755,COLOUR GLASS T-LIGHT HOLDER HANGING,16,10/5/2011 15:17,0.65,14389.0,United Kingdom
542891,82494L,WOODEN FRAME ANTIQUE WHITE ,48,2/1/2011 13:26,2.55,16705.0,United Kingdom
565491,23318,BOX OF 6 MINI VINTAGE CRACKERS,48,9/5/2011 11:41,2.08,13881.0,United Kingdom
548337,22722,SET OF 6 SPICE TINS PANTRY DESIGN,2,3/30/2011 14:06,3.95,18198.0,United Kingdom
580880,23310,BUBBLEGUM RING ASSORTED,36,12/6/2011 12:19,0.42,14121.0,United Kingdom
555158,22697,GREEN REGENCY TEACUP AND SAUCER,6,6/1/2011 8:38,2.95,14842.0,United Kingdom
537825,20723,STRAWBERRY CHARLOTTE BAG,10,12/8/2010 14:36,0.85,15005.0,United Kingdom
566427,22667,RECIPE BOX RETROSPOT ,1,9/12/2011 14:24,2.95,17433.0,United Kingdom
566539,22998,TRAVEL CARD WALLET KEEP CALM,8,9/13/2011 11:34,0.42,17228.0,United Kingdom
541648,84509C,SET OF 4 POLKADOT PLACEMATS ,2,1/20/2011 11:15,3.75,17811.0,United Kingdom
579122,22593,CHRISTMAS GINGHAM STAR,48,11/28/2011 12:05,0.85,12971.0,United Kingdom
581168,22313,OFFICE MUG WARMER PINK,12,12/7/2011 14:52,1.25,16779.0,United Kingdom
C540393,71477,COLOUR GLASS. STAR T-LIGHT HOLDER,-1,1/6/2011 18:08,3.25,17428.0,United Kingdom
546856,22525,CHILDRENS GARDEN GLOVES PINK,10,3/17/2011 14:12,1.25,15433.0,United Kingdom
539294,21110,LARGE CAKE TOWEL PINK SPOTS,1,12/16/2010 16:45,6.75,15532.0,United Kingdom
578020,21592,RETROSPOT CIGAR BOX MATCHES ,1,11/22/2011 13:20,1.25,16979.0,United Kingdom
537754,47567B,TEA TIME KITCHEN APRON,1,12/8/2010 11:16,5.95,16081.0,United Kingdom
559668,22908,PACK OF 20 NAPKINS RED APPLES,12,7/11/2011 13:40,0.85,13394.0,United Kingdom
544809,21621,VINTAGE UNION JACK BUNTING,1,2/23/2011 15:41,8.5,16692.0,United Kingdom
580396,21109,LARGE CAKE TOWEL CHOCOLATE SPOTS,1,12/4/2011 11:00,1.95,13838.0,United Kingdom
569136,23184,BULL DOG BOTTLE OPENER,1,9/30/2011 14:41,4.95,15834.0,United Kingdom
554362,21930,JUMBO STORAGE BAG SKULLS,10,5/24/2011 10:17,2.08,17811.0,United Kingdom
565473,23200,JUMBO BAG PEARS,10,9/5/2011 10:27,2.08,16717.0,United Kingdom
552108,21975,PACK OF 60 DINOSAUR CAKE CASES,1,5/6/2011 11:36,0.55,17841.0,United Kingdom
559133,23009,I LOVE LONDON BABY GIFT SET,1,7/6/2011 13:13,16.95,17861.0,United Kingdom
579399,85071A,BLUE CHARLIE+LOLA PERSONAL DOORSIGN,1,11/29/2011 12:09,0.39,13137.0,United Kingdom
577740,22865,HAND WARMER OWL DESIGN,3,11/21/2011 13:36,2.1,17625.0,United Kingdom
572755,23189,SET OF 12 FORK CANDLES,1,10/25/2011 17:31,2.89,13601.0,United Kingdom
541122,16161P,WRAP ENGLISH ROSE ,25,1/14/2011 9:23,0.42,12708.0,Germany
574589,22890,NOVELTY BISCUITS CAKE STAND 3 TIER,1,11/6/2011 10:33,9.95,15017.0,United Kingdom
563572,22564,ALPHABET STENCIL CRAFT,3,8/17/2011 15:00,1.25,16734.0,United Kingdom
580873,23293,SET OF 12 FAIRY CAKE BAKING CASES,256,12/6/2011 12:06,0.72,15061.0,United Kingdom
578305,85014B,RED RETROSPOT UMBRELLA,15,11/23/2011 15:44,4.95,14088.0,United Kingdom
562928,23077,DOUGHNUT LIP GLOSS ,20,8/10/2011 15:29,1.25,15494.0,United Kingdom
563377,23254,CHILDRENS CUTLERY DOLLY GIRL ,3,8/16/2011 10:44,4.15,15002.0,United Kingdom
570410,21394,RED POLKADOT BEAKER ,6,10/10/2011 13:04,0.39,16776.0,United Kingdom
567462,23349,ROLL WRAP VINTAGE CHRISTMAS,2,9/20/2011 12:35,1.25,14446.0,United Kingdom
572767,22998,TRAVEL CARD WALLET KEEP CALM,48,10/26/2011 10:11,0.42,17865.0,United Kingdom
581193,22644,CERAMIC CHERRY CAKE MONEY BANK,1,12/7/2011 17:05,0.39,17097.0,Spain
543111,85123A,WHITE HANGING HEART T-LIGHT HOLDER,2,2/3/2011 12:44,2.95,15719.0,United Kingdom
536609,21071,VINTAGE BILLBOARD DRINK ME MUG,6,12/2/2010 9:41,1.06,17850.0,United Kingdom
577545,21868,POTTING SHED TEA MUG,3,11/20/2011 14:43,1.65,16931.0,United Kingdom
575602,23436,VINTAGE CHRISTMAS GIFT BAG LARGE ,20,11/10/2011 12:27,1.25,17059.0,United Kingdom
539459,21137,BLACK RECORD COVER FRAME,11,12/17/2010 17:33,3.75,12839.0,United Kingdom
563498,85049C,ROMANTIC PINKS RIBBONS ,12,8/16/2011 16:17,1.25,17719.0,United Kingdom
553229,21239,PINK  POLKADOT CUP,8,5/16/2011 10:50,0.85,15039.0,United Kingdom
570839,37479P,CUBIC MUG FLOCK PINK ON BROWN,6,10/12/2011 14:08,0.39,14911.0,EIRE
576857,21832,CHOCOLATE CALCULATOR,1,11/16/2011 15:52,1.65,12748.0,United Kingdom
559928,23109,LED TEA LIGHTS,12,7/14/2011 8:52,2.89,12405.0,Finland
561043,85123A,WHITE HANGING HEART T-LIGHT HOLDER,20,7/24/2011 12:20,2.95,15708.0,United Kingdom
536532,22962,JAM JAR WITH PINK LID,12,12/1/2010 13:24,0.85,12433.0,Norway
565088,21232,STRAWBERRY CERAMIC TRINKET BOX,12,9/1/2011 10:11,1.25,16145.0,United Kingdom
576593,22809,SET OF 6 T-LIGHTS SANTA,1,11/15/2011 14:48,2.95,15720.0,United Kingdom
536796,21430,SET/3 RED GINGHAM ROSE STORAGE BOX,2,12/2/2010 15:46,3.75,15574.0,United Kingdom
551958,22683,FRENCH BLUE METAL DOOR SIGN 8,10,5/5/2011 12:37,1.25,13883.0,United Kingdom
561678,22252,BIRDCAGE DECORATION TEALIGHT HOLDER,66,7/28/2011 18:33,1.06,17931.0,United Kingdom
572521,22593,CHRISTMAS GINGHAM STAR,12,10/24/2011 15:19,0.85,15844.0,United Kingdom
575866,23084,RABBIT NIGHT LIGHT,96,11/11/2011 12:41,1.79,16107.0,United Kingdom
554083,20969,RED FLORAL FELTCRAFT SHOULDER BAG,2,5/22/2011 11:51,3.75,18125.0,United Kingdom
C567689,85048,15CM CHRISTMAS GLASS BALL 20 LIGHTS,-1,9/21/2011 16:49,6.95,17434.0,United Kingdom
544484,85152,HAND OVER THE CHOCOLATE   SIGN ,12,2/21/2011 11:10,2.1,15321.0,United Kingdom
581164,21592,RETROSPOT CIGAR BOX MATCHES ,9,12/7/2011 14:34,0.39,14395.0,United Kingdom
577669,23166,MEDIUM CERAMIC TOP STORAGE JAR,96,11/21/2011 10:48,1.04,15567.0,United Kingdom
559017,22576,SWALLOW WOODEN CHRISTMAS DECORATION,48,7/5/2011 13:06,0.85,14034.0,United Kingdom
580162,21584,RETROSPOT SMALL TUBE MATCHES,1,12/2/2011 10:52,1.65,12856.0,United Kingdom
566967,22141,CHRISTMAS CRAFT TREE TOP ANGEL,6,9/15/2011 18:05,2.1,16746.0,United Kingdom
572028,23209,LUNCH BAG VINTAGE DOILY ,10,10/20/2011 11:47,1.65,15296.0,United Kingdom
556681,22384,LUNCH BAG PINK POLKADOT,10,6/14/2011 9:41,1.65,12826.0,United Kingdom
561331,84991,60 TEATIME FAIRY CAKE CASES,5,7/26/2011 14:24,0.55,16809.0,United Kingdom
576842,23084,RABBIT NIGHT LIGHT,24,11/16/2011 15:31,1.79,13599.0,United Kingdom
573167,21824,PAINTED METAL STAR WITH HOLLY BELLS,48,10/28/2011 9:29,0.39,18287.0,United Kingdom
553199,15044B,BLUE PAPER PARASOL ,1,5/15/2011 15:13,2.95,17758.0,United Kingdom
552273,22727,ALARM CLOCK BAKELIKE RED ,4,5/8/2011 12:26,3.75,13021.0,United Kingdom
558812,23168,CLASSIC CAFE SUGAR DISPENSER,12,7/4/2011 11:35,1.25,16265.0,United Kingdom
537136,71477,COLOUR GLASS. STAR T-LIGHT HOLDER,3,12/5/2010 12:42,3.25,12748.0,United Kingdom
560602,22557,PLASTERS IN TIN VINTAGE PAISLEY ,12,7/20/2011 8:48,1.65,13629.0,United Kingdom
578187,21373,MIRRORED WALL ART SNOWFLAKES,24,11/23/2011 11:40,0.75,14336.0,United Kingdom
568908,22417,PACK OF 60 SPACEBOY CAKE CASES,24,9/29/2011 13:38,0.55,16653.0,United Kingdom
542990,20685,DOORMAT RED RETROSPOT,2,2/2/2011 11:43,7.95,13468.0,United Kingdom
573262,23313,VINTAGE CHRISTMAS BUNTING,5,10/28/2011 12:33,4.95,16851.0,United Kingdom
547839,85123A,WHITE HANGING HEART T-LIGHT HOLDER,32,3/27/2011 10:54,2.55,12916.0,United Kingdom
578362,22187,GREEN CHRISTMAS TREE CARD HOLDER,24,11/24/2011 10:39,1.95,12913.0,United Kingdom
562928,84755,COLOUR GLASS T-LIGHT HOLDER HANGING,8,8/10/2011 15:29,0.65,15494.0,United Kingdom
572885,84347,ROTATING SILVER ANGELS T-LIGHT HLDR,1,10/26/2011 13:45,2.55,15311.0,United Kingdom
559549,21636,MADRAS NOTEBOOK MEDIUM,2,7/10/2011 15:25,0.75,13230.0,United Kingdom
567425,22865,HAND WARMER OWL DESIGN,96,9/20/2011 11:32,1.85,13767.0,United Kingdom
571913,22625,RED KITCHEN SCALES,2,10/19/2011 15:29,8.5,18210.0,United Kingdom
564378,23209,LUNCH BAG VINTAGE DOILY ,10,8/25/2011 10:26,1.65,12417.0,Belgium
546658,22896,PEG BAG APPLES DESIGN,6,3/15/2011 14:21,2.55,15150.0,United Kingdom
538744,22469,HEART OF WICKER SMALL,1,12/14/2010 11:26,1.65,15356.0,United Kingdom
577742,22634,CHILDS BREAKFAST SET SPACEBOY ,1,11/21/2011 13:41,9.95,13755.0,United Kingdom
559711,84997B,CHILDRENS CUTLERY RETROSPOT RED ,4,7/12/2011 10:46,4.15,13590.0,United Kingdom
571431,23344,JUMBO BAG 50'S CHRISTMAS ,100,10/17/2011 12:52,1.79,13881.0,United Kingdom
557285,21094,SET/6 RED SPOTTY PAPER PLATES,5,6/19/2011 12:31,0.85,15046.0,United Kingdom
559641,35972,DAISY FOLKART HEART DECORATION,6,7/11/2011 12:31,1.25,13184.0,United Kingdom
569025,22367,CHILDRENS APRON SPACEBOY DESIGN,10,9/30/2011 10:08,1.95,18041.0,United Kingdom
568164,23434,3 RAFFIA RIBBONS 50'S CHRISTMAS ,20,9/25/2011 12:39,0.79,14561.0,United Kingdom
578921,23241,TREASURE TIN GYMKHANA DESIGN,2,11/27/2011 11:57,2.08,13596.0,United Kingdom
546119,22619,SET OF 6 SOLDIER SKITTLES,4,3/9/2011 14:22,3.75,16945.0,United Kingdom
546760,22138,BAKING SET 9 PIECE RETROSPOT ,3,3/16/2011 14:00,4.95,12597.0,Spain
537126,21238,RED RETROSPOT CUP,1,12/5/2010 12:13,0.85,18118.0,United Kingdom
540353,22193,RED DINER WALL CLOCK,1,1/6/2011 14:53,8.5,13764.0,United Kingdom
579666,21181,PLEASE ONE PERSON METAL SIGN,12,11/30/2011 12:31,2.1,14893.0,United Kingdom
566929,23355,HOT WATER BOTTLE KEEP CALM,24,9/15/2011 15:21,4.15,17428.0,United Kingdom
580865,21065,BOOM BOX SPEAKER GIRLS,1,12/6/2011 11:58,1.25,17914.0,United Kingdom
547962,22434,BALLOON PUMP WITH 10 BALLOONS,8,3/28/2011 15:38,1.95,12957.0,United Kingdom
548718,21181,PLEASE ONE PERSON METAL SIGN,144,4/4/2011 8:50,1.85,14156.0,EIRE
547885,21714,CITRONELLA CANDLE GARDEN POT,12,3/28/2011 9:16,1.25,17314.0,United Kingdom
565971,21169,YOU'RE CONFUSING ME METAL SIGN ,1,9/8/2011 11:27,1.69,13571.0,United Kingdom
568593,22720,SET OF 3 CAKE TINS PANTRY DESIGN ,3,9/28/2011 10:54,4.95,13988.0,United Kingdom
543911,47590B,PINK HAPPY BIRTHDAY BUNTING,12,2/14/2011 12:46,5.45,17829.0,United Arab Emirates
561537,23052,RECYCLED ACAPULCO MAT TURQUOISE,2,7/28/2011 9:58,8.25,13870.0,United Kingdom
C550966,22841,ROUND CAKE TIN VINTAGE GREEN,-1,4/21/2011 16:57,7.95,17663.0,United Kingdom
562466,84832,ZINC WILLIE WINKIE  CANDLE STICK,48,8/5/2011 11:49,0.85,13435.0,United Kingdom
576907,22593,CHRISTMAS GINGHAM STAR,24,11/17/2011 9:34,0.85,12610.0,Italy
551305,22084,PAPER CHAIN KIT EMPIRE,6,4/27/2011 14:58,2.95,16145.0,United Kingdom
576339,21154,RED RETROSPOT OVEN GLOVE ,3,11/14/2011 15:27,2.46,14096.0,United Kingdom
578305,22169,FAMILY ALBUM WHITE PICTURE FRAME,16,11/23/2011 15:44,7.65,14088.0,United Kingdom
570423,22750,FELTCRAFT PRINCESS LOLA DOLL,2,10/10/2011 13:38,3.75,14451.0,United Kingdom
543812,21061,PARTY INVITES FOOTBALL,2,2/13/2011 14:40,0.85,17472.0,United Kingdom
562789,23286,BLUE VINTAGE SPOT BEAKER,96,8/9/2011 13:50,0.72,14646.0,Netherlands
C562795,23235,STORAGE TIN VINTAGE LEAF,-1,8/9/2011 14:23,2.89,13709.0,United Kingdom
574063,85094,CANDY SPOT EGG WARMER RABBIT,1,11/2/2011 14:31,0.19,13271.0,United Kingdom
554098,22695,WICKER WREATH SMALL,3,5/22/2011 13:01,1.45,14769.0,United Kingdom
537646,22193,RED DINER WALL CLOCK,1,12/7/2010 15:39,8.5,17591.0,United Kingdom
576217,22604,SET OF 4 NAPKIN CHARMS CUTLERY,1,11/14/2011 12:56,2.55,17081.0,United Kingdom
C561589,22960,JAM MAKING SET WITH JARS,-1,7/28/2011 10:57,4.25,16133.0,United Kingdom
579102,22754,SMALL RED BABUSHKA NOTEBOOK ,12,11/28/2011 11:33,0.85,14911.0,EIRE
566571,22666,RECIPE BOX PANTRY YELLOW DESIGN,6,9/13/2011 12:49,2.95,17037.0,United Kingdom
550361,22178,VICTORIAN GLASS HANGING T-LIGHT,96,4/18/2011 11:10,1.06,13082.0,United Kingdom
553485,23056,FLOWERS CHANDELIER T-LIGHT HOLDER,1,5/17/2011 12:25,6.25,13208.0,United Kingdom
568491,22993,SET OF 4 PANTRY JELLY MOULDS,3,9/27/2011 11:58,1.25,15443.0,United Kingdom
576911,23126,FELTCRAFT GIRL AMELIE KIT,1,11/17/2011 10:01,4.95,17461.0,United Kingdom
540979,84828,JUNGLE POPSICLES ICE LOLLY HOLDERS,12,1/12/2011 15:06,1.25,15727.0,United Kingdom
541281,22766,PHOTO FRAME CORNICE,1,1/17/2011 11:59,2.95,17988.0,United Kingdom
572552,22446,PIN CUSHION BABUSHKA PINK,1,10/24/2011 17:07,2.46,14096.0,United Kingdom
537376,16156S,WRAP PINK FAIRY CAKES ,25,12/6/2010 12:59,0.42,16722.0,United Kingdom
538327,22086,PAPER CHAIN KIT 50'S CHRISTMAS ,1,12/10/2010 13:58,2.95,15514.0,United Kingdom
572312,84031A,CHARLIE+LOLA RED HOT WATER BOTTLE ,1,10/23/2011 15:47,4.65,15022.0,United Kingdom
578266,21980,PACK OF 12 RED RETROSPOT TISSUES ,1,11/23/2011 13:34,0.39,12748.0,United Kingdom
578921,84992,72 SWEETHEART FAIRY CAKE CASES,1,11/27/2011 11:57,0.55,13596.0,United Kingdom
571129,C2,CARRIAGE,1,10/14/2011 10:03,50.0,14156.0,EIRE
546378,22287,"DECORATION , WOBBLY CHICKEN, METAL ",12,3/11/2011 12:17,1.65,14329.0,United Kingdom
571183,22417,PACK OF 60 SPACEBOY CAKE CASES,2,10/14/2011 11:08,0.55,14796.0,United Kingdom
577126,84558A,3D DOG PICTURE PLAYING CARDS,12,11/17/2011 19:22,2.95,12406.0,Denmark
552298,22301,COFFEE MUG CAT + BIRD DESIGN,6,5/8/2011 14:18,2.55,14507.0,United Kingdom
573336,85035C,ROSE 3 WICK MORRIS BOX CANDLE,12,10/30/2011 11:37,1.25,17372.0,United Kingdom
548912,22784,LANTERN CREAM GAZEBO ,12,4/5/2011 9:32,4.25,16586.0,United Kingdom
552197,84077,WORLD WAR 2 GLIDERS ASSTD DESIGNS,96,5/6/2011 14:32,0.29,13743.0,United Kingdom
577022,23400,SHELF WITH 4 HOOKS HOME SWEET HOME,2,11/17/2011 12:42,6.25,13668.0,United Kingdom
567873,22652,TRAVEL SEWING KIT,10,9/22/2011 14:25,1.65,13055.0,United Kingdom
578307,22949,SET OF 36 DOLLY GIRL PAPER DOILIES,3,11/23/2011 15:53,1.45,17290.0,United Kingdom
576081,21373,MIRRORED WALL ART SNOWFLAKES,12,11/14/2011 8:16,0.75,15203.0,United Kingdom
545188,22970,LONDON BUS COFFEE MUG,6,2/28/2011 15:19,2.55,14056.0,United Kingdom
579939,84949,SILVER HANGING T-LIGHT HOLDER,72,12/1/2011 10:18,1.45,15101.0,United Kingdom
C552212,23126,FELTCRAFT GIRL AMELIE KIT,-1,5/6/2011 15:08,4.95,17422.0,United Kingdom
576857,21896,POTTING SHED TWINE,1,11/16/2011 15:52,2.1,12748.0,United Kingdom
567183,23184,BULL DOG BOTTLE OPENER,2,9/18/2011 15:32,4.95,14769.0,United Kingdom
564061,20828,GLITTER BUTTERFLY CLIPS,3,8/22/2011 14:38,2.55,14505.0,United Kingdom
548991,21754,HOME BUILDING BLOCK WORD,2,4/5/2011 13:48,5.95,16915.0,United Kingdom
558877,22309,TEA COSY RED  STRIPE,1,7/4/2011 13:50,2.55,17841.0,United Kingdom
569246,22086,PAPER CHAIN KIT 50'S CHRISTMAS ,3,10/3/2011 9:57,5.79,14096.0,United Kingdom
580127,71053,WHITE MOROCCAN METAL LANTERN,4,12/1/2011 17:51,3.75,14911.0,EIRE
550946,POST,POSTAGE,1,4/21/2011 15:52,18.0,12708.0,Germany
565649,21466,RED FLOWER CROCHET FOOD COVER,2,9/5/2011 16:27,3.75,16712.0,United Kingdom
555522,23166,MEDIUM CERAMIC TOP STORAGE JAR,24,6/5/2011 11:29,1.25,15796.0,United Kingdom
568801,21165,BEWARE OF THE CAT METAL SIGN ,12,9/29/2011 10:46,1.69,14475.0,United Kingdom
550332,22062,CERAMIC BOWL WITH LOVE HEART DESIGN,4,4/17/2011 13:53,0.83,13474.0,United Kingdom
581405,21984,PACK OF 12 PINK PAISLEY TISSUES ,1,12/8/2011 13:50,0.39,13521.0,United Kingdom
546498,72232,FENG SHUI PILLAR CANDLE,9,3/14/2011 11:44,0.19,15493.0,United Kingdom
570703,84991,60 TEATIME FAIRY CAKE CASES,24,10/12/2011 9:50,0.55,14911.0,EIRE
548210,82486,WOOD S/3 CABINET ANT WHITE FINISH,1,3/29/2011 17:23,8.95,14606.0,United Kingdom
571441,22414,DOORMAT NEIGHBOURHOOD WITCH ,3,10/17/2011 13:31,15.79,14096.0,United Kingdom
578703,22992,REVOLVER WOODEN RULER ,4,11/25/2011 11:02,1.95,17385.0,United Kingdom
561706,71459,HANGING JAM JAR T-LIGHT HOLDER,12,7/29/2011 11:25,0.85,14735.0,United Kingdom
580500,20718,RED RETROSPOT SHOPPER BAG,10,12/4/2011 12:52,1.25,17131.0,United Kingdom
545045,21755,LOVE BUILDING BLOCK WORD,4,2/27/2011 11:40,5.95,15708.0,United Kingdom
568222,22993,SET OF 4 PANTRY JELLY MOULDS,12,9/26/2011 10:06,1.25,16603.0,United Kingdom
572216,23367,SET 12 COLOUR PENCILS SPACEBOY ,5,10/21/2011 12:56,0.65,16015.0,United Kingdom
579472,23422,PANTRY HOOK BALLOON WHISK ,1,11/29/2011 15:09,2.08,13521.0,United Kingdom
576025,21786,POLKADOT RAIN HAT ,24,11/13/2011 14:34,0.42,13232.0,United Kingdom
548210,22297,HEART IVORY TRELLIS SMALL,1,3/29/2011 17:23,1.25,14606.0,United Kingdom
551161,21899,"KEY FOB , GARAGE DESIGN",24,4/26/2011 15:26,0.65,18183.0,United Kingdom
580972,85061W,WHITE JEWELLED HEART DECORATION,24,12/6/2011 15:10,0.85,15194.0,United Kingdom
541575,20674,GREEN POLKADOT BOWL,12,1/19/2011 13:21,1.25,15311.0,United Kingdom
555853,22161,HEART DECORATION RUSTIC HANGING ,4,6/7/2011 13:44,0.19,14375.0,United Kingdom
541249,20980,36 PENCILS TUBE POSY,3,1/16/2011 13:18,1.25,13700.0,United Kingdom
C539838,22198,LARGE POPCORN HOLDER ,-10,12/22/2010 13:59,1.65,13458.0,United Kingdom
558540,21531,RED RETROSPOT SUGAR JAM BOWL,6,6/30/2011 12:15,2.55,17706.0,United Kingdom
556056,21231,SWEETHEART CERAMIC TRINKET BOX,1,6/8/2011 13:35,1.25,17841.0,United Kingdom
545575,22077,6 RIBBONS RUSTIC CHARM,48,3/3/2011 18:28,1.65,13014.0,United Kingdom
580884,20712,JUMBO BAG WOODLAND ANIMALS,1,12/6/2011 12:21,2.08,15907.0,United Kingdom
557067,23174,REGENCY SUGAR BOWL GREEN,12,6/16/2011 15:12,4.15,13098.0,United Kingdom
566195,22665,RECIPE BOX BLUE SKETCHBOOK DESIGN,24,9/9/2011 13:44,2.55,12433.0,Norway
569013,84945,MULTI COLOUR SILVER T-LIGHT HOLDER,48,9/30/2011 8:19,0.85,15187.0,United Kingdom
574490,22910,PAPER CHAIN KIT VINTAGE CHRISTMAS,3,11/4/2011 13:04,2.95,17690.0,United Kingdom
575851,22573,STAR WOODEN CHRISTMAS DECORATION,1,11/11/2011 12:13,0.85,14662.0,United Kingdom
574956,23502,PLAYING CARDS VINTAGE DOILY ,12,11/8/2011 9:54,1.25,16732.0,United Kingdom
537759,22795,SWEETHEART RECIPE BOOK STAND,2,12/8/2010 11:42,6.75,13126.0,United Kingdom
572859,23558,LANDMARK FRAME LONDON BRIDGE ,1,10/26/2011 12:39,12.5,16418.0,United Kingdom
558877,72349B,SET/6 PURPLE BUTTERFLY T-LIGHTS,4,7/4/2011 13:50,2.1,17841.0,United Kingdom
C548355,22423,REGENCY CAKESTAND 3 TIER,-1,3/30/2011 15:06,12.75,12921.0,United Kingdom
562999,21984,PACK OF 12 PINK PAISLEY TISSUES ,24,8/11/2011 11:51,0.29,15117.0,United Kingdom
581059,23439,HAND WARMER RED LOVE HEART,12,12/7/2011 11:12,2.1,13267.0,United Kingdom
548896,15044C,PURPLE PAPER PARASOL,6,4/4/2011 16:21,2.95,13767.0,United Kingdom
567305,23206,LUNCH BAG APPLE DESIGN,10,9/19/2011 13:28,1.65,12621.0,Germany
569046,23331,DECORATIVE WICKER HEART SMALL,48,9/30/2011 10:48,0.63,14422.0,United Kingdom
569635,17003,BROCADE RING PURSE ,36,10/5/2011 12:13,0.39,12748.0,United Kingdom
540514,22625,RED KITCHEN SCALES,1,1/9/2011 11:43,8.5,15708.0,United Kingdom
540859,85123A,WHITE HANGING HEART T-LIGHT HOLDER,6,1/12/2011 10:58,2.95,17965.0,United Kingdom
579516,84375,SET OF 20 KIDS COOKIE CUTTERS,1,11/29/2011 17:52,2.1,17841.0,United Kingdom
574328,23234,BISCUIT TIN VINTAGE CHRISTMAS,12,11/4/2011 9:05,2.89,13081.0,United Kingdom
566539,22333,RETROSPOT PARTY BAG + STICKER SET,6,9/13/2011 11:34,1.65,17228.0,United Kingdom
572023,22835,HOT WATER BOTTLE I AM SO POORLY,1,10/20/2011 11:03,4.95,17764.0,United Kingdom
541260,85094,CANDY SPOT EGG WARMER RABBIT,2,1/16/2011 15:44,1.25,16059.0,United Kingdom
536620,85049E,SCANDINAVIAN REDS RIBBONS,12,12/2/2010 10:27,1.25,14135.0,United Kingdom
544311,22993,SET OF 4 PANTRY JELLY MOULDS,1,2/17/2011 14:19,1.25,17841.0,United Kingdom
563691,23032,DRAWER KNOB CRACKLE GLAZE IVORY,18,8/18/2011 12:53,1.65,13668.0,United Kingdom
542929,21907,I'M ON HOLIDAY METAL SIGN,1,2/2/2011 10:34,2.1,17811.0,United Kingdom
557484,22631,CIRCUS PARADE LUNCH BOX ,1,6/20/2011 14:36,1.95,14796.0,United Kingdom
568060,23520,EMBROIDERED RIBBON REEL RUBY ,1,9/23/2011 13:11,3.75,14546.0,United Kingdom
559174,81952V,ROUND PURPLE CLOCK WITH SUCKER,20,7/7/2011 10:04,0.19,18263.0,United Kingdom
556724,21922,UNION STRIPE WITH FRINGE  HAMMOCK,2,6/14/2011 11:26,7.95,16745.0,United Kingdom
571667,22734,SET OF 6 RIBBONS VINTAGE CHRISTMAS,6,10/18/2011 13:04,2.89,14554.0,United Kingdom
546121,20828,GLITTER BUTTERFLY CLIPS,3,3/9/2011 14:30,2.55,14085.0,United Kingdom
573311,22633,HAND WARMER UNION JACK,1,10/28/2011 16:45,2.1,14071.0,United Kingdom
553942,22389,PAPERWEIGHT SAVE THE PLANET,6,5/20/2011 10:37,2.55,18055.0,United Kingdom
577182,20972,PINK CREAM FELT CRAFT TRINKET BOX ,12,11/18/2011 11:39,1.25,16945.0,United Kingdom
580311,22424,ENAMEL BREAD BIN CREAM,1,12/2/2011 14:48,12.75,18245.0,United Kingdom
C551861,22465,HANGING METAL STAR LANTERN,-1,5/4/2011 15:44,1.65,12840.0,United Kingdom
570886,22147,FELTCRAFT BUTTERFLY HEARTS,42,10/13/2011 10:23,1.25,13777.0,United Kingdom
555896,22904,CALENDAR PAPER CUT DESIGN,6,6/7/2011 16:04,2.95,15640.0,United Kingdom
573420,23234,BISCUIT TIN VINTAGE CHRISTMAS,6,10/31/2011 9:48,2.89,18223.0,United Kingdom
551564,23066,SMALL DECO JEWELLERY STAND,2,5/3/2011 10:56,8.25,16609.0,United Kingdom
548872,22619,SET OF 6 SOLDIER SKITTLES,4,4/4/2011 14:42,3.75,13015.0,United Kingdom
558684,85053,FRENCH ENAMEL CANDLEHOLDER,12,7/1/2011 11:29,2.1,14016.0,EIRE
569123,22654,DELUXE SEWING KIT ,6,9/30/2011 13:09,5.95,12748.0,United Kingdom
576176,85227,SET OF 6 3D KIT CARDS FOR KIDS,2,11/14/2011 11:04,0.85,16936.0,United Kingdom
547898,22383,LUNCH BAG SUKI DESIGN ,20,3/28/2011 11:49,1.65,16523.0,United Kingdom
567374,23319,BOX OF 6 MINI 50'S CRACKERS,48,9/20/2011 9:40,2.08,15341.0,United Kingdom
577778,22494,EMERGENCY FIRST AID TIN ,1,11/21/2011 16:10,1.25,16549.0,United Kingdom
552723,22723,SET OF 6 HERB TINS SKETCHBOOK,4,5/11/2011 10:18,3.95,16229.0,United Kingdom
542610,21703,BAG 125g SWIRLY MARBLES,10,1/30/2011 14:05,0.42,13148.0,United Kingdom
543542,22964,3 PIECE SPACEBOY COOKIE CUTTER SET,6,2/9/2011 15:25,2.1,16607.0,United Kingdom
C556273,23302,KNEELING MAT HOUSEWORK  DESIGN,-4,6/9/2011 19:44,1.65,13534.0,United Kingdom
560241,22791,T-LIGHT GLASS FLUTED ANTIQUE,36,7/17/2011 12:02,1.25,13967.0,United Kingdom
561021,23284,DOORMAT KEEP CALM AND COME IN,10,7/24/2011 10:03,6.75,15465.0,United Kingdom
573365,22625,RED KITCHEN SCALES,2,10/30/2011 13:13,8.5,12584.0,Italy
554942,22421,LIPSTICK PEN FUSCHIA,1,5/27/2011 14:01,0.42,17841.0,United Kingdom
576251,22822,CREAM WALL PLANTER HEART SHAPED,4,11/14/2011 13:51,5.95,16207.0,United Kingdom
581412,23196,VINTAGE LEAF MAGNETIC NOTEPAD,6,12/8/2011 14:38,1.45,14415.0,United Kingdom
571679,22662,LUNCH BAG DOLLY GIRL DESIGN,3,10/18/2011 13:41,1.65,14159.0,United Kingdom
548612,22482,BLUE TEA TOWEL CLASSIC DESIGN,1,4/1/2011 11:34,1.25,13137.0,United Kingdom
569536,22197,POPCORN HOLDER,100,10/4/2011 15:44,0.72,13269.0,United Kingdom
575892,85040A,S/4 PINK FLOWER CANDLES IN BOWL,12,11/11/2011 14:22,1.65,16332.0,United Kingdom
536557,22451,SILK PURSE BABUSHKA RED,3,12/1/2010 14:41,3.35,17841.0,United Kingdom
544074,22173,METAL 4 HOOK HANGER FRENCH CHATEAU,3,2/15/2011 14:49,2.95,14156.0,EIRE
C563599,22425,ENAMEL COLANDER CREAM,-1,8/18/2011 6:22,4.95,15152.0,United Kingdom
573151,22308,TEA COSY BLUE STRIPE,2,10/27/2011 20:09,2.55,17602.0,United Kingdom
573778,22698,PINK REGENCY TEACUP AND SAUCER,24,11/1/2011 10:56,2.55,18092.0,United Kingdom
546261,20713,JUMBO BAG OWLS,1,3/10/2011 15:01,1.95,17841.0,United Kingdom
538521,22795,SWEETHEART RECIPE BOOK STAND,2,12/13/2010 9:02,6.75,14180.0,United Kingdom
557621,23014,GLASS APOTHECARY BOTTLE ELIXIR,6,6/21/2011 14:00,3.95,12444.0,Norway
568013,22560,TRADITIONAL MODELLING CLAY,24,9/23/2011 11:39,1.25,17480.0,United Kingdom
557620,84536A,ENGLISH ROSE NOTEBOOK A7 SIZE,8,6/21/2011 13:58,0.42,14408.0,United Kingdom
577813,23333,IVORY WICKER HEART MEDIUM,12,11/22/2011 9:06,1.25,14297.0,United Kingdom
567368,22982,PANTRY PASTRY BRUSH,12,9/20/2011 8:23,1.25,17147.0,United Kingdom
557468,20615,BLUE POLKADOT PASSPORT COVER,3,6/20/2011 13:14,0.75,16713.0,United Kingdom
567172,22470,HEART OF WICKER LARGE,80,9/18/2011 13:29,2.55,18194.0,United Kingdom
558472,23119,PACK OF 6 LARGE FRUIT STRAWS ,144,6/29/2011 15:40,0.53,16553.0,United Kingdom
C558901,22456,NATURAL SLATE CHALKBOARD LARGE ,-1,7/4/2011 16:07,4.95,18171.0,United Kingdom
575919,22671,FRENCH LAUNDRY SIGN BLUE METAL,4,11/11/2011 17:00,1.65,15311.0,United Kingdom
562047,POST,POSTAGE,1,8/2/2011 10:38,4.95,17788.0,United Kingdom
573543,21823,PAINTED METAL HEART WITH HOLLY BELL,1,10/31/2011 13:05,0.39,17777.0,United Kingdom
547497,22979,PANTRY WASHING UP BRUSH,6,3/23/2011 12:15,1.45,14461.0,United Kingdom
563935,23323,WHITE WICKER STAR ,1,8/21/2011 16:24,2.1,15547.0,United Kingdom
561221,22423,REGENCY CAKESTAND 3 TIER,1,7/26/2011 9:23,12.75,15281.0,United Kingdom
C548360,22356,CHARLOTTE BAG PINK POLKADOT,-1,3/30/2011 15:35,0.85,13534.0,United Kingdom
564304,22381,TOY TIDY PINK POLKADOT,2,8/24/2011 12:11,2.1,14527.0,United Kingdom
577127,23382,BOX OF 6 CHRISTMAS CAKE DECORATIONS,12,11/17/2011 19:27,3.75,16871.0,United Kingdom
574481,22992,REVOLVER WOODEN RULER ,2,11/4/2011 12:45,1.95,18022.0,United Kingdom
540856,22937,BAKING MOULD CHOCOLATE CUPCAKES,6,1/12/2011 10:16,2.55,16655.0,United Kingdom
542103,22469,HEART OF WICKER SMALL,12,1/25/2011 13:26,1.65,13198.0,United Kingdom
549597,22457,NATURAL SLATE HEART CHALKBOARD ,48,4/11/2011 11:23,2.55,16133.0,United Kingdom
538896,84625C,BLUE NEW BAROQUE CANDLESTICK CANDLE,24,12/15/2010 9:09,0.85,16145.0,United Kingdom
581405,85169C,EAU DE NIL LOVE BIRD CANDLE,1,12/8/2011 13:50,1.25,13521.0,United Kingdom
572834,23035,DRAWER KNOB CERAMIC IVORY,6,10/26/2011 11:46,1.45,12748.0,United Kingdom
573152,23308,SET OF 60 VINTAGE LEAF CAKE CASES ,4,10/27/2011 20:16,0.55,17530.0,United Kingdom
547862,22248,DECORATION  PINK CHICK MAGIC GARDEN,4,3/27/2011 12:54,0.85,12841.0,United Kingdom
539016,22655,VINTAGE RED KITCHEN CABINET,2,12/15/2010 13:49,125.0,13418.0,United Kingdom
563076,21122,SET/10 PINK POLKADOT PARTY CANDLES,288,8/11/2011 16:12,1.06,14646.0,Netherlands
578283,23200,JUMBO BAG PEARS,30,11/23/2011 13:54,2.08,13139.0,United Kingdom
538155,22117,METAL SIGN HER DINNER IS SERVED ,1,12/9/2010 16:52,2.95,16907.0,United Kingdom
551985,22817,CARD SUKI BIRTHDAY,12,5/5/2011 14:38,0.42,12395.0,Belgium
569524,22572,ROCKING HORSE GREEN CHRISTMAS ,1,10/4/2011 14:42,0.85,14506.0,United Kingdom
579411,22773,GREEN DRAWER KNOB ACRYLIC EDWARDIAN,2,11/29/2011 12:46,1.25,16794.0,United Kingdom
565726,23313,VINTAGE CHRISTMAS BUNTING,10,9/6/2011 11:58,4.95,14360.0,United Kingdom
555476,23284,DOORMAT KEEP CALM AND COME IN,3,6/3/2011 12:17,7.95,16593.0,United Kingdom
572652,23231,WRAP  VINTAGE DOILY ,25,10/25/2011 12:11,0.42,15805.0,United Kingdom
545661,84987,SET OF 36 TEATIME PAPER DOILIES,12,3/4/2011 14:41,1.45,15358.0,United Kingdom
539725,21485,RETROSPOT HEART HOT WATER BOTTLE,3,12/21/2010 13:58,4.95,17211.0,United Kingdom
537250,22328,ROUND SNACK BOXES SET OF 4 FRUITS ,6,12/6/2010 10:43,2.95,12708.0,Germany
572762,23311,VINTAGE CHRISTMAS STOCKING ,6,10/26/2011 9:50,2.55,15240.0,United Kingdom
566306,22196,SMALL HEART MEASURING SPOONS,24,9/12/2011 9:36,0.85,13265.0,United Kingdom
560504,22437,SET OF 9 BLACK SKULL BALLOONS,20,7/19/2011 11:47,0.85,13081.0,United Kingdom
563211,85099F,JUMBO BAG STRAWBERRY,10,8/14/2011 12:33,2.08,17049.0,United Kingdom
544199,84050,PINK HEART SHAPE EGG FRYING PAN,24,2/17/2011 10:04,1.25,13777.0,United Kingdom
568665,21232,STRAWBERRY CERAMIC TRINKET BOX,12,9/28/2011 12:52,1.25,13018.0,United Kingdom
564856,84997B,CHILDRENS CUTLERY RETROSPOT RED ,12,8/31/2011 9:11,4.15,12477.0,Germany
579865,20749,ASSORTED COLOUR MINI CASES,1,11/30/2011 16:39,7.95,16915.0,United Kingdom
550723,22384,LUNCH BAG PINK POLKADOT,4,4/20/2011 11:19,1.65,17454.0,United Kingdom
536988,22910,PAPER CHAIN KIT VINTAGE CHRISTMAS,2,12/3/2010 15:05,2.95,17238.0,United Kingdom
577071,21262,WHITE GOOSE FEATHER CHRISTMAS TREE ,1,11/17/2011 14:56,2.95,13969.0,United Kingdom
543731,75049L,LARGE CIRCULAR MIRROR MOBILE,96,2/11/2011 11:57,0.85,17677.0,United Kingdom
551852,22840,ROUND CAKE TIN VINTAGE RED,2,5/4/2011 14:52,7.95,14948.0,United Kingdom
556441,23208,LUNCH BAG VINTAGE LEAF DESIGN,5,6/10/2011 15:07,1.65,14415.0,United Kingdom
572969,23493,VINTAGE DOILY TRAVEL SEWING KIT,10,10/27/2011 10:46,1.95,13363.0,United Kingdom
552277,22109,FULL ENGLISH BREAKFAST PLATE,1,5/8/2011 12:34,3.75,13642.0,United Kingdom
541262,22811,SET OF 6 T-LIGHTS CACTI ,1,1/16/2011 15:50,2.95,18069.0,United Kingdom
564049,23176,ABC TREASURE BOOK BOX ,3,8/22/2011 13:30,2.25,17585.0,United Kingdom
562043,22412,METAL SIGN NEIGHBOURHOOD WITCH ,12,8/2/2011 10:19,2.1,15342.0,United Kingdom
571017,23102,SILVER HEARTS TABLE DECORATION,12,10/13/2011 12:17,0.83,15116.0,United Kingdom
558993,47566,PARTY BUNTING,6,7/5/2011 11:49,4.95,16729.0,United Kingdom
558087,22268,DECORATION SITTING BUNNY,6,6/26/2011 12:04,0.19,17323.0,United Kingdom
575039,21809,CHRISTMAS HANGING TREE WITH BELL,10,11/8/2011 11:53,0.39,15005.0,United Kingdom
564554,22027,TEA PARTY BIRTHDAY CARD,12,8/25/2011 19:39,0.42,17189.0,United Kingdom
553856,82578,KITCHEN METAL SIGN,1,5/19/2011 13:28,0.55,16813.0,United Kingdom
564061,23240,SET OF 4 KNICK KNACK TINS DOILY ,3,8/22/2011 14:38,4.15,14505.0,United Kingdom
553225,23159,SET OF 5 PANCAKE DAY MAGNETS,12,5/16/2011 10:41,2.08,16912.0,United Kingdom
571105,23345, DOLLY GIRL BEAKER,1,10/13/2011 16:01,1.25,17614.0,United Kingdom
573038,23196,VINTAGE LEAF MAGNETIC NOTEPAD,2,10/27/2011 13:48,1.45,17545.0,United Kingdom
577411,23509,MINI PLAYING CARDS FUN FAIR ,4,11/20/2011 11:00,0.42,17387.0,United Kingdom
546079,20856,DENIM PATCH PURSE PINK BUTTERFLY,11,3/9/2011 11:05,1.65,14534.0,United Kingdom
574521,22083,PAPER CHAIN KIT RETROSPOT,6,11/4/2011 13:44,2.95,15358.0,United Kingdom
537762,22443,GROW YOUR OWN HERBS SET OF 3,2,12/8/2010 12:01,7.95,16558.0,United Kingdom
564256,22398,MAGNETS PACK OF 4 SWALLOWS,12,8/24/2011 10:45,0.39,14796.0,United Kingdom
566632,23294,SET OF 6 SNACK LOAF BAKING CASES,12,9/14/2011 10:35,0.83,15622.0,United Kingdom
562353,22149,FELTCRAFT 6 FLOWER FRIENDS,6,8/4/2011 13:15,2.1,16180.0,United Kingdom
C567961,22557,PLASTERS IN TIN VINTAGE PAISLEY ,-2,9/23/2011 9:16,1.65,13430.0,United Kingdom
565451,22383,LUNCH BAG SUKI DESIGN ,10,9/4/2011 15:37,1.65,15365.0,United Kingdom
560250,23198,PANTRY MAGNETIC  SHOPPING LIST,5,7/17/2011 12:31,1.45,14659.0,United Kingdom
566200,21914,BLUE HARMONICA IN BOX ,1,9/9/2011 14:14,1.25,16910.0,United Kingdom
548361,22951,60 CAKE CASES DOLLY GIRL DESIGN,24,3/30/2011 15:38,0.55,16092.0,United Kingdom
569920,22460,EMBOSSED GLASS TEALIGHT HOLDER,12,10/6/2011 17:28,1.25,13348.0,United Kingdom
568703,85183B,CHARLIE & LOLA WASTEPAPER BIN FLORA,2,9/28/2011 15:21,1.25,12748.0,United Kingdom
552466,22028,PENNY FARTHING BIRTHDAY CARD,12,5/9/2011 15:21,0.42,13458.0,United Kingdom
569870,22551,PLASTERS IN TIN SPACEBOY,2,10/6/2011 14:59,1.65,12757.0,Portugal
570237,22597,MUSICAL ZINC HEART DECORATION ,11,10/9/2011 14:48,0.29,13212.0,United Kingdom
563613,23294,SET OF 6 SNACK LOAF BAKING CASES,8,8/18/2011 8:49,0.83,12688.0,Israel
559357,22749,FELTCRAFT PRINCESS CHARLOTTE DOLL,1,7/7/2011 18:56,3.75,17107.0,United Kingdom
544314,22998,TRAVEL CARD WALLET KEEP CALM,24,2/17/2011 14:42,0.42,13767.0,United Kingdom
552708,48187,DOORMAT NEW ENGLAND,2,5/10/2011 16:19,7.95,13487.0,United Kingdom
556779,21188,3D HEARTS  HONEYCOMB PAPER GARLAND,3,6/14/2011 12:45,2.95,16774.0,United Kingdom
574023,22835,HOT WATER BOTTLE I AM SO POORLY,12,11/2/2011 12:20,4.95,14390.0,United Kingdom
561114,21232,STRAWBERRY CERAMIC TRINKET BOX,12,7/25/2011 12:12,1.25,14775.0,United Kingdom
548612,21937,STRAWBERRY   PICNIC BAG,2,4/1/2011 11:34,2.95,13137.0,United Kingdom
558263,23020,GLASS SONGBIRD STORAGE JAR,8,6/28/2011 8:50,11.15,14646.0,Netherlands
575574,23157,SET OF 6 NATIVITY MAGNETS ,6,11/10/2011 11:37,2.08,14606.0,United Kingdom
574733,85099B,JUMBO BAG RED RETROSPOT,20,11/6/2011 15:17,2.08,17082.0,United Kingdom
579094,22649,STRAWBERRY FAIRY CAKE TEAPOT,16,11/28/2011 10:56,4.95,12668.0,Germany
564541,22635,CHILDS BREAKFAST SET DOLLY GIRL ,2,8/25/2011 15:35,9.95,16309.0,United Kingdom
C564281,37448,CERAMIC CAKE DESIGN SPOTTED MUG,-1,8/24/2011 10:54,1.49,14796.0,United Kingdom
541848,21544,SKULLS  WATER TRANSFER TATTOOS ,6,1/23/2011 13:31,0.85,17611.0,United Kingdom
565210,22999,TRAVEL CARD WALLET VINTAGE LEAF,24,9/1/2011 17:09,0.42,17750.0,United Kingdom
539639,22616,PACK OF 12 LONDON TISSUES ,3,12/20/2010 15:26,0.29,14083.0,United Kingdom
562804,22111,SCOTTIE DOG HOT WATER BOTTLE,3,8/9/2011 14:48,4.95,13355.0,United Kingdom
561192,21745,GAOLERS KEYS DECORATIVE GARDEN ,1,7/25/2011 13:45,3.75,16033.0,United Kingdom
C579192,22809,SET OF 6 T-LIGHTS SANTA,-12,11/28/2011 15:43,2.95,12657.0,France
566979,22154,ANGEL DECORATION 3 BUTTONS ,48,9/16/2011 9:54,0.42,13141.0,United Kingdom
538868,22564,ALPHABET STENCIL CRAFT,12,12/14/2010 14:42,1.25,17017.0,United Kingdom
551137,84584,PINK GINGHAM CAT WITH SCARF,1,4/26/2011 13:05,2.55,15581.0,United Kingdom
562046,21114,LAVENDER SCENTED FABRIC HEART,10,8/2/2011 10:34,1.25,12378.0,Switzerland
577502,22138,BAKING SET 9 PIECE RETROSPOT ,6,11/20/2011 12:34,4.95,12598.0,France
569866,23236,STORAGE TIN VINTAGE DOILY ,6,10/6/2011 14:50,2.89,12757.0,Portugal
564734,21328,BALLOONS  WRITING SET ,6,8/28/2011 13:32,1.65,12484.0,Spain
561026,21535,RED RETROSPOT SMALL MILK JUG,2,7/24/2011 10:49,2.55,17265.0,United Kingdom
566576,22379,RECYCLING BAG RETROSPOT ,20,9/13/2011 13:21,2.1,13098.0,United Kingdom
C566611,22456,NATURAL SLATE CHALKBOARD LARGE ,-1,9/13/2011 17:14,4.25,15513.0,United Kingdom
572681,47591D,PINK FAIRY CAKE CHILDRENS APRON,8,10/25/2011 13:51,1.95,13510.0,United Kingdom
579470,82583,HOT BATHS METAL SIGN,3,11/29/2011 15:06,2.1,16549.0,United Kingdom
561079,22079,RIBBON REEL HEARTS DESIGN ,2,7/24/2011 16:12,1.65,13956.0,United Kingdom
581467,22754,SMALL RED BABUSHKA NOTEBOOK ,1,12/8/2011 19:24,0.21,13077.0,United Kingdom
578171,22383,LUNCH BAG SUKI DESIGN ,10,11/23/2011 11:36,1.65,17685.0,United Kingdom
569637,84077,WORLD WAR 2 GLIDERS ASSTD DESIGNS,48,10/5/2011 12:14,0.29,15757.0,United Kingdom
536785,20961,STRAWBERRY BATH SPONGE ,100,12/2/2010 15:22,1.25,15061.0,United Kingdom
552723,23108,SET OF 10 LED DOLLY LIGHTS,4,5/11/2011 10:18,6.25,16229.0,United Kingdom
541843,85212,MINI PAINTED GARDEN DECORATION ,12,1/23/2011 12:08,0.85,13659.0,United Kingdom
567807,23520,EMBROIDERED RIBBON REEL RUBY ,1,9/22/2011 12:23,3.75,17027.0,United Kingdom
563094,22155,STAR DECORATION RUSTIC,48,8/11/2011 17:35,0.42,14525.0,United Kingdom
553843,21931,JUMBO STORAGE BAG SUKI,10,5/19/2011 12:29,2.08,12553.0,France
567462,20977,36 PENCILS TUBE WOODLAND,1,9/20/2011 12:35,1.25,14446.0,United Kingdom
546669,22423,REGENCY CAKESTAND 3 TIER,6,3/15/2011 15:36,12.75,14226.0,United Kingdom
543447,22362,GLASS JAR PEACOCK BATH SALTS,6,2/8/2011 12:01,2.95,16265.0,United Kingdom
C561240,84949,SILVER HANGING T-LIGHT HOLDER,-1,7/26/2011 10:33,1.65,17677.0,United Kingdom
563928,21899,GARAGE KEY FOB,5,8/21/2011 15:17,0.65,17059.0,United Kingdom
550899,22955,36 FOIL STAR CAKE CASES ,6,4/21/2011 12:07,2.1,13505.0,Switzerland
569638,22950,36 DOILIES VINTAGE CHRISTMAS,12,10/5/2011 12:15,1.45,16140.0,United Kingdom
573289,22704,WRAP RED APPLES ,25,10/28/2011 14:44,0.42,12705.0,Germany
561894,85123A,WHITE HANGING HEART T-LIGHT HOLDER,1,7/31/2011 15:00,2.95,14456.0,United Kingdom
548014,21400,RED PUDDING SPOON,24,3/29/2011 11:29,0.12,17719.0,United Kingdom
555109,22505,MEMO BOARD COTTAGE DESIGN,2,5/31/2011 14:19,4.95,16023.0,United Kingdom
561196,16011,ANIMAL STICKERS,24,7/25/2011 14:35,0.21,14342.0,United Kingdom
552640,22475,SKULL DESIGN TV DINNER TRAY,2,5/10/2011 13:19,4.95,17841.0,United Kingdom
580695,22940,FELTCRAFT CHRISTMAS FAIRY,2,12/5/2011 16:03,4.25,13230.0,United Kingdom
561192,23182,TOILET SIGN OCCUPIED OR VACANT,6,7/25/2011 13:45,0.83,16033.0,United Kingdom
578251,22197,POPCORN HOLDER,4,11/23/2011 12:45,0.85,15993.0,United Kingdom
577893,22991,GIRAFFE WOODEN RULER,2,11/22/2011 11:47,1.95,17073.0,United Kingdom
547785,23194,GYMKHANA TREASURE BOOK BOX,3,3/25/2011 11:41,2.25,13097.0,United Kingdom
541847,21584,RETROSPOT SMALL TUBE MATCHES,3,1/23/2011 13:25,1.65,15443.0,United Kingdom
568577,23254,CHILDRENS CUTLERY DOLLY GIRL ,4,9/28/2011 9:41,4.15,15301.0,United Kingdom
578143,21218,RED SPOTTY BISCUIT TIN,24,11/23/2011 11:06,3.25,14646.0,Netherlands
564573,20718,RED RETROSPOT SHOPPER BAG,1,8/26/2011 11:19,1.25,14606.0,United Kingdom
569697,22625,RED KITCHEN SCALES,2,10/5/2011 15:38,8.5,17647.0,United Kingdom
575870,72799E,IVORY PILLAR CANDLE SILVER FLOCK,12,11/11/2011 12:46,2.95,15557.0,United Kingdom
553546,21900,"KEY FOB , SHED",576,5/17/2011 15:42,0.53,12415.0,Australia
561295,22775,PURPLE DRAWERKNOB ACRYLIC EDWARDIAN,192,7/26/2011 12:28,1.06,15311.0,United Kingdom
555243,22804,CANDLEHOLDER PINK HANGING HEART,6,6/1/2011 13:52,2.95,13475.0,United Kingdom
572312,22111,SCOTTIE DOG HOT WATER BOTTLE,2,10/23/2011 15:47,4.95,15022.0,United Kingdom
544778,17012C,ORIGAMI LAVENDER INCENSE/CANDL SET ,1,2/23/2011 12:03,2.55,14978.0,United Kingdom
553386,20979,36 PENCILS TUBE RED RETROSPOT,16,5/16/2011 16:22,1.25,13381.0,United Kingdom
560115,20969,RED FLORAL FELTCRAFT SHOULDER BAG,2,7/15/2011 10:05,3.75,17841.0,United Kingdom
570693,23263,SET OF 3 WOODEN HEART DECORATIONS,2,10/11/2011 16:50,1.25,16161.0,United Kingdom
578016,22981,PANTRY APPLE CORER,1,11/22/2011 13:02,1.45,14506.0,United Kingdom
572528,47367B,PAIR PADDED HANGERS PINK CHECK,2,10/24/2011 15:43,3.75,13176.0,United Kingdom
542216,16052,TEATIME PUSH DOWN RUBBER,24,1/26/2011 12:29,0.42,14911.0,EIRE
578626,22726,ALARM CLOCK BAKELIKE GREEN,8,11/24/2011 15:38,3.75,12709.0,Germany
577504,22951,60 CAKE CASES DOLLY GIRL DESIGN,4,11/20/2011 12:36,0.55,14159.0,United Kingdom
566984,23158,SET OF 5 LUCKY CAT MAGNETS ,24,9/16/2011 10:39,2.08,12471.0,Germany
557771,23033,DRAWER KNOB CERAMIC RED,6,6/22/2011 14:43,1.45,15601.0,United Kingdom
541595,22241,GARLAND WOODEN HAPPY EASTER,12,1/19/2011 16:08,1.25,14606.0,United Kingdom
574947,21790,VINTAGE SNAP CARDS,12,11/8/2011 9:03,0.85,16422.0,United Kingdom
545653,21931,JUMBO STORAGE BAG SUKI,100,3/4/2011 13:39,1.65,15311.0,United Kingdom
561647,21485,RETROSPOT HEART HOT WATER BOTTLE,48,7/28/2011 15:20,4.25,13340.0,United Kingdom
574587,23337,EGG FRYING PAN MINT ,6,11/6/2011 10:29,2.08,14936.0,Channel Islands
564353,23168,CLASSIC CAFE SUGAR DISPENSER,12,8/24/2011 15:08,1.25,15764.0,United Kingdom
569568,16236,KITTY PENCIL ERASERS,28,10/5/2011 9:57,0.21,12700.0,France
578248,84378,SET OF 3 HEART COOKIE CUTTERS,12,11/23/2011 12:40,1.45,16255.0,United Kingdom
C576241,23084,RABBIT NIGHT LIGHT,-2,11/14/2011 13:35,2.08,13447.0,United Kingdom
541018,21907,I'M ON HOLIDAY METAL SIGN,2,1/13/2011 12:03,2.1,14978.0,United Kingdom
558814,22662,LUNCH BAG DOLLY GIRL DESIGN,10,7/4/2011 11:47,1.65,14049.0,United Kingdom
C556656,21314,SMALL GLASS HEART TRINKET POT,-2,6/13/2011 16:21,2.1,13148.0,United Kingdom
539404,21329,DINOSAURS  WRITING SET ,1,12/17/2010 12:24,1.65,17315.0,United Kingdom
552969,21891,TRADITIONAL WOODEN SKIPPING ROPE,12,5/12/2011 13:37,1.45,14021.0,United Kingdom
580502,23263,SET OF 3 WOODEN HEART DECORATIONS,1,12/4/2011 13:15,1.25,16931.0,United Kingdom
542789,23233,WRAP POPPIES  DESIGN,50,2/1/2011 10:38,0.42,17511.0,United Kingdom
553829,22147,FELTCRAFT BUTTERFLY HEARTS,12,5/19/2011 11:28,1.45,16455.0,United Kingdom
550163,21749,LARGE RED RETROSPOT WINDMILL,6,4/14/2011 16:26,2.1,14154.0,United Kingdom
552333,21212,PACK OF 72 RETROSPOT CAKE CASES,2,5/9/2011 10:38,0.55,15039.0,United Kingdom
572330,23439,HAND WARMER RED LOVE HEART,2,10/24/2011 10:17,2.1,16426.0,United Kingdom
552872,21670,BLUE SPOT CERAMIC DRAWER KNOB,24,5/12/2011 9:09,1.25,16985.0,United Kingdom
554131,22508,DOORSTOP RETROSPOT HEART,4,5/23/2011 9:43,3.75,13988.0,United Kingdom
541215,84050,PINK HEART SHAPE EGG FRYING PAN,6,1/14/2011 13:42,1.65,14329.0,United Kingdom
544295,75011,BLUE DAISY MOBILE,24,2/17/2011 12:43,0.85,14298.0,United Kingdom
551546,22555,PLASTERS IN TIN STRONGMAN,12,5/3/2011 9:34,1.65,18062.0,United Kingdom
570521,85035A,GARDENIA 3 WICK MORRIS BOXED CANDLE,4,10/11/2011 10:43,4.25,12371.0,Switzerland
547772,22417,PACK OF 60 SPACEBOY CAKE CASES,1,3/25/2011 11:34,0.55,17979.0,United Kingdom
553004,22169,FAMILY ALBUM WHITE PICTURE FRAME,1,5/12/2011 16:11,8.5,17764.0,United Kingdom
578016,22586,FELTCRAFT HAIRBAND PINK AND BLUE,3,11/22/2011 13:02,0.85,14506.0,United Kingdom
571441,16254,TRANSPARENT ACRYLIC TAPE DISPENSER,1,10/17/2011 13:31,1.63,14096.0,United Kingdom
573510,23084,RABBIT NIGHT LIGHT,52,10/31/2011 12:21,1.79,14808.0,United Kingdom
563166,79000,MOROCCAN TEA GLASS,600,8/12/2011 12:37,0.65,18092.0,United Kingdom
539333,84817,DANISH ROSE DECORATIVE PLATE,24,12/17/2010 9:52,0.42,13627.0,United Kingdom
581147,23301,GARDENERS KNEELING PAD KEEP CALM ,5,12/7/2011 14:01,1.65,16426.0,United Kingdom
543652,22706,WRAP COWBOYS  ,25,2/11/2011 10:15,0.42,15544.0,United Kingdom
580916,21285,RETROSPOT CANDLE  MEDIUM,1,12/6/2011 13:45,0.39,13685.0,United Kingdom
578516,21819,GLITTER CHRISTMAS STAR ,36,11/24/2011 13:53,0.39,14591.0,United Kingdom
553418,22993,SET OF 4 PANTRY JELLY MOULDS,12,5/17/2011 10:10,1.25,18257.0,United Kingdom
545032,22697,GREEN REGENCY TEACUP AND SAUCER,12,2/25/2011 15:37,2.95,14051.0,United Kingdom
578045,21901,"KEY FOB , BACK DOOR ",2,11/22/2011 14:43,0.65,17297.0,United Kingdom
580291,22940,FELTCRAFT CHRISTMAS FAIRY,6,12/2/2011 13:36,4.25,15539.0,United Kingdom
578999,85038,6 CHOCOLATE LOVE HEART T-LIGHTS,3,11/27/2011 16:08,2.1,17595.0,United Kingdom
573130,22197,POPCORN HOLDER,12,10/27/2011 16:41,0.85,13969.0,United Kingdom
566005,84660C,PINK STITCHED WALL CLOCK,1,9/8/2011 11:56,0.79,16426.0,United Kingdom
544778,48194,DOORMAT HEARTS,2,2/23/2011 12:03,7.95,14978.0,United Kingdom
564317,85130C,BEADED CRYSTAL HEART BLUE  LARGE,24,8/24/2011 13:12,0.79,13890.0,United Kingdom
561894,22730,ALARM CLOCK BAKELIKE IVORY,1,7/31/2011 15:00,3.75,14456.0,United Kingdom
555810,71477,COLOUR GLASS. STAR T-LIGHT HOLDER,4,6/7/2011 11:39,3.25,17091.0,United Kingdom
544069,20750,RED RETROSPOT MINI CASES,8,2/15/2011 14:17,7.95,12616.0,France
579868,85049A,TRADITIONAL CHRISTMAS RIBBONS,24,11/30/2011 16:43,1.25,15544.0,United Kingdom
571323,23500,KEY RING BASEBALL BOOT ASSORTED ,20,10/17/2011 11:07,1.25,13534.0,United Kingdom
547888,22966,GINGERBREAD MAN COOKIE CUTTER,24,3/28/2011 9:59,1.25,13368.0,United Kingdom
536945,47503J,SET/3 FLORAL GARDEN TOOLS IN BAG,1,12/3/2010 12:24,7.95,14083.0,United Kingdom
559673,85152,HAND OVER THE CHOCOLATE   SIGN ,12,7/11/2011 14:10,2.1,13224.0,United Kingdom
549192,22355,CHARLOTTE BAG SUKI DESIGN,10,4/7/2011 10:20,0.85,14961.0,United Kingdom
575647,22307,GOLD MUG BONE CHINA TREE OF LIFE,6,11/10/2011 14:16,1.06,16440.0,United Kingdom
578017,21588,RETROSPOT GIANT TUBE MATCHES,1,11/22/2011 13:07,2.55,13569.0,United Kingdom
536591,21238,RED RETROSPOT CUP,1,12/1/2010 16:57,0.85,14606.0,United Kingdom
561897,22197,POPCORN HOLDER,4,7/31/2011 15:24,0.85,17841.0,United Kingdom
556876,21975,PACK OF 60 DINOSAUR CAKE CASES,1,6/15/2011 11:56,0.55,16241.0,United Kingdom
578445,82582,AREA PATROLLED METAL SIGN,1,11/24/2011 12:25,2.1,15005.0,United Kingdom
572755,72801D,4 SKY BLUE DINNER CANDLES,2,10/25/2011 17:31,1.25,13601.0,United Kingdom
568310,23427,STOOL HOME SWEET HOME ,1,9/26/2011 12:48,12.5,14911.0,EIRE
563616,84991,60 TEATIME FAIRY CAKE CASES,480,8/18/2011 9:39,0.4,13027.0,United Kingdom
576303,21034,REX CASH+CARRY JUMBO SHOPPER,1,11/14/2011 14:51,0.95,15532.0,United Kingdom
572755,23245,SET OF 3 REGENCY CAKE TINS,1,10/25/2011 17:31,4.95,13601.0,United Kingdom
576907,21671,RED SPOT CERAMIC DRAWER KNOB,24,11/17/2011 9:34,1.45,12610.0,Italy
576058,23311,VINTAGE CHRISTMAS STOCKING ,6,11/13/2011 15:15,2.55,15654.0,United Kingdom
576259,23521,WALL ART CAT AND BIRD ,6,11/14/2011 14:18,2.89,12957.0,United Kingdom
570096,21470,FLOWER VINE RAFFIA FOOD COVER,1,10/7/2011 11:58,3.75,15311.0,United Kingdom
558338,22993,SET OF 4 PANTRY JELLY MOULDS,12,6/28/2011 13:36,1.25,16824.0,United Kingdom
560635,22411,JUMBO SHOPPER VINTAGE RED PAISLEY,10,7/20/2011 10:51,2.08,12521.0,Germany
538899,22178,VICTORIAN GLASS HANGING T-LIGHT,24,12/15/2010 9:49,1.25,16817.0,United Kingdom
568066,22575,METAL MERRY CHRISTMAS WREATH,1,9/23/2011 13:48,1.95,14529.0,United Kingdom
579675,23444,Next Day Carriage,1,11/30/2011 13:08,15.0,15654.0,United Kingdom
563613,22326,ROUND SNACK BOXES SET OF4 WOODLAND ,48,8/18/2011 8:49,2.55,12688.0,Israel
541844,84032B,CHARLIE + LOLA RED HOT WATER BOTTLE,1,1/23/2011 12:19,2.95,16931.0,United Kingdom
570116,23332,IVORY WICKER HEART LARGE,3,10/7/2011 12:38,1.65,12856.0,United Kingdom
562145,82486,WOOD S/3 CABINET ANT WHITE FINISH,2,8/3/2011 10:45,8.95,17656.0,United Kingdom
539988,85062,PEARL CRYSTAL PUMPKIN T-LIGHT HLDR,4,12/23/2010 16:06,1.65,18116.0,United Kingdom
559349,84510A,SET OF 4 ENGLISH ROSE COASTERS,10,7/7/2011 17:33,1.25,15150.0,United Kingdom
577893,84596B,SMALL DOLLY MIX DESIGN ORANGE BOWL,2,11/22/2011 11:47,0.42,17073.0,United Kingdom
561968,23152,IVORY SWEETHEART WIRE LETTER RACK ,2,8/1/2011 13:29,3.75,16332.0,United Kingdom
580893,21166,COOK WITH WINE METAL SIGN ,1,12/6/2011 12:38,2.08,17290.0,United Kingdom
C572120,21430,SET/3 RED GINGHAM ROSE STORAGE BOX,-1,10/20/2011 19:29,3.75,14911.0,EIRE
543256,21034,REX CASH+CARRY JUMBO SHOPPER,1,2/4/2011 15:54,0.95,17293.0,United Kingdom
548560,21535,RED RETROSPOT SMALL MILK JUG,6,4/1/2011 10:10,2.55,13468.0,United Kingdom
553182,22416,SET OF 36 DOILIES SPACEBOY DESIGN ,2,5/15/2011 12:21,1.45,17107.0,United Kingdom
568099,22847,BREAD BIN DINER STYLE IVORY,1,9/23/2011 15:18,16.95,15916.0,United Kingdom
572221,85099B,JUMBO BAG RED RETROSPOT,20,10/21/2011 13:27,2.08,17086.0,United Kingdom
564342,22915,ASSORTED BOTTLE TOP  MAGNETS ,24,8/24/2011 14:53,0.42,16340.0,United Kingdom
571546,22698,PINK REGENCY TEACUP AND SAUCER,10,10/17/2011 17:24,2.95,17920.0,United Kingdom
575187,21495,SKULLS AND CROSSBONES WRAP,25,11/9/2011 9:06,0.42,16759.0,United Kingdom
547374,84228,HEN HOUSE W CHICK STANDING,1,3/22/2011 13:54,0.42,16110.0,United Kingdom
576176,21558,SKULL LUNCH BOX WITH CUTLERY ,5,11/14/2011 11:04,2.55,16936.0,United Kingdom
575602,23096,PETIT TRAY CHIC,2,11/10/2011 12:27,1.65,17059.0,United Kingdom
556113,22467,GUMBALL COAT RACK,6,6/9/2011 9:32,2.55,13510.0,United Kingdom
545873,22623,BOX OF VINTAGE JIGSAW BLOCKS ,3,3/7/2011 14:54,4.95,13092.0,United Kingdom
562037,82484,WOOD BLACK BOARD ANT WHITE FINISH,2,8/2/2011 9:34,7.95,13023.0,United Kingdom
577834,21791,VINTAGE HEADS AND TAILS CARD GAME ,12,11/22/2011 10:21,1.25,17528.0,United Kingdom
560504,20724,RED RETROSPOT CHARLOTTE BAG,10,7/19/2011 11:47,0.85,13081.0,United Kingdom
553913,22457,NATURAL SLATE HEART CHALKBOARD ,3,5/19/2011 19:47,2.95,18109.0,United Kingdom
558868,21746,SMALL RED RETROSPOT WINDMILL,12,7/4/2011 12:47,1.25,13266.0,United Kingdom
557143,23290,SPACEBOY CHILDRENS BOWL,8,6/17/2011 10:12,1.25,13090.0,United Kingdom
556776,22974,CHILDRENS DOLLY GIRL MUG,3,6/14/2011 12:24,1.65,14730.0,United Kingdom
560255,22083,PAPER CHAIN KIT RETROSPOT,10,7/17/2011 13:08,2.95,16054.0,United Kingdom
578949,22672,FRENCH BATHROOM SIGN BLUE METAL,1,11/27/2011 14:30,1.65,14954.0,United Kingdom
576677,22659,LUNCH BOX I LOVE LONDON,2,11/16/2011 12:03,1.95,16393.0,United Kingdom
576611,22099,CARAVAN SQUARE TISSUE BOX,1,11/15/2011 16:29,0.39,17357.0,United Kingdom
560853,21718,RED METAL BEACH SPADE ,6,7/21/2011 12:33,1.25,15311.0,United Kingdom
C540393,21843,RED RETROSPOT CAKE STAND,-1,1/6/2011 18:08,10.95,17428.0,United Kingdom
546771,21476,STEEL SWEETHEART ROUND TABLE CREAM,1,3/16/2011 15:19,14.95,17515.0,United Kingdom
552869,22757,LARGE RED BABUSHKA NOTEBOOK ,12,5/12/2011 8:41,1.25,15106.0,United Kingdom
580256,23583,LUNCH BAG PAISLEY PARK  ,1,12/2/2011 12:24,1.65,14688.0,United Kingdom
575705,22296,HEART IVORY TRELLIS LARGE,12,11/10/2011 17:06,1.65,15159.0,United Kingdom
559791,22767,TRIPLE PHOTO FRAME CORNICE ,6,7/12/2011 12:24,9.95,17675.0,United Kingdom
577485,21993,FLORAL FOLK STATIONERY SET,2,11/20/2011 11:56,1.25,16360.0,United Kingdom
552320,22381,TOY TIDY PINK POLKADOT,10,5/9/2011 8:26,2.1,13985.0,United Kingdom
578032,23313,VINTAGE CHRISTMAS BUNTING,5,11/22/2011 13:41,4.95,16633.0,United Kingdom
570888,22653,BUTTON BOX ,10,10/13/2011 10:26,1.95,17509.0,United Kingdom
575760,23318,BOX OF 6 MINI VINTAGE CRACKERS,4,11/11/2011 10:50,2.49,15965.0,United Kingdom
561471,21985,PACK OF 12 HEARTS DESIGN TISSUES ,48,7/27/2011 13:14,0.29,14911.0,EIRE
570983,21172,PARTY METAL SIGN ,1,10/13/2011 11:57,1.45,14963.0,United Kingdom
562444,22411,JUMBO SHOPPER VINTAGE RED PAISLEY,2,8/4/2011 18:44,2.08,14713.0,United Kingdom
C548387,22849,BREAD BIN DINER STYLE MINT,-2,3/30/2011 16:49,16.95,14794.0,United Kingdom
575491,21154,RED RETROSPOT OVEN GLOVE ,4,11/9/2011 17:47,1.25,15531.0,United Kingdom
580753,22423,REGENCY CAKESTAND 3 TIER,1,12/6/2011 10:00,12.75,12682.0,France
553507,21123,SET/10 IVORY POLKADOT PARTY CANDLES,2,5/17/2011 13:35,1.25,17220.0,United Kingdom
572899,21847,GREEN  DIAMANTE PEN IN GIFT BOX,1,10/26/2011 14:50,4.95,13435.0,United Kingdom
551281,21166,COOK WITH WINE METAL SIGN ,3,4/27/2011 13:31,2.08,13571.0,United Kingdom
571281,21112,SWISS ROLL TOWEL PINK  SPOTS,48,10/16/2011 13:23,2.55,14088.0,United Kingdom
542713,21232,STRAWBERRY CERAMIC TRINKET BOX,36,1/31/2011 13:27,1.25,12668.0,Germany
566847,22371,AIRLINE BAG VINTAGE TOKYO 78,2,9/15/2011 11:57,4.25,15005.0,United Kingdom
544662,85014B,RED RETROSPOT UMBRELLA,1,2/22/2011 14:10,5.95,12845.0,United Kingdom
548533,21537,RED RETROSPOT PUDDING BOWL,6,3/31/2011 17:17,4.25,13883.0,United Kingdom
568659,21212,PACK OF 72 RETROSPOT CAKE CASES,24,9/28/2011 12:28,0.55,13516.0,United Kingdom
577850,23311,VINTAGE CHRISTMAS STOCKING ,6,11/22/2011 11:04,2.55,14911.0,EIRE
573070,85150,LADIES & GENTLEMEN METAL SIGN,1,10/27/2011 13:59,2.55,13263.0,United Kingdom
580523,23357,HOT WATER BOTTLE SEX BOMB,1,12/4/2011 15:00,1.65,17827.0,United Kingdom
547417,85159B,"WHITE TEA,COFFEE,SUGAR JARS",12,3/23/2011 10:25,1.95,13239.0,United Kingdom
538652,22816,CARD MOTORBIKE SANTA,36,12/13/2010 15:12,0.42,17890.0,United Kingdom
580691,22758,LARGE PURPLE BABUSHKA NOTEBOOK  ,12,12/5/2011 15:48,0.39,13790.0,United Kingdom
550332,22602,RETROSPOT WOODEN HEART DECORATION,2,4/17/2011 13:53,0.85,13474.0,United Kingdom
546019,22386,JUMBO BAG PINK POLKADOT,5,3/8/2011 17:25,1.95,14507.0,United Kingdom
555002,47566,PARTY BUNTING,8,5/31/2011 8:50,4.95,17682.0,United Kingdom
C572275,71279,PINK GLASS CANDLEHOLDER,-1,10/23/2011 9:42,2.95,12572.0,Germany
569416,84509A,SET OF 4 ENGLISH ROSE PLACEMATS,4,10/4/2011 10:15,3.75,13801.0,United Kingdom
571441,22577,WOODEN HEART CHRISTMAS SCANDINAVIAN,5,10/17/2011 13:31,1.63,14096.0,United Kingdom
561695,84991,60 TEATIME FAIRY CAKE CASES,24,7/29/2011 10:00,0.55,14005.0,United Kingdom
547712,22499,WOODEN UNION JACK BUNTING,4,3/24/2011 19:31,5.95,16905.0,United Kingdom
539324,22086,PAPER CHAIN KIT 50'S CHRISTMAS ,1,12/16/2010 19:51,2.95,14985.0,United Kingdom
567474,85014B,RED RETROSPOT UMBRELLA,2,9/20/2011 12:53,5.95,13448.0,United Kingdom
579147,82494L,WOODEN FRAME ANTIQUE WHITE ,1,11/28/2011 13:20,2.95,13263.0,United Kingdom
571219,85199L,LARGE HANGING IVORY & RED WOOD BIRD,12,10/14/2011 13:35,0.65,15601.0,United Kingdom
547564,82582,AREA PATROLLED METAL SIGN,24,3/24/2011 9:21,2.1,17512.0,United Kingdom
561205,22625,RED KITCHEN SCALES,2,7/25/2011 15:48,8.5,17693.0,United Kingdom
559921,22374,AIRLINE BAG VINTAGE JET SET RED,1,7/13/2011 15:42,4.25,13667.0,United Kingdom
556187,71459,HANGING JAM JAR T-LIGHT HOLDER,24,6/9/2011 11:49,0.85,15296.0,United Kingdom
551058,85175,CACTI T-LIGHT CANDLES,16,4/26/2011 12:07,0.42,14606.0,United Kingdom
538995,22457,NATURAL SLATE HEART CHALKBOARD ,24,12/15/2010 12:05,2.95,13458.0,United Kingdom
572741,23582,VINTAGE DOILY JUMBO BAG RED ,10,10/25/2011 15:47,2.08,14341.0,United Kingdom
560783,85035C,ROSE 3 WICK MORRIS BOX CANDLE,8,7/21/2011 10:24,4.25,15108.0,European Community
568428,22563,HAPPY STENCIL CRAFT,3,9/27/2011 11:27,1.25,14419.0,United Kingdom
566010,22659,LUNCH BOX I LOVE LONDON,1,9/8/2011 12:05,1.95,13700.0,United Kingdom
543008,22621,TRADITIONAL KNITTING NANCY,96,2/2/2011 13:07,1.25,13824.0,United Kingdom
555562,22916,HERB MARKER THYME,6,6/5/2011 14:45,0.65,17841.0,United Kingdom
549115,22382,LUNCH BAG SPACEBOY DESIGN ,24,4/6/2011 12:41,1.65,13098.0,United Kingdom
569669,22596,CHRISTMAS STAR WISH LIST CHALKBOARD,3,10/5/2011 13:47,1.25,14730.0,United Kingdom
571243,21328,BALLOONS  WRITING SET ,12,10/14/2011 15:26,1.65,14595.0,United Kingdom
579196,22629,SPACEBOY LUNCH BOX ,1,11/28/2011 15:54,4.13,14096.0,United Kingdom
581381,23378,PACK OF 12 50'S CHRISTMAS TISSUES,12,12/8/2011 12:54,0.39,16933.0,United Kingdom
536800,22960,JAM MAKING SET WITH JARS,6,12/2/2010 16:12,4.25,14829.0,United Kingdom
574994,84984B,RED PEONY CUSHION COVER ,6,11/8/2011 11:03,4.65,17870.0,United Kingdom
569897,85032C,CURIOUS IMAGES GIFT WRAP SET,1,10/6/2011 16:01,0.65,17813.0,United Kingdom
551134,22804,CANDLEHOLDER PINK HANGING HEART,2,4/26/2011 13:02,2.95,16729.0,United Kingdom
552692,21755,LOVE BUILDING BLOCK WORD,6,5/10/2011 15:19,5.95,13990.0,United Kingdom
554163,84192,ASSORTED COLOUR METAL CAT ,3,5/23/2011 11:52,1.25,14573.0,United Kingdom
559107,23205,CHARLOTTE BAG VINTAGE ALPHABET ,5,7/6/2011 11:22,0.85,15334.0,United Kingdom
577039,23164,REGENCY CAKE SLICE,8,11/17/2011 13:30,4.95,12539.0,Spain
577314,22728,ALARM CLOCK BAKELIKE PINK,4,11/18/2011 13:23,3.75,12444.0,Norway
559289,82494L,WOODEN FRAME ANTIQUE WHITE ,2,7/7/2011 12:22,2.95,15719.0,United Kingdom
557311,23300,GARDENERS KNEELING PAD CUP OF TEA ,2,6/19/2011 15:36,1.65,15700.0,United Kingdom
571937,16219,HOUSE SHAPE PENCIL SHARPENER,48,10/20/2011 9:28,0.06,14911.0,EIRE
567958,23309,SET OF 60 I LOVE LONDON CAKE CASES ,24,9/23/2011 9:00,0.55,12619.0,Germany
555855,21731,RED TOADSTOOL LED NIGHT LIGHT,3,6/7/2011 13:56,1.65,15311.0,United Kingdom
560885,22096,PINK PAISLEY SQUARE TISSUE BOX ,36,7/21/2011 16:20,0.39,16188.0,United Kingdom
545699,22219,LOVEBIRD HANGING DECORATION WHITE ,4,3/6/2011 14:50,0.85,15572.0,United Kingdom
541239,21559,STRAWBERRY LUNCH BOX WITH CUTLERY,4,1/16/2011 10:56,2.55,16401.0,United Kingdom
556491,22243,5 HOOK HANGER RED MAGIC TOADSTOOL,1,6/12/2011 14:15,1.65,16794.0,United Kingdom
536857,85049E,SCANDINAVIAN REDS RIBBONS,3,12/3/2010 10:33,1.25,16883.0,United Kingdom
561236,37342,POLKADOT COFFEE CUP & SAUCER PINK,24,7/26/2011 10:27,0.79,15159.0,United Kingdom
577058,23202,JUMBO BAG VINTAGE LEAF,3,11/17/2011 14:29,2.08,18122.0,United Kingdom
559477,22457,NATURAL SLATE HEART CHALKBOARD ,6,7/8/2011 13:44,2.95,14315.0,United Kingdom
543094,21931,JUMBO STORAGE BAG SUKI,5,2/3/2011 11:28,1.95,16030.0,United Kingdom
569739,22121,NOEL WOODEN BLOCK LETTERS ,3,10/6/2011 10:48,5.95,14911.0,EIRE
569651,20682,RED RETROSPOT CHILDRENS UMBRELLA,2,10/5/2011 12:49,3.25,14534.0,United Kingdom
553556,21977,PACK OF 60 PINK PAISLEY CAKE CASES,4,5/17/2011 16:48,0.55,17530.0,United Kingdom
540566,22090,PAPER BUNTING RETROSPOT,1,1/10/2011 10:58,2.95,17811.0,United Kingdom
550775,21169,YOU'RE CONFUSING ME METAL SIGN ,12,4/20/2011 13:18,1.69,15805.0,United Kingdom
581149,23323,WHITE WICKER STAR ,1,12/7/2011 14:12,2.1,15471.0,United Kingdom
542893,22722,SET OF 6 SPICE TINS PANTRY DESIGN,8,2/1/2011 13:36,3.95,18202.0,United Kingdom
562204,20982,12 PENCILS TALL TUBE SKULLS,1,8/3/2011 12:54,0.85,16324.0,United Kingdom
556184,21155,RED RETROSPOT PEG BAG,6,6/9/2011 11:39,2.55,16592.0,United Kingdom
553369,82482,WOODEN PICTURE FRAME WHITE FINISH,6,5/16/2011 14:30,2.55,15044.0,United Kingdom
539282,85123A,WHITE HANGING HEART T-LIGHT HOLDER,12,12/16/2010 15:45,2.95,16770.0,United Kingdom
568680,47566,PARTY BUNTING,4,9/28/2011 14:10,4.95,18265.0,United Kingdom
C555935,23208,LUNCH BAG VINTAGE LEAF DESIGN,-10,6/8/2011 9:14,1.65,12567.0,France
572327,22619,SET OF 6 SOLDIER SKITTLES,12,10/24/2011 10:08,3.75,15277.0,United Kingdom
577723,84989A,75 GREEN FAIRY CAKE CASES,1,11/21/2011 12:36,0.55,16713.0,United Kingdom
565916,23293,SET OF 12 FAIRY CAKE BAKING CASES,8,9/7/2011 16:00,0.83,14156.0,EIRE
580727,22547,MINI JIGSAW DINOSAUR ,1,12/5/2011 17:17,0.83,14096.0,United Kingdom
580908,22635,CHILDS BREAKFAST SET DOLLY GIRL ,1,12/6/2011 13:20,9.95,16495.0,United Kingdom
578781,22909,SET OF 20 VINTAGE CHRISTMAS NAPKINS,1,11/25/2011 11:54,0.85,15872.0,United Kingdom
574033,22867,HAND WARMER BIRD DESIGN,12,11/2/2011 12:44,2.1,16558.0,United Kingdom
549573,21175,GIN + TONIC DIET METAL SIGN,3,4/10/2011 16:01,2.55,14504.0,United Kingdom
556829,21209,MULTICOLOUR HONEYCOMB FAN,12,6/15/2011 10:51,0.39,12809.0,Portugal
557958,23292,SPACEBOY CHILDRENS CUP,8,6/23/2011 19:27,1.25,16161.0,United Kingdom
546003,22691,DOORMAT WELCOME SUNRISE,2,3/8/2011 15:07,7.95,16712.0,United Kingdom
553166,22824,3 TIER SWEETHEART GARDEN SHELF,1,5/13/2011 16:14,35.95,17655.0,United Kingdom
552883,23007, SPACEBOY BABY GIFT SET,6,5/12/2011 10:13,14.95,14646.0,Netherlands
550606,47593B,SCOTTIE DOGS BABY BIB,96,4/19/2011 12:08,0.39,12594.0,Italy
562593,23323,WHITE WICKER STAR ,3,8/7/2011 15:43,2.1,16549.0,United Kingdom
550662,21878,PACK OF 6 SANDCASTLE FLAGS ASSORTED,24,4/20/2011 9:29,0.85,15078.0,United Kingdom
558768,21755,LOVE BUILDING BLOCK WORD,1,7/3/2011 13:33,5.95,15952.0,United Kingdom
548649,21155,RED RETROSPOT PEG BAG,100,4/1/2011 13:21,2.1,18179.0,United Kingdom
549831,16156S,WRAP PINK FAIRY CAKES ,25,4/12/2011 13:10,0.42,14844.0,United Kingdom
545602,84970L,SINGLE HEART ZINC T-LIGHT HOLDER,27,3/4/2011 11:49,0.95,17315.0,United Kingdom
552547,22382,LUNCH BAG SPACEBOY DESIGN ,30,5/10/2011 10:34,1.65,13098.0,United Kingdom
567197,22423,REGENCY CAKESTAND 3 TIER,2,9/19/2011 10:10,12.75,14934.0,Channel Islands
573347,85032B,BLOSSOM IMAGES GIFT WRAP SET,3,10/30/2011 12:26,0.65,13137.0,United Kingdom
564554,84251B,"GREETING CARD, STICKY GORDON",12,8/25/2011 19:39,0.19,17189.0,United Kingdom
542276,22588,CARD HOLDER GINGHAM HEART,12,1/27/2011 10:19,2.55,12764.0,Lebanon
564967,23084,RABBIT NIGHT LIGHT,6,8/31/2011 15:13,2.08,17659.0,United Kingdom
553691,21211,SET OF 72 SKULL PAPER  DOILIES,1,5/18/2011 14:08,1.45,15311.0,United Kingdom
578521,23333,IVORY WICKER HEART MEDIUM,1,11/24/2011 14:06,1.25,17812.0,United Kingdom
562950,71459,HANGING JAM JAR T-LIGHT HOLDER,12,8/11/2011 9:56,0.85,15608.0,United Kingdom
553891,23144,ZINC T-LIGHT HOLDER STARS SMALL,144,5/19/2011 16:47,0.72,16839.0,United Kingdom
572290,22633,HAND WARMER UNION JACK,4,10/23/2011 12:46,2.1,14800.0,United Kingdom
566554,22383,LUNCH BAG SUKI DESIGN ,10,9/13/2011 11:39,1.65,13136.0,United Kingdom
539474,22063,CERAMIC BOWL WITH STRAWBERRY DESIGN,1,12/19/2010 14:27,2.95,15581.0,United Kingdom
563565,23241,TREASURE TIN GYMKHANA DESIGN,3,8/17/2011 14:22,2.08,17338.0,United Kingdom
547664,37340,MULTICOLOUR SPRING FLOWER MUG,12,3/24/2011 13:16,0.39,13069.0,United Kingdom
562841,22749,FELTCRAFT PRINCESS CHARLOTTE DOLL,4,8/9/2011 16:42,3.75,17675.0,United Kingdom
578850,22667,RECIPE BOX RETROSPOT ,2,11/27/2011 10:47,2.95,13571.0,United Kingdom
577791,21889,WOODEN BOX OF DOMINOES,12,11/21/2011 16:36,1.25,17100.0,United Kingdom
544301,21067,VINTAGE RED TEATIME MUG,2,2/17/2011 12:59,1.25,14606.0,United Kingdom
546979,21078,SET/20 STRAWBERRY PAPER NAPKINS ,96,3/18/2011 12:18,0.72,16256.0,United Kingdom
541244,72351B,SET/6 PINK  BUTTERFLY T-LIGHTS,2,1/16/2011 12:35,2.1,15535.0,United Kingdom
543161,22786,CUSHION COVER PINK UNION JACK,2,2/3/2011 17:01,5.95,14497.0,United Kingdom
573314,22526,WHEELBARROW FOR CHILDREN ,1,10/28/2011 17:26,12.75,16987.0,United Kingdom
579062,23206,LUNCH BAG APPLE DESIGN,10,11/28/2011 10:29,1.65,17651.0,United Kingdom
546560,21172,PARTY METAL SIGN ,50,3/15/2011 10:26,1.25,12931.0,United Kingdom
549577,20972,PINK CREAM FELT CRAFT TRINKET BOX ,12,4/11/2011 8:16,1.25,14286.0,United Kingdom
537852,82600,NO SINGING METAL SIGN,60,12/8/2010 15:56,1.69,17340.0,United Kingdom
559125,23292,SPACEBOY CHILDRENS CUP,8,7/6/2011 12:32,1.25,13985.0,United Kingdom
545523,21034,REX CASH+CARRY JUMBO SHOPPER,1,3/3/2011 12:41,0.95,14524.0,United Kingdom
579461,22111,SCOTTIE DOG HOT WATER BOTTLE,24,11/29/2011 14:42,4.25,15615.0,United Kingdom
572073,22120,WELCOME  WOODEN BLOCK LETTERS,1,10/20/2011 13:46,9.95,13263.0,United Kingdom
572925,23485,BOTANICAL GARDENS WALL CLOCK ,1,10/27/2011 9:18,25.0,12523.0,France
549121,21770,OPEN CLOSED METAL SIGN,1,4/6/2011 13:33,4.95,17140.0,United Kingdom
538312,21733,RED HANGING HEART T-LIGHT HOLDER,5,12/10/2010 13:48,2.95,16727.0,United Kingdom
559106,79321,CHILLI LIGHTS,3,7/6/2011 11:10,5.75,15889.0,United Kingdom
567505,37495,FAIRY CAKE BIRTHDAY CANDLE SET,4,9/20/2011 14:34,3.75,12352.0,Norway
570679,22493,PAINT YOUR OWN CANVAS SET,12,10/11/2011 15:26,1.65,17769.0,United Kingdom
C554300,82486,WOOD S/3 CABINET ANT WHITE FINISH,-1,5/23/2011 14:33,8.95,13455.0,United Kingdom
551527,21429,RED GINGHAM ROSE JEWELLERY BOX,1,5/1/2011 12:41,1.95,14395.0,United Kingdom
576880,16169E,WRAP 50'S  CHRISTMAS,25,11/16/2011 17:03,0.42,14911.0,EIRE
559120,22900,SET 2 TEA TOWELS I LOVE LONDON ,2,7/6/2011 12:18,3.25,16393.0,United Kingdom
560895,84992,72 SWEETHEART FAIRY CAKE CASES,24,7/21/2011 17:12,0.55,13089.0,United Kingdom
562688,22429,ENAMEL MEASURING JUG CREAM,2,8/8/2011 13:53,4.25,13869.0,United Kingdom
571559,23342,MINT DINER WALL CLOCK,2,10/18/2011 9:32,8.5,14911.0,EIRE
539217,22674,FRENCH TOILET SIGN BLUE METAL,12,12/16/2010 12:46,1.25,15394.0,United Kingdom
554271,47590B,PINK HAPPY BIRTHDAY BUNTING,50,5/23/2011 13:06,4.65,16422.0,United Kingdom
573132,21824,PAINTED METAL STAR WITH HOLLY BELLS,24,10/27/2011 16:55,0.39,15189.0,United Kingdom
543055,22781,GUMBALL MAGAZINE RACK,2,2/3/2011 10:41,7.65,12502.0,Spain
577514,23489,VINTAGE BELLS GARLAND,6,11/20/2011 13:00,2.89,16212.0,United Kingdom
570488,20655,QUEEN OF SKIES LUGGAGE TAG,1,10/10/2011 17:12,2.46,14096.0,United Kingdom
573359,21034,REX CASH+CARRY JUMBO SHOPPER,2,10/30/2011 12:48,0.95,14178.0,United Kingdom
572853,84030E,ENGLISH ROSE HOT WATER BOTTLE,4,10/26/2011 12:28,4.25,17712.0,United Kingdom
574043,22188,BLACK HEART CARD HOLDER,3,11/2/2011 13:13,3.95,16367.0,United Kingdom
549570,20724,RED RETROSPOT CHARLOTTE BAG,3,4/10/2011 15:19,0.85,17550.0,United Kingdom
537843,22778,GLASS CLOCHE SMALL,4,12/8/2010 15:16,3.95,15713.0,United Kingdom
562541,22189,CREAM HEART CARD HOLDER,48,8/5/2011 15:39,2.31,18102.0,United Kingdom
547548,84531A,PINK KNITTED EGG COSY,4,3/23/2011 15:37,0.39,15644.0,United Kingdom
C549051,22797,CHEST OF DRAWERS GINGHAM HEART ,-2,4/6/2011 10:17,16.95,14747.0,United Kingdom
543740,22262,FELT EGG COSY CHICKEN,2,2/11/2011 13:36,0.85,15311.0,United Kingdom
547649,22645,CERAMIC HEART FAIRY CAKE MONEY BANK,2,3/24/2011 12:02,1.45,18118.0,United Kingdom
562908,22173,METAL 4 HOOK HANGER FRENCH CHATEAU,32,8/10/2011 12:48,2.55,16839.0,United Kingdom
555731,48194,DOORMAT HEARTS,2,6/7/2011 7:49,7.95,16655.0,United Kingdom
571831,23080,RED METAL BOX TOP SECRET,4,10/19/2011 12:01,8.25,16979.0,United Kingdom
558538,23207,LUNCH BAG ALPHABET DESIGN,2,6/30/2011 12:12,1.65,15005.0,United Kingdom
550900,22432,WATERING CAN PINK BUNNY,12,4/21/2011 12:11,1.95,16553.0,United Kingdom
570288,22632,HAND WARMER RED RETROSPOT,2,10/10/2011 11:47,2.1,16960.0,United Kingdom
580664,21592,RETROSPOT CIGAR BOX MATCHES ,24,12/5/2011 14:03,0.39,15097.0,United Kingdom
572066,23240,SET OF 4 KNICK KNACK TINS DOILY ,6,10/20/2011 13:07,4.15,15159.0,United Kingdom
538900,21745,GAOLERS KEYS DECORATIVE GARDEN ,4,12/15/2010 9:51,3.75,13078.0,United Kingdom
546386,22457,NATURAL SLATE HEART CHALKBOARD ,6,3/11/2011 13:31,2.95,14312.0,United Kingdom
562085,23345, DOLLY GIRL BEAKER,12,8/2/2011 12:27,1.25,15228.0,United Kingdom
571901,22503,CABIN BAG VINTAGE PAISLEY,3,10/19/2011 14:36,29.95,12757.0,Portugal
546423,22760,"TRAY, BREAKFAST IN BED",1,3/13/2011 12:39,12.75,14502.0,United Kingdom
563216,22557,PLASTERS IN TIN VINTAGE PAISLEY ,1,8/14/2011 13:14,1.65,17841.0,United Kingdom
571221,23328,SET 6 SCHOOL MILK BOTTLES IN CRATE,5,10/14/2011 13:35,3.75,16416.0,United Kingdom
540260,85014B,RED RETROSPOT UMBRELLA,6,1/6/2011 9:40,5.95,13097.0,United Kingdom
565926,23311,VINTAGE CHRISTMAS STOCKING ,6,9/8/2011 10:02,2.55,13305.0,United Kingdom
567186,21988,PACK OF 6 SKULL PAPER PLATES,2,9/18/2011 16:04,0.85,17073.0,United Kingdom
574933,22568,FELTCRAFT CUSHION OWL,4,11/7/2011 16:49,3.75,18150.0,United Kingdom
540278,21429,RED GINGHAM ROSE JEWELLERY BOX,4,1/6/2011 12:31,1.65,15719.0,United Kingdom
546862,82581,TOILET METAL SIGN,12,3/17/2011 15:34,0.55,16216.0,United Kingdom
578485,20725,LUNCH BAG RED RETROSPOT,10,11/24/2011 12:52,1.65,12921.0,United Kingdom
574034,22695,WICKER WREATH SMALL,6,11/2/2011 12:45,1.45,17841.0,United Kingdom
549789,22712,CARD DOLLY GIRL ,12,4/12/2011 12:00,0.42,17160.0,United Kingdom
547504,22908,PACK OF 20 NAPKINS RED APPLES,60,3/23/2011 13:33,0.85,12683.0,France
548552,22168,ORGANISER WOOD ANTIQUE WHITE ,2,4/1/2011 9:06,8.5,17613.0,United Kingdom
568654,22776,SWEETHEART 3 TIER CAKE STAND ,2,9/28/2011 12:20,9.95,14911.0,EIRE
548451,22971,QUEENS GUARD COFFEE MUG,1,3/31/2011 11:25,2.55,17365.0,United Kingdom
550964,23154,SET OF 4 JAM JAR MAGNETS,12,4/21/2011 16:48,2.08,15856.0,United Kingdom
537254,22699,ROSES REGENCY TEACUP AND SAUCER ,2,12/6/2010 11:01,2.95,15898.0,United Kingdom
559307,22413,METAL SIGN TAKE IT OR LEAVE IT ,2,7/7/2011 13:02,2.95,15356.0,United Kingdom
577794,85049G,CHOCOLATE BOX RIBBONS ,1,11/21/2011 16:48,1.25,14030.0,United Kingdom
558638,23163,REGENCY SUGAR TONGS,8,7/1/2011 8:16,2.49,16317.0,United Kingdom
554981,21932,SCANDINAVIAN PAISLEY PICNIC BAG,10,5/29/2011 12:06,1.65,17613.0,United Kingdom
549910,23194,GYMKHANA TREASURE BOOK BOX,1,4/12/2011 17:12,2.25,16697.0,United Kingdom
574707,23298,SPOTTY BUNTING,3,11/6/2011 14:08,4.95,17107.0,United Kingdom
566969,85015,SET OF 12  VINTAGE POSTCARD SET,24,9/15/2011 19:36,0.65,15205.0,United Kingdom
547896,22088,PAPER BUNTING COLOURED LACE,1,3/28/2011 11:34,2.95,17841.0,United Kingdom
574287,84879,ASSORTED COLOUR BIRD ORNAMENT,2,11/3/2011 15:09,1.69,14723.0,United Kingdom
550805,22355,CHARLOTTE BAG SUKI DESIGN,30,4/20/2011 15:38,0.85,13162.0,United Kingdom
554808,21164,HOME SWEET HOME METAL SIGN ,1,5/26/2011 13:01,2.95,17059.0,United Kingdom
564061,22575,METAL MERRY CHRISTMAS WREATH,4,8/22/2011 14:38,1.95,14505.0,United Kingdom
567656,22812,PACK 3 BOXES CHRISTMAS PANNETONE,5,9/21/2011 14:40,4.13,14096.0,United Kingdom
578264,22983,CARD BILLBOARD FONT,12,11/23/2011 13:27,0.42,12748.0,United Kingdom
569491,23237,SET OF 4 KNICK KNACK TINS LEAF,2,10/4/2011 13:25,4.15,14056.0,United Kingdom
578954,17012D,ORIGAMI ROSE INCENSE/CANDLE SET ,3,11/27/2011 15:02,0.85,15054.0,United Kingdom
555567,23298,SPOTTY BUNTING,6,6/5/2011 15:25,4.95,17050.0,United Kingdom
560445,23299,FOOD COVER WITH BEADS SET 2 ,100,7/19/2011 9:08,3.39,14156.0,EIRE
576809,22086,PAPER CHAIN KIT 50'S CHRISTMAS ,12,11/16/2011 14:20,2.95,14851.0,United Kingdom
570488,21914,BLUE HARMONICA IN BOX ,5,10/10/2011 17:12,2.46,14096.0,United Kingdom
572241,22867,HAND WARMER BIRD DESIGN,12,10/21/2011 15:20,2.1,12712.0,Germany
562377,23307,SET OF 60 PANTRY DESIGN CAKE CASES ,3,8/4/2011 15:04,0.55,14535.0,United Kingdom
573106,23571,TRADITIONAL NAUGHTS & CROSSES,12,10/27/2011 15:05,1.65,12626.0,Germany
539196,17107D,"FLOWER FAIRY,5 SUMMER B'DRAW LINERS",12,12/16/2010 12:09,2.55,18055.0,United Kingdom
572771,22592,CARDHOLDER HOLLY WREATH METAL,4,10/26/2011 10:24,3.75,16173.0,United Kingdom
574663,22780,LIGHT GARLAND BUTTERFILES PINK,3,11/6/2011 12:04,4.25,13527.0,United Kingdom
561054,23317,BLUE REFECTORY CLOCK ,2,7/24/2011 13:13,9.95,18229.0,United Kingdom
555508,22412,METAL SIGN NEIGHBOURHOOD WITCH ,2,6/3/2011 16:45,2.1,16880.0,United Kingdom
563382,21621,VINTAGE UNION JACK BUNTING,2,8/16/2011 10:50,8.5,18221.0,United Kingdom
555260,23284,DOORMAT KEEP CALM AND COME IN,1,6/1/2011 15:34,7.95,13263.0,United Kingdom
569573,82484,WOOD BLACK BOARD ANT WHITE FINISH,12,10/5/2011 10:11,6.75,17511.0,United Kingdom
568060,84978,HANGING HEART JAR T-LIGHT HOLDER,6,9/23/2011 13:11,1.25,14546.0,United Kingdom
577174,21935,SUKI  SHOULDER BAG,1,11/18/2011 10:58,1.65,17841.0,United Kingdom
549185,84997D,CHILDRENS CUTLERY POLKADOT PINK,4,4/7/2011 9:35,4.15,18272.0,United Kingdom
569207,22379,RECYCLING BAG RETROSPOT ,3,10/2/2011 11:04,2.1,17811.0,United Kingdom
552654,22375,AIRLINE BAG VINTAGE JET SET BROWN,1,5/10/2011 14:20,4.25,15756.0,United Kingdom
557314,20676,RED RETROSPOT BOWL,8,6/19/2011 15:59,1.25,12541.0,Spain
554996,22470,HEART OF WICKER LARGE,10,5/29/2011 14:28,2.95,16407.0,United Kingdom
566289,22728,ALARM CLOCK BAKELIKE PINK,4,9/11/2011 15:20,3.75,15601.0,United Kingdom
566042,21930,JUMBO STORAGE BAG SKULLS,5,9/8/2011 13:53,2.08,17811.0,United Kingdom
579098,22360,GLASS JAR ENGLISH CONFECTIONERY,1,11/28/2011 11:18,2.95,14606.0,United Kingdom
578011,22489,PACK OF 12 TRADITIONAL CRAYONS,24,11/22/2011 12:52,0.42,15150.0,United Kingdom
580396,22722,SET OF 6 SPICE TINS PANTRY DESIGN,1,12/4/2011 11:00,3.95,13838.0,United Kingdom
559357,22670,FRENCH WC SIGN BLUE METAL,2,7/7/2011 18:56,1.25,17107.0,United Kingdom
555114,23102,SILVER HEARTS TABLE DECORATION,12,5/31/2011 14:55,0.83,13571.0,United Kingdom
565218,23320,GIANT 50'S CHRISTMAS CRACKER,12,9/1/2011 17:45,2.89,12739.0,United Arab Emirates
545428,22846,BREAD BIN DINER STYLE RED ,2,3/2/2011 14:43,16.95,14239.0,United Kingdom
579634,23308,SET OF 60 VINTAGE LEAF CAKE CASES ,24,11/30/2011 12:18,0.55,12598.0,France
541570,22974,CHILDRENS DOLLY GIRL MUG,48,1/19/2011 12:34,1.45,14646.0,Netherlands
573019,84997B,CHILDRENS CUTLERY RETROSPOT RED ,4,10/27/2011 12:33,4.15,15145.0,United Kingdom
560451,23280,FOLDING BUTTERFLY MIRROR HOT PINK ,12,7/19/2011 9:50,0.83,14911.0,EIRE
567462,22141,CHRISTMAS CRAFT TREE TOP ANGEL,1,9/20/2011 12:35,2.1,14446.0,United Kingdom
573340,23209,LUNCH BAG VINTAGE DOILY ,4,10/30/2011 11:55,1.65,14159.0,United Kingdom
576924,22591,CARDHOLDER GINGHAM CHRISTMAS TREE,6,11/17/2011 10:53,3.25,17419.0,United Kingdom
536863,22745,POPPY'S PLAYHOUSE BEDROOM ,1,12/3/2010 11:19,2.1,17967.0,United Kingdom
566235,82494L,WOODEN FRAME ANTIQUE WHITE ,12,9/11/2011 11:17,2.95,15636.0,United Kingdom
545325,48187,DOORMAT NEW ENGLAND,10,3/1/2011 15:01,6.75,16525.0,United Kingdom
577403,21015,DARK BIRD HOUSE TREE DECORATION,24,11/20/2011 10:15,0.29,13988.0,United Kingdom
C555639,22766,PHOTO FRAME CORNICE,-1,6/6/2011 12:58,2.95,13458.0,United Kingdom
575982,23184,BULL DOG BOTTLE OPENER,1,11/13/2011 13:42,4.95,13798.0,United Kingdom
565725,22398,MAGNETS PACK OF 4 SWALLOWS,12,9/6/2011 11:55,0.39,13949.0,United Kingdom
555642,21260,FIRST AID TIN,6,6/6/2011 13:18,3.25,18248.0,United Kingdom
571064,22563,HAPPY STENCIL CRAFT,1,10/13/2011 14:48,1.25,17181.0,United Kingdom
570102,22079,RIBBON REEL HEARTS DESIGN ,10,10/7/2011 12:17,1.65,16455.0,United Kingdom
562217,22080,RIBBON REEL POLKADOTS ,10,8/3/2011 14:06,1.65,17659.0,United Kingdom
560368,23165,LARGE CERAMIC TOP STORAGE JAR,1,7/18/2011 12:25,1.65,17841.0,United Kingdom
579516,21981,PACK OF 12 WOODLAND TISSUES ,1,11/29/2011 17:52,0.39,17841.0,United Kingdom
574863,84380,SET OF 3 BUTTERFLY COOKIE CUTTERS,1,11/7/2011 12:29,1.45,15719.0,United Kingdom
556181,21901,"KEY FOB , BACK DOOR ",48,6/9/2011 11:32,0.65,15407.0,United Kingdom
567077,84997B,CHILDRENS CUTLERY RETROSPOT RED ,1,9/16/2011 12:34,4.15,18122.0,United Kingdom
574059,22726,ALARM CLOCK BAKELIKE GREEN,1,11/2/2011 14:13,3.75,14646.0,Netherlands
564556,22511,RETROSPOT BABUSHKA DOORSTOP,1,8/25/2011 19:48,3.75,12748.0,United Kingdom
579171,23505,PLAYING CARDS I LOVE LONDON ,2,11/28/2011 14:30,1.25,13030.0,United Kingdom
575687,22587,FELTCRAFT HAIRBAND RED AND BLUE,36,11/10/2011 16:03,0.85,16126.0,United Kingdom
570246,78124,MAGAZINE RACK GEBRA ASSORTED ,2,10/9/2011 16:22,1.25,16921.0,United Kingdom
564552,21218,RED SPOTTY BISCUIT TIN,6,8/25/2011 17:22,3.75,16670.0,United Kingdom
569469,22382,LUNCH BAG SPACEBOY DESIGN ,2,10/4/2011 12:22,1.65,16360.0,United Kingdom
557950,84709B,PINK OVAL JEWELLED MIRROR,2,6/23/2011 17:35,5.95,17848.0,United Kingdom
555368,21469,POLKA DOT RAFFIA FOOD COVER,6,6/2/2011 14:30,3.75,13437.0,United Kingdom
578948,23109,PACK OF SIX LED TEA LIGHTS,6,11/27/2011 14:25,2.89,17411.0,United Kingdom
579555,21754,HOME BUILDING BLOCK WORD,1,11/30/2011 11:08,6.25,16241.0,United Kingdom
568170,21915,RED  HARMONICA IN BOX ,12,9/25/2011 13:08,1.25,16931.0,United Kingdom
548780,21495,SKULLS AND CROSSBONES WRAP,25,4/4/2011 12:37,0.42,13294.0,United Kingdom
554635,22088,PAPER BUNTING COLOURED LACE,6,5/25/2011 11:45,2.95,13069.0,United Kingdom
566428,22804,CANDLEHOLDER PINK HANGING HEART,6,9/12/2011 14:24,2.95,15932.0,United Kingdom
574899,22952,60 CAKE CASES VINTAGE CHRISTMAS,24,11/7/2011 15:10,0.55,14426.0,United Kingdom
570593,22578,WOODEN STAR CHRISTMAS SCANDINAVIAN,48,10/11/2011 11:38,0.29,18180.0,United Kingdom
553860,21336,GOLD WASHBAG,1,5/19/2011 13:57,2.95,17841.0,United Kingdom
549720,21714,CITRONELLA CANDLE GARDEN POT,5,4/11/2011 15:25,1.25,14606.0,United Kingdom
574340,20961,STRAWBERRY BATH SPONGE ,3,11/4/2011 10:08,1.25,17377.0,United Kingdom
558620,85036A,GARDENIA 1 WICK MORRIS BOXED CANDLE,1,6/30/2011 16:39,4.25,15584.0,United Kingdom
568992,85049E,SCANDINAVIAN REDS RIBBONS,6,9/29/2011 16:48,1.25,17218.0,United Kingdom
573300,85099F,JUMBO BAG STRAWBERRY,1,10/28/2011 16:10,2.08,16049.0,United Kingdom
576062,23202,JUMBO BAG VINTAGE LEAF,3,11/13/2011 15:30,2.08,12867.0,United Kingdom
567905,22699,ROSES REGENCY TEACUP AND SAUCER ,6,9/22/2011 16:37,2.95,12952.0,United Kingdom
557123,22995,TRAVEL CARD WALLET SUKI,10,6/16/2011 17:56,0.42,15555.0,United Kingdom
547656,22999,TRAVEL CARD WALLET RETRO PETALS,2,3/24/2011 12:53,0.42,13263.0,United Kingdom
569022,21673,WHITE SPOT BLUE CERAMIC DRAWER KNOB,12,9/30/2011 9:45,1.45,17725.0,United Kingdom
562558,22507,MEMO BOARD RETROSPOT  DESIGN,2,8/5/2011 16:43,4.95,13451.0,United Kingdom
539475,85227,SET OF 6 3D KIT CARDS FOR KIDS,1,12/19/2010 14:41,0.85,16686.0,United Kingdom
539309,85099F,JUMBO BAG STRAWBERRY,10,12/16/2010 17:49,1.95,16945.0,United Kingdom
572211,22398,MAGNETS PACK OF 4 SWALLOWS,24,10/21/2011 12:25,0.39,13429.0,United Kingdom
540372,21982,PACK OF 12 SUKI TISSUES ,24,1/6/2011 16:41,0.29,13081.0,United Kingdom
560646,22171,3 HOOK PHOTO SHELF ANTIQUE WHITE,83,7/20/2011 11:28,5.88,18102.0,United Kingdom
574726,23215,JINGLE BELL HEART ANTIQUE SILVER,2,11/6/2011 14:56,2.08,14664.0,United Kingdom
578998,21791,VINTAGE HEADS AND TAILS CARD GAME ,1,11/27/2011 16:05,1.25,15436.0,United Kingdom
555570,22831,WHITE BROCANTE SOAP DISH,6,6/5/2011 15:36,2.95,15152.0,United Kingdom
574029,23438, RED SPOT GIFT BAG LARGE,24,11/2/2011 12:34,1.25,12955.0,United Kingdom
571912,82582,AREA PATROLLED METAL SIGN,12,10/19/2011 15:26,2.1,17512.0,United Kingdom
546479,23176,ABC TREASURE BOOK BOX ,8,3/14/2011 11:38,2.25,12682.0,France
577485,23311,VINTAGE CHRISTMAS STOCKING ,5,11/20/2011 11:56,2.55,16360.0,United Kingdom
577524,23269,SET OF 2 CERAMIC CHRISTMAS TREES,1,11/20/2011 13:33,1.45,16905.0,United Kingdom
542231,85123A,WHITE HANGING HEART T-LIGHT HOLDER,6,1/26/2011 13:40,2.95,16714.0,United Kingdom
544806,22945,CHRISTMAS METAL TAGS ASSORTED ,12,2/23/2011 14:50,0.85,15932.0,United Kingdom
558922,23298,SPOTTY BUNTING,3,7/5/2011 10:06,4.95,16782.0,United Kingdom
576071,22335,HEART DECORATION PAINTED ZINC ,2,11/13/2011 16:03,0.65,18069.0,United Kingdom
567904,23176,ABC TREASURE BOOK BOX ,8,9/22/2011 16:34,2.25,12609.0,Germany
551440,20726,LUNCH BAG WOODLAND,1,4/28/2011 15:29,1.65,15311.0,United Kingdom
572513,23508,MINI PLAYING CARDS DOLLY GIRL ,2,10/24/2011 14:36,0.42,16728.0,United Kingdom
546540,16156S,WRAP PINK FAIRY CAKES ,100,3/14/2011 15:05,0.34,15061.0,United Kingdom
557119,21934,SKULL SHOULDER BAG,10,6/16/2011 17:08,1.65,17416.0,United Kingdom
C555636,22679,FRENCH BLUE METAL DOOR SIGN 4,-10,6/6/2011 12:33,1.25,15073.0,United Kingdom
546739,21121,SET/10 RED POLKADOT PARTY CANDLES,24,3/16/2011 12:12,1.25,17511.0,United Kingdom
552769,48187,DOORMAT NEW ENGLAND,1,5/11/2011 11:47,7.95,16241.0,United Kingdom
543631,22196,SMALL HEART MEASURING SPOONS,2,2/10/2011 16:17,0.85,14081.0,United Kingdom
553239,84947,ANTIQUE SILVER TEA GLASS ENGRAVED,48,5/16/2011 11:31,1.25,16226.0,United Kingdom
544294,21669,BLUE STRIPE CERAMIC DRAWER KNOB,12,2/17/2011 12:42,1.25,15601.0,United Kingdom
557670,22491,PACK OF 12 COLOURED PENCILS,576,6/22/2011 10:11,0.72,12798.0,Japan
553034,22531,MAGIC DRAWING SLATE CIRCUS PARADE  ,48,5/12/2011 20:03,0.42,17970.0,United Kingdom
579293,22619,SET OF 6 SOLDIER SKITTLES,1,11/29/2011 11:22,3.75,14419.0,United Kingdom
577061,23569,TRADTIONAL ALPHABET STAMP SET,4,11/17/2011 14:40,4.95,14911.0,EIRE
580963,22835,HOT WATER BOTTLE I AM SO POORLY,8,12/6/2011 14:49,4.95,14868.0,United Kingdom
576252,22094,RED RETROSPOT TISSUE BOX,36,11/14/2011 13:55,0.39,14418.0,United Kingdom
552277,21714,CITRONELLA CANDLE GARDEN POT,6,5/8/2011 12:34,1.25,13642.0,United Kingdom
557153,23172,REGENCY TEA PLATE PINK,3,6/17/2011 11:07,1.65,13735.0,United Kingdom
550193,84991,60 TEATIME FAIRY CAKE CASES,48,4/15/2011 9:27,0.55,13952.0,United Kingdom
580469,22998,TRAVEL CARD WALLET KEEP CALM,1,12/4/2011 12:32,0.42,14583.0,United Kingdom
549689,POST,POSTAGE,1,4/11/2011 13:40,4.95,15971.0,United Kingdom
550193,35924,HANGING FAIRY CAKE DECORATION,6,4/15/2011 9:27,2.1,13952.0,United Kingdom
574911,90018A,SILVER M.O.P ORBIT DROP EARRINGS,2,11/7/2011 15:49,4.25,14073.0,United Kingdom
540094,22470,HEART OF WICKER LARGE,6,1/4/2011 15:33,2.95,14221.0,United Kingdom
561518,23294,SET OF 6 SNACK LOAF BAKING CASES,16,7/27/2011 15:20,0.83,15261.0,United Kingdom
575612,22355,CHARLOTTE BAG SUKI DESIGN,10,11/10/2011 12:47,0.85,17416.0,United Kingdom
573136,21485,RETROSPOT HEART HOT WATER BOTTLE,3,10/27/2011 17:00,4.95,12709.0,Germany
572909,22624,IVORY KITCHEN SCALES,2,10/26/2011 15:48,8.5,15821.0,United Kingdom
580872,22616,PACK OF 12 LONDON TISSUES ,2,12/6/2011 12:02,0.39,18283.0,United Kingdom
557468,84992,72 SWEETHEART FAIRY CAKE CASES,3,6/20/2011 13:14,0.55,16713.0,United Kingdom
571701,23263,SET OF 3 WOODEN HEART DECORATIONS,12,10/18/2011 15:05,1.25,14639.0,United Kingdom
550750,22566,FELTCRAFT HAIRBAND PINK AND PURPLE,12,4/20/2011 11:45,0.85,13632.0,United Kingdom
566649,21175,GIN + TONIC DIET METAL SIGN,24,9/14/2011 11:26,2.55,18173.0,United Kingdom
C546209,85159B,"WHITE TEA,COFFEE,SUGAR JARS",-2,3/10/2011 11:31,4.4,15596.0,United Kingdom
553141,23298,SPOTTY BUNTING,4,5/13/2011 13:01,4.95,15907.0,United Kingdom
569638,20981,12 PENCILS TALL TUBE WOODLAND,12,10/5/2011 12:15,0.85,16140.0,United Kingdom
547786,20675,BLUE POLKADOT BOWL,1,3/25/2011 11:44,1.25,14587.0,United Kingdom
574042,21231,SWEETHEART CERAMIC TRINKET BOX,32,11/2/2011 13:05,1.25,17947.0,United Kingdom
573992,23311,VINTAGE CHRISTMAS STOCKING ,6,11/2/2011 11:20,2.55,15275.0,United Kingdom
551693,22029,SPACEBOY BIRTHDAY CARD,12,5/3/2011 13:36,0.42,15582.0,United Kingdom
563555,81950B,FLOWER BLUE CLOCK WITH SUCKER,4,8/17/2011 13:21,0.29,16755.0,United Kingdom
538839,22540,MINI JIGSAW CIRCUS PARADE ,1,12/14/2010 13:10,0.42,14606.0,United Kingdom
549916,84755,COLOUR GLASS T-LIGHT HOLDER HANGING,16,4/13/2011 9:39,0.65,13717.0,United Kingdom
551351,23136,IVORY WIRE SWEETHEART LETTER TRAY,12,4/28/2011 10:20,3.29,14298.0,United Kingdom
561258,22766,PHOTO FRAME CORNICE,8,7/26/2011 12:03,2.95,15513.0,United Kingdom
559357,23240,SET OF 4 KNICK KNACK TINS DOILEY ,6,7/7/2011 18:56,4.15,17107.0,United Kingdom
557886,22607,WOODEN ROUNDERS GARDEN SET ,2,6/23/2011 13:39,9.95,17799.0,United Kingdom
560368,46000M,POLYESTER FILLER PAD 45x45cm,1,7/18/2011 12:25,1.55,17841.0,United Kingdom
564856,22325,MOBILE VINTAGE HEARTS ,3,8/31/2011 9:11,4.95,12477.0,Germany
573501,21520,BOOZE & WOMEN GREETING CARD ,24,10/31/2011 12:02,0.42,18055.0,United Kingdom
564020,23288,GREEN VINTAGE SPOT BEAKER,8,8/22/2011 11:57,0.85,13971.0,United Kingdom
579001,22554,PLASTERS IN TIN WOODLAND ANIMALS,3,11/27/2011 16:19,1.65,15555.0,United Kingdom
561807,22671,FRENCH LAUNDRY SIGN BLUE METAL,24,7/29/2011 15:02,1.65,17491.0,United Kingdom
544106,82482,WOODEN PICTURE FRAME WHITE FINISH,4,2/16/2011 10:47,2.55,14530.0,United Kingdom
578273,22727,ALARM CLOCK BAKELIKE RED ,6,11/23/2011 13:41,3.75,14335.0,Germany
576857,23199,JUMBO BAG APPLES,1,11/16/2011 15:52,2.08,12748.0,United Kingdom
579672,21977,PACK OF 60 PINK PAISLEY CAKE CASES,24,11/30/2011 12:41,0.55,14005.0,United Kingdom
575219,22766,PHOTO FRAME CORNICE,48,11/9/2011 11:17,2.55,17511.0,United Kingdom
575694,23188,VINTAGE  2 METRE FOLDING RULER,1,11/10/2011 16:38,1.65,12748.0,United Kingdom
C562661,22744,MAKE YOUR OWN MONSOON CARD KIT,-6,8/8/2011 13:40,2.95,13588.0,United Kingdom
575602,82552,WASHROOM METAL SIGN,1,11/10/2011 12:27,1.45,17059.0,United Kingdom
575854,21891,TRADITIONAL WOODEN SKIPPING ROPE,12,11/11/2011 12:20,1.45,14125.0,United Kingdom
540405,22499,WOODEN UNION JACK BUNTING,48,1/7/2011 9:50,4.95,14828.0,United Kingdom
575063,22630,DOLLY GIRL LUNCH BOX,3,11/8/2011 12:32,1.95,16764.0,United Kingdom
579461,47566,PARTY BUNTING,4,11/29/2011 14:42,4.95,15615.0,United Kingdom
C570902,84820,DANISH ROSE TRINKET TRAYS,-4,10/13/2011 10:53,5.95,17724.0,United Kingdom
550446,21314,SMALL GLASS HEART TRINKET POT,32,4/18/2011 12:36,2.1,13871.0,United Kingdom
547924,22171,3 HOOK PHOTO SHELF ANTIQUE WHITE,2,3/28/2011 13:39,8.5,17749.0,United Kingdom
575167,22944,CHRISTMAS METAL POSTCARD WITH BELLS,72,11/8/2011 17:09,0.39,15153.0,United Kingdom
537382,22075,6 RIBBONS ELEGANT CHRISTMAS ,4,12/6/2010 13:13,1.65,16710.0,United Kingdom
581500,48187,DOORMAT NEW ENGLAND,2,12/9/2011 10:45,8.25,15344.0,United Kingdom
552826,21163,DO NOT TOUCH MY STUFF DOOR HANGER ,4,5/11/2011 13:20,1.45,14277.0,France
570722,84946,ANTIQUE SILVER T-LIGHT GLASS,72,10/12/2011 11:08,1.06,14642.0,United Kingdom
540999,22381,TOY TIDY PINK POLKADOT,50,1/13/2011 10:08,1.85,13694.0,United Kingdom
544450,22521,CHILDS GARDEN TROWEL PINK,15,2/20/2011 12:23,0.85,17811.0,United Kingdom
542626,21244,BLUE POLKADOT PLATE ,8,1/31/2011 9:51,1.69,12720.0,Germany
563503,22537,MAGIC DRAWING SLATE DINOSAUR,24,8/17/2011 9:05,0.42,16488.0,United Kingdom
568050,21524,DOORMAT SPOTTY HOME SWEET HOME,1,9/23/2011 12:38,8.25,15901.0,United Kingdom
544444,20724,RED RETROSPOT CHARLOTTE BAG,100,2/20/2011 10:51,0.72,13246.0,United Kingdom
561882,22747,POPPY'S PLAYHOUSE BATHROOM,6,7/31/2011 12:52,2.1,13388.0,United Kingdom
573418,22456,NATURAL SLATE CHALKBOARD LARGE ,9,10/31/2011 9:35,4.95,15360.0,United Kingdom
552269,22918,HERB MARKER PARSLEY,1,5/8/2011 11:52,0.65,16121.0,United Kingdom
576575,22910,PAPER CHAIN KIT VINTAGE CHRISTMAS,6,11/15/2011 13:55,2.95,16295.0,United Kingdom
544200,85173,SET/6 FROG PRINCE T-LIGHT CANDLES,6,2/17/2011 10:08,2.55,12494.0,France
557021,21563,RED HEART SHAPE LOVE BUCKET ,10,6/16/2011 12:55,2.95,17642.0,United Kingdom
576592,22632,HAND WARMER RED RETROSPOT,1,11/15/2011 14:47,2.1,13614.0,United Kingdom
555418,22623,BOX OF VINTAGE JIGSAW BLOCKS ,3,6/3/2011 10:19,5.95,15498.0,United Kingdom
571291,48173C,DOORMAT BLACK FLOCK ,1,10/16/2011 15:44,8.25,13610.0,United Kingdom
567139,23169,CLASSIC GLASS COOKIE JAR,6,9/16/2011 14:45,4.15,13563.0,United Kingdom
548150,35810A,ENAMEL PINK COFFEE CONTAINER,6,3/29/2011 12:55,0.83,17315.0,United Kingdom
542105,22588,CARD HOLDER GINGHAM HEART,6,1/25/2011 13:35,2.55,12854.0,United Kingdom
565616,23213,STAR WREATH DECORATION WITH BELL,12,9/5/2011 15:26,1.25,15238.0,United Kingdom
C539667,21284,RETROSPOT CANDLE  SMALL,-24,12/21/2010 10:47,0.42,13148.0,United Kingdom
572231,22141,CHRISTMAS CRAFT TREE TOP ANGEL,6,10/21/2011 14:41,2.1,13974.0,United Kingdom
567170,22549,PICTURE DOMINOES,2,9/18/2011 12:40,1.45,13566.0,United Kingdom
580404,23368,SET 12 COLOUR PENCILS DOLLY GIRL ,24,12/4/2011 12:01,0.65,13596.0,United Kingdom
558630,20974,12 PENCILS SMALL TUBE SKULL,24,6/30/2011 18:07,0.65,15615.0,United Kingdom
561093,22745,POPPY'S PLAYHOUSE BEDROOM ,6,7/25/2011 10:01,2.1,12540.0,Spain
545937,22492,MINI PAINT SET VINTAGE ,72,3/8/2011 12:05,0.65,12758.0,Portugal
545308,22247,BUNNY DECORATION MAGIC GARDEN,1,3/1/2011 13:19,0.85,14656.0,United Kingdom
562031,22485,SET OF 2 WOODEN MARKET CRATES,2,8/1/2011 17:37,12.75,16984.0,United Kingdom
568049,23031,DRAWER KNOB CRACKLE GLAZE PINK,18,9/23/2011 12:38,1.65,17841.0,United Kingdom
567656,20676,RED RETROSPOT BOWL,1,9/21/2011 14:40,2.46,14096.0,United Kingdom
537227,22867,HAND WARMER BIRD DESIGN,48,12/6/2010 8:42,2.1,17677.0,United Kingdom
540098,22470,HEART OF WICKER LARGE,2,1/4/2011 15:50,2.95,16241.0,United Kingdom
567153,22367,CHILDRENS APRON SPACEBOY DESIGN,2,9/16/2011 16:25,1.95,14056.0,United Kingdom
567635,22384,LUNCH BAG PINK POLKADOT,20,9/21/2011 13:41,1.65,16523.0,United Kingdom
572328,23571,TRADITIONAL NAUGHTS & CROSSES,12,10/24/2011 10:11,1.65,13104.0,United Kingdom
540372,22133,PINK LOVE HEART SHAPE CUP,12,1/6/2011 16:41,0.85,13081.0,United Kingdom
565445,22203,MILK PAN RED RETROSPOT,1,9/4/2011 14:50,3.75,13548.0,United Kingdom
558523,21877,HOME SWEET HOME MUG,828,6/30/2011 10:44,1.06,17949.0,United Kingdom
565141,22775,PURPLE DRAWERKNOB ACRYLIC EDWARDIAN,4,9/1/2011 13:40,1.25,17841.0,United Kingdom
580672,23205,CHARLOTTE BAG VINTAGE ALPHABET ,2,12/5/2011 14:29,0.85,17920.0,United Kingdom
573397,23168,CLASSIC CAFE SUGAR DISPENSER,1,10/30/2011 15:19,1.25,15547.0,United Kingdom
569212,22469,HEART OF WICKER SMALL,3,10/2/2011 12:05,1.65,15164.0,United Kingdom
554920,21981,PACK OF 12 WOODLAND TISSUES ,24,5/27/2011 12:41,0.29,16275.0,United Kingdom
556776,23245,SET OF 3 REGENCY CAKE TINS,2,6/14/2011 12:24,4.95,14730.0,United Kingdom
553585,20725,LUNCH BAG RED RETROSPOT,10,5/18/2011 10:41,1.65,15301.0,United Kingdom
538378,21137,BLACK RECORD COVER FRAME,3,12/12/2010 11:26,3.75,14577.0,United Kingdom
547247,16161P,WRAP ENGLISH ROSE ,25,3/22/2011 9:01,0.42,18225.0,United Kingdom
567533,21429,RED GINGHAM ROSE JEWELLERY BOX,8,9/21/2011 9:45,1.95,17651.0,United Kingdom
576379,23349,ROLL WRAP VINTAGE CHRISTMAS,24,11/15/2011 9:21,1.25,16423.0,United Kingdom
555102,23161,REGENCY CAKE FORK,36,5/31/2011 13:50,1.25,14819.0,United Kingdom
C581124,21452,TOADSTOOL MONEY BOX,-4,12/7/2011 12:38,2.95,13109.0,United Kingdom
574265,79321,CHILLI LIGHTS,4,11/3/2011 14:17,5.75,15605.0,United Kingdom
558718,21981,PACK OF 12 WOODLAND TISSUES ,24,7/1/2011 13:31,0.29,16589.0,United Kingdom
553527,22970,LONDON BUS COFFEE MUG,6,5/17/2011 14:57,2.55,15123.0,United Kingdom
562607,23315,IVORY REFECTORY CLOCK,2,8/8/2011 11:45,9.95,12885.0,United Kingdom
552371,22029,SPACEBOY BIRTHDAY CARD,12,5/9/2011 12:28,0.42,17629.0,United Kingdom
568984,22627,MINT KITCHEN SCALES,1,9/29/2011 15:57,8.5,17813.0,United Kingdom
572227,85114B,IVORY ENCHANTED FOREST PLACEMAT,6,10/21/2011 14:01,1.65,15051.0,United Kingdom
553002,23169,CLASSIC GLASS COOKIE JAR,2,5/12/2011 15:26,4.15,13263.0,United Kingdom
542596,48184,DOORMAT ENGLISH ROSE ,2,1/30/2011 10:27,7.95,14532.0,United Kingdom
541789,21735,TWO DOOR CURIO CABINET,24,1/21/2011 13:07,10.95,14088.0,United Kingdom
562789,22626,BLACK KITCHEN SCALES,2,8/9/2011 13:50,8.5,14646.0,Netherlands
558200,22514,CHILDS GARDEN SPADE BLUE,2,6/27/2011 13:00,2.1,15976.0,United Kingdom
542112,48138,DOORMAT UNION FLAG,1,1/25/2011 13:55,7.95,13168.0,United Kingdom
578266,21770,OPEN CLOSED METAL SIGN,1,11/23/2011 13:34,4.95,12748.0,United Kingdom
568645,20726,LUNCH BAG WOODLAND,20,9/28/2011 11:38,1.65,12656.0,France
565118,22385,JUMBO BAG SPACEBOY DESIGN,10,9/1/2011 11:33,2.08,15039.0,United Kingdom
537465,84375,SET OF 20 KIDS COOKIE CUTTERS,12,12/7/2010 10:32,2.1,17735.0,United Kingdom
546684,22191,IVORY DINER WALL CLOCK,2,3/16/2011 9:47,8.5,16152.0,United Kingdom
540496,20669,RED HEART LUGGAGE TAG,15,1/7/2011 17:18,1.25,15485.0,United Kingdom
565727,51014L,"FEATHER PEN,LIGHT PINK",24,9/6/2011 11:58,0.39,13158.0,United Kingdom
578063,21479,WHITE SKULL HOT WATER BOTTLE ,4,11/22/2011 15:36,4.25,16929.0,United Kingdom
C545439,37495,FAIRY CAKE BIRTHDAY CANDLE SET,-4,3/2/2011 15:58,3.75,14243.0,United Kingdom
580520,22118,JOY WOODEN BLOCK LETTERS,1,12/4/2011 14:55,1.25,13521.0,United Kingdom
537634,21804,WHITE CHRISTMAS GARLAND STARS TREES,4,12/7/2010 15:15,3.75,16775.0,United Kingdom
544675,22771,CLEAR DRAWER KNOB ACRYLIC EDWARDIAN,12,2/22/2011 15:59,1.25,16011.0,United Kingdom
548617,22197,SMALL POPCORN HOLDER,24,4/1/2011 11:50,0.85,16592.0,United Kingdom
563926,21931,JUMBO STORAGE BAG SUKI,10,8/21/2011 14:42,2.08,12553.0,France
545188,22971,QUEENS GUARD COFFEE MUG,6,2/28/2011 15:19,2.55,14056.0,United Kingdom
554827,23118,PARISIENNE JEWELLERY DRAWER ,16,5/26/2011 15:19,6.65,14646.0,Netherlands
546622,22385,JUMBO BAG SPACEBOY DESIGN,2,3/15/2011 11:30,1.95,17954.0,United Kingdom
566648,22910,PAPER CHAIN KIT VINTAGE CHRISTMAS,6,9/14/2011 11:25,2.95,14198.0,United Kingdom
555076,22924,FRIDGE MAGNETS LA VIE EN ROSE,12,5/31/2011 12:11,0.85,13900.0,United Kingdom
575517,23439,HAND WARMER RED LOVE HEART,3,11/10/2011 10:49,2.1,14562.0,United Kingdom
559672,82582,AREA PATROLLED METAL SIGN,12,7/11/2011 14:04,2.1,14796.0,United Kingdom
542631,22956,36 FOIL HEART CAKE CASES,1,1/31/2011 10:09,2.1,12841.0,United Kingdom
574138,22818,CARD CHRISTMAS VILLAGE,24,11/3/2011 11:26,0.42,12415.0,Australia
565451,20725,LUNCH BAG RED RETROSPOT,10,9/4/2011 15:37,1.65,15365.0,United Kingdom
556575,22193,RED DINER WALL CLOCK,1,6/13/2011 13:44,8.5,17027.0,United Kingdom
565971,22910,PAPER CHAIN KIT VINTAGE CHRISTMAS,3,9/8/2011 11:27,2.95,13571.0,United Kingdom
559907,21232,STRAWBERRY CERAMIC TRINKET BOX,12,7/13/2011 13:37,1.25,12766.0,Portugal
540464,84692,BOX OF 24 COCKTAIL PARASOLS,100,1/7/2011 13:17,0.36,14298.0,United Kingdom
572923,22138,BAKING SET 9 PIECE RETROSPOT ,3,10/27/2011 8:35,4.95,15948.0,United Kingdom
C555935,22456,NATURAL SLATE CHALKBOARD LARGE ,-6,6/8/2011 9:14,4.95,12567.0,France
564860,23075,PARLOUR CERAMIC WALL HOOK,4,8/31/2011 10:06,4.15,17725.0,United Kingdom
539105,22188,BLACK HEART CARD HOLDER,4,12/16/2010 10:43,3.95,14825.0,United Kingdom
547921,21318,GLASS CHALICE BLUE SMALL ,6,3/28/2011 13:28,1.65,14766.0,United Kingdom
554483,22383,LUNCH BAG SUKI DESIGN ,10,5/24/2011 12:57,1.65,13771.0,United Kingdom
559061,84673B,BLUE FLY SWAT,2,7/6/2011 10:04,0.65,17220.0,United Kingdom
573373,84347,ROTATING SILVER ANGELS T-LIGHT HLDR,3,10/30/2011 13:37,2.55,14684.0,United Kingdom
574722,22578,WOODEN STAR CHRISTMAS SCANDINAVIAN,10,11/6/2011 14:45,0.29,14502.0,United Kingdom
569803,23542,WALL ART 70'S ALPHABET ,2,10/6/2011 11:48,8.25,13090.0,United Kingdom
543550,POST,POSTAGE,1,2/10/2011 9:43,18.0,12601.0,Germany
543187,22726,ALARM CLOCK BAKELIKE GREEN,4,2/4/2011 11:43,3.75,14778.0,United Kingdom
563505,22713,CARD I LOVE LONDON ,12,8/17/2011 9:45,0.42,17865.0,United Kingdom
566329,21216,"SET 3 RETROSPOT TEA,COFFEE,SUGAR",2,9/12/2011 12:20,4.95,14527.0,United Kingdom
581404,23425,STORAGE TIN HOME SWEET HOME,4,12/8/2011 13:47,0.79,13680.0,United Kingdom
542716,22957,SET 3 PAPER VINTAGE CHICK PAPER EGG,2,1/31/2011 14:02,2.95,16407.0,United Kingdom
562579,84974,S/2 ZINC HEART DESIGN PLANTERS,4,8/7/2011 13:30,9.95,16950.0,United Kingdom
560385,21932,SCANDINAVIAN PAISLEY PICNIC BAG,2,7/18/2011 12:53,1.65,14583.0,United Kingdom
539752,15036,ASSORTED COLOURS SILK FAN,12,12/21/2010 15:43,0.75,12515.0,Italy
567505,23298,SPOTTY BUNTING,3,9/20/2011 14:34,4.95,12352.0,Norway
537199,20711,JUMBO BAG TOYS ,1,12/5/2010 14:06,1.95,15894.0,United Kingdom
556578,22077,6 RIBBONS RUSTIC CHARM,12,6/13/2011 14:13,1.65,12472.0,Germany
578292,22928,YELLOW GIANT GARDEN THERMOMETER,3,11/23/2011 14:35,5.95,13174.0,United Kingdom
566975,22910,PAPER CHAIN KIT VINTAGE CHRISTMAS,6,9/16/2011 9:24,2.95,13599.0,United Kingdom
577107,22188,BLACK HEART CARD HOLDER,4,11/17/2011 17:30,3.95,16558.0,United Kingdom
C565077,22189,CREAM HEART CARD HOLDER,-1,8/31/2011 17:31,3.95,17451.0,United Kingdom
540504,21179,NO JUNK MAIL METAL SIGN,4,1/9/2011 11:02,1.25,13668.0,United Kingdom
573822,23173,REGENCY TEAPOT ROSES ,2,11/1/2011 11:33,9.95,15527.0,United Kingdom
544644,22185,SLATE TILE NATURAL HANGING,36,2/22/2011 11:46,1.45,17002.0,United Kingdom
541596,22934,BAKING MOULD EASTER EGG WHITE CHOC,2,1/19/2011 16:18,2.95,17602.0,United Kingdom
579188,23084,RABBIT NIGHT LIGHT,18,11/28/2011 15:34,2.08,12748.0,United Kingdom
552724,22927,GREEN GIANT GARDEN THERMOMETER,2,5/11/2011 10:29,5.95,13418.0,United Kingdom
544071,22670,FRENCH WC SIGN BLUE METAL,12,2/15/2011 14:30,1.25,16317.0,United Kingdom
547896,82581,TOILET METAL SIGN,1,3/28/2011 11:34,0.55,17841.0,United Kingdom
540248,21625,VINTAGE UNION JACK APRON,4,1/5/2011 15:57,6.95,15034.0,United Kingdom
548737,22383,LUNCH BAG SUKI DESIGN ,10,4/4/2011 11:18,1.65,12682.0,France
563216,21718,RED METAL BEACH SPADE ,2,8/14/2011 13:14,1.25,17841.0,United Kingdom
568083,21506,"FANCY FONT BIRTHDAY CARD, ",24,9/23/2011 14:38,0.42,15903.0,United Kingdom
565408,22136,LOVE HEART SOCK HANGER,2,9/4/2011 11:12,1.65,16813.0,United Kingdom
567675,22491,PACK OF 12 COLOURED PENCILS,1,9/21/2011 15:54,0.85,15351.0,United Kingdom
576053,22450,SILK PURSE BABUSHKA BLUE,4,11/13/2011 14:53,3.35,16726.0,United Kingdom
554079,22178,VICTORIAN GLASS HANGING T-LIGHT,12,5/22/2011 11:41,1.25,14546.0,United Kingdom
541859,21459,YELLOW EASTER EGG HUNT START POST,1,1/23/2011 15:34,1.95,14606.0,United Kingdom
556734,21749,LARGE RED RETROSPOT WINDMILL,6,6/14/2011 12:00,2.1,13476.0,United Kingdom
569568,16048,TEATIME ROUND PENCIL SHARPENER ,24,10/5/2011 9:57,0.12,12700.0,France
577747,21523,DOORMAT FANCY FONT HOME SWEET HOME,48,11/21/2011 14:21,8.0,17450.0,United Kingdom
568531,23505,PLAYING CARDS I LOVE LONDON ,3,9/27/2011 13:49,1.25,16713.0,United Kingdom
555344,23208,LUNCH BAG VINTAGE LEAF DESIGN,50,6/2/2011 11:45,1.65,15311.0,United Kingdom
539290,22644,CERAMIC CHERRY CAKE MONEY BANK,4,12/16/2010 16:36,1.45,16271.0,United Kingdom
570186,22735,RIBBON REEL SOCKS AND MITTENS,10,10/7/2011 15:01,1.65,17509.0,United Kingdom
554663,84673B,BLUE FLY SWAT,3,5/25/2011 14:29,0.65,14985.0,United Kingdom
566275,21977,PACK OF 60 PINK PAISLEY CAKE CASES,2,9/11/2011 13:58,0.55,16549.0,United Kingdom
544664,22861,EASTER TIN CHICKS IN GARDEN,6,2/22/2011 14:55,1.65,16045.0,United Kingdom
548728,21497,FANCY FONTS BIRTHDAY WRAP,25,4/4/2011 9:55,0.42,13198.0,United Kingdom
547686,21080,SET/20 RED RETROSPOT PAPER NAPKINS ,12,3/24/2011 14:49,0.85,15513.0,United Kingdom
569230,85123A,WHITE HANGING HEART T-LIGHT HOLDER,3,10/2/2011 15:07,2.95,16533.0,United Kingdom
545289,22169,FAMILY ALBUM WHITE PICTURE FRAME,2,3/1/2011 11:55,8.5,14732.0,United Kingdom
566294,22666,RECIPE BOX PANTRY YELLOW DESIGN,3,9/11/2011 15:41,2.95,15533.0,United Kingdom
542602,21670,BLUE SPOT CERAMIC DRAWER KNOB,4,1/30/2011 12:09,1.25,15579.0,United Kingdom
576078,23227,FILIGREE HEART BUTTERFLY WHITE ,6,11/13/2011 16:22,1.25,14432.0,United Kingdom
559774,84836,ZINC METAL HEART DECORATION,2,7/12/2011 11:37,1.25,18122.0,United Kingdom
536398,22752,SET 7 BABUSHKA NESTING BOXES,6,12/1/2010 10:52,8.5,13448.0,United Kingdom
580632,21430,SET/3 RED GINGHAM ROSE STORAGE BOX,1,12/5/2011 12:16,3.75,16360.0,United Kingdom
568531,22710,WRAP I LOVE LONDON ,25,9/27/2011 13:49,0.42,16713.0,United Kingdom
576628,21731,RED TOADSTOOL LED NIGHT LIGHT,12,11/16/2011 8:28,1.65,13449.0,United Kingdom
538576,84879,ASSORTED COLOUR BIRD ORNAMENT,8,12/13/2010 11:29,1.69,14498.0,United Kingdom
556477,23306,SET OF 36 DOILIES PANTRY DESIGN,4,6/12/2011 12:20,1.45,12841.0,United Kingdom
566921,21914,BLUE HARMONICA IN BOX ,1,9/15/2011 14:56,1.25,17898.0,United Kingdom
568046,21931,JUMBO STORAGE BAG SUKI,1,9/23/2011 12:16,2.08,18118.0,United Kingdom
575117,21756,BATH BUILDING BLOCK WORD,1,11/8/2011 14:22,6.25,12748.0,United Kingdom
540464,22804,CANDLEHOLDER PINK HANGING HEART,6,1/7/2011 13:17,2.55,14298.0,United Kingdom
537154,22729,ALARM CLOCK BAKELIKE ORANGE,2,12/5/2010 13:05,3.75,15808.0,United Kingdom
538662,22374,AIRLINE BAG VINTAGE JET SET RED,12,12/13/2010 15:44,3.95,15159.0,United Kingdom
570715,22600,CHRISTMAS RETROSPOT STAR WOOD,24,10/12/2011 10:23,0.85,18287.0,United Kingdom
578633,23371,SET 36 COLOUR PENCILS SPACEBOY ,16,11/24/2011 16:31,1.25,16616.0,United Kingdom
578757,22629,SPACEBOY LUNCH BOX ,1,11/25/2011 11:41,1.95,12748.0,United Kingdom
570964,23437, 50'S CHRISTMAS GIFT BAG LARGE,24,10/13/2011 11:50,1.25,12766.0,Portugal
537381,22601,CHRISTMAS RETROSPOT ANGEL WOOD,17,12/6/2010 13:13,0.85,14667.0,United Kingdom
546392,20675,BLUE POLKADOT BOWL,1,3/11/2011 14:15,1.25,14587.0,United Kingdom
554270,22292,HANGING CHICK  YELLOW DECORATION,24,5/23/2011 13:05,1.45,15046.0,United Kingdom
580534,23199,JUMBO BAG APPLES,10,12/4/2011 16:02,2.08,12724.0,France
567890,22555,PLASTERS IN TIN STRONGMAN,12,9/22/2011 15:40,1.65,14125.0,United Kingdom
556791,22774,RED DRAWER KNOB ACRYLIC EDWARDIAN,8,6/14/2011 13:51,1.25,16928.0,United Kingdom
543989,22841,ROUND CAKE TIN VINTAGE GREEN,12,2/15/2011 9:52,6.95,12415.0,Australia
570499,20983,12 PENCILS TALL TUBE RED RETROSPOT,12,10/11/2011 9:19,0.85,12772.0,Portugal
548714,21067,VINTAGE RED TEATIME MUG,1,4/3/2011 15:07,1.25,17337.0,United Kingdom
557951,23298,SPOTTY BUNTING,3,6/23/2011 17:53,4.95,14825.0,United Kingdom
573873,23274,STAR T-LIGHT HOLDER WILLIE WINKIE,3,11/1/2011 12:39,1.65,17346.0,United Kingdom
579196,21810,CHRISTMAS HANGING STAR WITH BELL,5,11/28/2011 15:54,2.46,14096.0,United Kingdom
577506,21670,BLUE SPOT CERAMIC DRAWER KNOB,1,11/20/2011 12:40,1.45,13212.0,United Kingdom
576322,22378,WALL TIDY RETROSPOT ,10,11/14/2011 15:03,2.1,12642.0,Germany
542084,20727,LUNCH BAG  BLACK SKULL.,50,1/25/2011 12:31,1.65,14680.0,United Kingdom
550320,22662,LUNCH BAG DOLLY GIRL DESIGN,1,4/17/2011 12:37,1.65,12748.0,United Kingdom
565115,21830,ASSORTED CREEPY CRAWLIES,48,9/1/2011 11:22,0.42,16880.0,United Kingdom
556937,22725,ALARM CLOCK BAKELIKE CHOCOLATE,4,6/15/2011 16:05,3.75,17716.0,United Kingdom
555720,22751,FELTCRAFT PRINCESS OLIVIA DOLL,6,6/6/2011 15:46,3.75,16611.0,United Kingdom
552572,79321,CHILLI LIGHTS,24,5/10/2011 12:11,4.95,14680.0,United Kingdom
578927,23208,LUNCH BAG VINTAGE LEAF DESIGN,2,11/27/2011 12:26,1.65,15747.0,United Kingdom
542598,82600,NO SINGING METAL SIGN,1,1/30/2011 10:43,2.1,14805.0,United Kingdom
538097,47590A,BLUE HAPPY BIRTHDAY BUNTING,6,12/9/2010 14:56,5.45,15192.0,United Kingdom
572294,22515,CHILDS GARDEN SPADE PINK,4,10/23/2011 13:10,2.1,13471.0,United Kingdom
578022,23156,SET OF 5 MINI GROCERY MAGNETS,1,11/22/2011 13:25,2.08,17371.0,United Kingdom
569523,22722,SET OF 6 SPICE TINS PANTRY DESIGN,2,10/4/2011 14:41,3.95,16033.0,United Kingdom
567460,22416,SET OF 36 DOILIES SPACEBOY DESIGN ,1,9/20/2011 12:30,1.45,15888.0,United Kingdom
578310,23322,LARGE WHITE HEART OF WICKER,6,11/23/2011 16:22,2.95,17434.0,United Kingdom
547911,85099B,JUMBO BAG RED RETROSPOT,10,3/28/2011 12:25,1.95,14127.0,United Kingdom
540955,22985,"WRAP, BILLBOARD FONTS DESIGN",25,1/12/2011 13:27,0.42,14715.0,United Kingdom
578233,22037,ROBOT BIRTHDAY CARD,12,11/23/2011 12:20,0.42,14049.0,United Kingdom
581475,22380,TOY TIDY SPACEBOY  ,20,12/9/2011 8:39,0.79,13069.0,United Kingdom
560279,82494L,WOODEN FRAME ANTIQUE WHITE ,6,7/17/2011 15:47,2.95,14198.0,United Kingdom
544659,22841,ROUND CAKE TIN VINTAGE GREEN,1,2/22/2011 13:20,7.95,18114.0,United Kingdom
556964,23238,SET OF 4 KNICK KNACK TINS LONDON ,6,6/16/2011 9:46,4.15,16145.0,United Kingdom
571406,23437,GIFT BAG LARGE 50'S CHRISTMAS,12,10/17/2011 12:12,1.25,13871.0,United Kingdom
568517,22139,RETROSPOT TEA SET CERAMIC 11 PC ,1,9/27/2011 12:52,4.95,14456.0,United Kingdom
574304,20727,LUNCH BAG  BLACK SKULL.,3,11/3/2011 16:30,1.65,14428.0,United Kingdom
562949,85130D,BEADED CRYSTAL HEART PINK LARGE,24,8/11/2011 9:47,0.79,14346.0,United Kingdom
573508,22898,CHILDRENS APRON APPLES DESIGN,8,10/31/2011 12:11,1.95,12552.0,Italy
571276,23355,HOT WATER BOTTLE KEEP CALM,1,10/16/2011 12:30,4.95,14702.0,United Kingdom
557311,21618,4 WILDFLOWER BOTANICAL CANDLES,2,6/19/2011 15:36,3.75,15700.0,United Kingdom
570210,82582,AREA PATROLLED METAL SIGN,1,10/9/2011 10:48,2.1,13259.0,United Kingdom
580541,22584,PACK OF 6 PANETTONE GIFT BOXES,6,12/5/2011 9:03,2.55,15358.0,United Kingdom
580727,21328,BALLOONS  WRITING SET ,1,12/5/2011 17:17,3.29,14096.0,United Kingdom
575476,21390,FILIGRIS HEART WITH BUTTERFLY,24,11/9/2011 16:10,1.25,15046.0,United Kingdom
556542,22501,PICNIC BASKET WICKER LARGE,1,6/13/2011 12:52,9.95,14719.0,United Kingdom
580705,23349,ROLL WRAP VINTAGE CHRISTMAS,12,12/5/2011 16:28,1.25,12683.0,France
580362,21175,GIN AND TONIC DIET METAL SIGN,12,12/2/2011 16:30,2.55,13884.0,United Kingdom
574915,21931,JUMBO STORAGE BAG SUKI,10,11/7/2011 16:17,2.08,16779.0,United Kingdom
562219,20728,LUNCH BAG CARS BLUE,10,8/3/2011 14:14,1.65,15089.0,United Kingdom
557771,23240,SET OF 4 KNICK KNACK TINS DOILEY ,6,6/22/2011 14:43,4.15,15601.0,United Kingdom
560537,21122,SET/10 PINK POLKADOT PARTY CANDLES,1,7/19/2011 12:19,1.25,17779.0,United Kingdom
553661,23174,REGENCY SUGAR BOWL GREEN,10,5/18/2011 11:59,4.15,13572.0,United Kingdom
538905,22453,MEASURING TAPE BABUSHKA BLUE,6,12/15/2010 10:31,2.95,13611.0,United Kingdom
551747,90125A,PINK BERTIE GLASS BEAD BAG CHARM,48,5/4/2011 11:00,0.85,14298.0,United Kingdom
551520,21137,BLACK RECORD COVER FRAME,2,5/1/2011 11:55,3.75,13301.0,United Kingdom
577058,23581,JUMBO BAG PAISLEY PARK,3,11/17/2011 14:29,2.08,18122.0,United Kingdom
548497,22178,VICTORIAN GLASS HANGING T-LIGHT,36,3/31/2011 13:43,1.25,13089.0,United Kingdom
580877,23029,DRAWER KNOB CRACKLE GLAZE GREEN,2,12/6/2011 12:15,1.65,17250.0,United Kingdom
546913,22196,SMALL HEART MEASURING SPOONS,6,3/17/2011 20:18,0.85,15861.0,United Kingdom
556413,71477,COLOUR GLASS. STAR T-LIGHT HOLDER,2,6/10/2011 12:01,3.25,16005.0,United Kingdom
571914,21213,PACK OF 72 SKULL CAKE CASES,48,10/19/2011 15:33,0.55,14776.0,United Kingdom
568328,84380,SET OF 3 BUTTERFLY COOKIE CUTTERS,3,9/26/2011 14:06,1.45,18016.0,United Kingdom
560896,22768,FAMILY PHOTO FRAME CORNICE,2,7/21/2011 17:26,9.95,15623.0,United Kingdom
578846,23345, DOLLY GIRL BEAKER,3,11/25/2011 17:27,1.25,17757.0,United Kingdom
556953,48187,DOORMAT NEW ENGLAND,2,6/16/2011 8:16,7.95,14911.0,EIRE
565838,22169,FAMILY ALBUM WHITE PICTURE FRAME,8,9/7/2011 11:43,7.65,15071.0,United Kingdom
556245,22956,36 FOIL HEART CAKE CASES,1,6/9/2011 16:10,2.1,17841.0,United Kingdom
579103,85034C,3 ROSE MORRIS BOXED CANDLES,1,11/28/2011 11:39,1.25,18041.0,United Kingdom
581310,23369,SET 36 COLOUR PENCILS LOVE LONDON,1,12/8/2011 11:43,1.25,16442.0,United Kingdom
564496,82494L,WOODEN FRAME ANTIQUE WHITE ,6,8/25/2011 14:21,2.95,13050.0,United Kingdom
C562876,22360,GLASS JAR ENGLISH CONFECTIONERY,-1,8/10/2011 10:42,2.95,15110.0,United Kingdom
564727,22659,LUNCH BOX I LOVE LONDON,1,8/28/2011 12:31,1.95,16686.0,United Kingdom
546635,21086,SET/6 RED SPOTTY PAPER CUPS,4,3/15/2011 12:11,0.65,16392.0,United Kingdom
C546416,85098B,BLUE FLYING SINGING CANARY,-1,3/13/2011 10:48,3.75,14800.0,United Kingdom
580956,21935,SUKI  SHOULDER BAG,4,12/6/2011 14:23,1.65,17841.0,United Kingdom
555012,22178,VICTORIAN GLASS HANGING T-LIGHT,18,5/31/2011 10:43,1.25,16814.0,United Kingdom
562789,22352,LUNCH BOX WITH CUTLERY RETROSPOT ,60,8/9/2011 13:50,2.1,14646.0,Netherlands
563032,21116,OWL DOORSTOP,3,8/11/2011 14:39,4.95,16076.0,United Kingdom
566295,21181,PLEASE ONE PERSON METAL SIGN,3,9/11/2011 15:44,2.1,15547.0,United Kingdom
541417,22862,LOVE HEART NAPKIN BOX ,1,1/17/2011 16:23,4.25,16033.0,United Kingdom
576876,21485,RETROSPOT HEART HOT WATER BOTTLE,2,11/16/2011 16:42,4.95,16804.0,United Kingdom
568710,21876,POTTERING MUG,1,9/28/2011 15:42,1.65,14649.0,United Kingdom
580673,22941,CHRISTMAS LIGHTS 10 REINDEER,24,12/5/2011 14:30,7.65,13089.0,United Kingdom
551531,21244,BLUE POLKADOT PLATE ,12,5/1/2011 13:45,1.69,15376.0,United Kingdom
545214,22796,PHOTO FRAME 3 CLASSIC HANGING,2,2/28/2011 16:39,9.95,17165.0,United Kingdom
573578,21892,TRADITIONAL WOODEN CATCH CUP GAME ,1,10/31/2011 14:13,1.25,16018.0,United Kingdom
567184,22964,3 PIECE SPACEBOY COOKIE CUTTER SET,1,9/18/2011 15:41,2.1,16033.0,United Kingdom
549250,22553,PLASTERS IN TIN SKULLS,1,4/7/2011 12:10,1.65,14446.0,United Kingdom
565967,22467,GUMBALL COAT RACK,36,9/8/2011 11:27,2.1,14646.0,Netherlands
557006,16045,POPART WOODEN PENCILS ASST,100,6/16/2011 11:29,0.04,14282.0,United Kingdom
547871,85169D,PINK LOVE BIRD CANDLE,1,3/27/2011 14:28,1.25,16931.0,United Kingdom
572090,84030E,ENGLISH ROSE HOT WATER BOTTLE,1,10/20/2011 14:33,4.25,13573.0,United Kingdom
563638,21470,FLOWER VINE RAFFIA FOOD COVER,1,8/18/2011 10:36,3.75,15311.0,United Kingdom
569000,22747,POPPY'S PLAYHOUSE BATHROOM,6,9/29/2011 17:36,2.1,17015.0,United Kingdom
561917,21171,BATHROOM METAL SIGN ,1,8/1/2011 11:57,1.45,16904.0,United Kingdom
546429,85206A,CREAM FELT EASTER EGG BASKET,2,3/13/2011 15:25,1.65,17611.0,United Kingdom
550299,22760,"TRAY, BREAKFAST IN BED",12,4/15/2011 16:46,12.75,17389.0,United Kingdom
560527,23242,TREASURE TIN BUFFALO BILL ,6,7/19/2011 11:57,2.08,15727.0,United Kingdom
578942,84997B,CHILDRENS CUTLERY RETROSPOT RED ,2,11/27/2011 13:29,4.15,17288.0,United Kingdom
544495,22667,RECIPE BOX RETROSPOT ,12,2/21/2011 11:42,2.95,12766.0,Portugal
574675,23294,SET OF 6 SNACK LOAF BAKING CASES,2,11/6/2011 12:31,0.83,17289.0,United Kingdom
573390,23455,SMALL PARLOUR PICTURE FRAME,6,10/30/2011 14:53,2.89,17213.0,United Kingdom
556970,23245,SET OF 3 REGENCY CAKE TINS,16,6/16/2011 10:18,4.15,13082.0,United Kingdom
541262,22807,SET OF 6 T-LIGHTS TOADSTOOLS,1,1/16/2011 15:50,2.95,18069.0,United Kingdom
575937,23215,JINGLE BELL HEART ANTIQUE SILVER,12,11/13/2011 11:24,2.08,12935.0,United Kingdom
554098,23053,RECYCLED ACAPULCO MAT PINK,1,5/22/2011 13:01,8.25,14769.0,United Kingdom
567935,20723,STRAWBERRY CHARLOTTE BAG,10,9/22/2011 18:07,0.85,13320.0,United Kingdom
561641,84970S,HANGING HEART ZINC T-LIGHT HOLDER,50,7/28/2011 15:03,0.85,15939.0,United Kingdom
566281,22818,CARD CHRISTMAS VILLAGE,60,9/11/2011 14:15,0.42,12748.0,United Kingdom
574657,23510,MINI PLAYING CARDS GYMKHANA,3,11/6/2011 11:43,0.42,13772.0,United Kingdom
581415,22961,JAM MAKING SET PRINTED,12,12/8/2011 14:53,1.45,13269.0,United Kingdom
561125,22746,POPPY'S PLAYHOUSE LIVINGROOM ,6,7/25/2011 12:58,2.1,17364.0,United Kingdom
560415,23201,JUMBO BAG ALPHABET,10,7/18/2011 14:36,2.08,15152.0,United Kingdom
580635,22741,FUNKY DIVA PEN,48,12/5/2011 12:30,0.85,14649.0,United Kingdom
565766,85049G,CHOCOLATE BOX RIBBONS ,3,9/6/2011 14:23,1.25,17841.0,United Kingdom
561192,85152,HAND OVER THE CHOCOLATE   SIGN ,1,7/25/2011 13:45,2.1,16033.0,United Kingdom
557305,23254,CHILDRENS CUTLERY DOLLY GIRL ,1,6/19/2011 14:42,4.15,13568.0,United Kingdom
566451,22384,LUNCH BAG PINK POLKADOT,3,9/12/2011 16:14,1.65,18069.0,United Kingdom
564187,21931,JUMBO STORAGE BAG SUKI,3,8/23/2011 15:24,2.08,15005.0,United Kingdom
571054,22923,FRIDGE MAGNETS LES ENFANTS ASSORTED,6,10/13/2011 13:58,0.85,14234.0,United Kingdom
569847,21791,VINTAGE HEADS AND TAILS CARD GAME ,12,10/6/2011 13:45,1.25,14116.0,United Kingdom
551016,22295,HEART FILIGREE DOVE LARGE,12,4/26/2011 11:09,1.65,17975.0,United Kingdom
552724,23054,RECYCLED ACAPULCO MAT LAVENDER,2,5/11/2011 10:29,8.25,13418.0,United Kingdom
573347,23344,JUMBO BAG 50'S CHRISTMAS ,4,10/30/2011 12:26,2.08,13137.0,United Kingdom
569331,23301,GARDENERS KNEELING PAD KEEP CALM ,12,10/3/2011 13:39,1.65,16875.0,United Kingdom
554682,23173,REGENCY TEAPOT ROSES ,1,5/25/2011 16:08,9.95,14085.0,United Kingdom
556071,17084P,DRAGONS BLOOD INCENSE,25,6/8/2011 14:52,0.21,15974.0,United Kingdom
569229,21977,PACK OF 60 PINK PAISLEY CAKE CASES,2,10/2/2011 14:56,0.55,14502.0,United Kingdom
581251,23081,GREEN METAL BOX ARMY SUPPLIES,2,12/8/2011 11:02,8.25,18210.0,United Kingdom
568227,84971S,SMALL HEART FLOWERS HOOK ,2,9/26/2011 10:57,0.85,17841.0,United Kingdom
562611,85123A,WHITE HANGING HEART T-LIGHT HOLDER,32,8/8/2011 11:58,2.55,17716.0,United Kingdom
544153,20886,BOX OF 9 PEBBLE CANDLES,2,2/16/2011 12:11,1.95,15356.0,United Kingdom
575705,22337,ANGEL DECORATION PAINTED ZINC ,24,11/10/2011 17:06,0.65,15159.0,United Kingdom
579188,23570,TRADITIONAL PICK UP STICKS GAME ,4,11/28/2011 15:34,1.25,12748.0,United Kingdom
575728,21224,SET/4 SKULL BADGES,10,11/10/2011 19:40,1.25,14911.0,EIRE
562608,23342,MINT DINER WALL CLOCK,2,8/8/2011 11:45,8.5,15502.0,United Kingdom
573361,23206,LUNCH BAG APPLE DESIGN,2,10/30/2011 12:53,1.65,14456.0,United Kingdom
571562,22667,RECIPE BOX RETROSPOT ,6,10/18/2011 10:04,2.95,14156.0,EIRE
560300,90030A,SPOTTED WHITE NATURAL SEED NECKLACE,6,7/18/2011 10:29,1.0,14911.0,EIRE
548708,84991,60 TEATIME FAIRY CAKE CASES,6,4/3/2011 12:41,0.55,13269.0,United Kingdom
580502,23344,JUMBO BAG 50'S CHRISTMAS ,10,12/4/2011 13:15,2.08,16931.0,United Kingdom
548213,23230,WRAP ALPHABET DESIGN,25,3/30/2011 9:15,0.42,15521.0,United Kingdom
564815,23245,SET OF 3 REGENCY CAKE TINS,1,8/30/2011 12:00,4.95,12748.0,United Kingdom
C561703,M,Manual,-1,7/29/2011 11:07,1.65,12709.0,Germany
578270,21704,BAG 250g SWIRLY MARBLES,5,11/23/2011 13:39,1.63,14096.0,United Kingdom
574532,21890,S/6 WOODEN SKITTLES IN COTTON BAG,6,11/4/2011 14:19,3.25,15676.0,United Kingdom
536841,21428,SET3 BOOK BOX GREEN GINGHAM FLOWER ,4,12/2/2010 18:27,4.25,16150.0,United Kingdom
577038,22722,SET OF 6 SPICE TINS PANTRY DESIGN,2,11/17/2011 13:30,3.95,14796.0,United Kingdom
578805,23581,JUMBO BAG PAISLEY PARK,10,11/25/2011 12:57,2.08,16401.0,United Kingdom
560602,22427,ENAMEL FLOWER JUG CREAM,6,7/20/2011 8:48,5.95,13629.0,United Kingdom
543833,22788,BROCANTE COAT RACK,4,2/14/2011 10:24,9.95,12476.0,Germany
555642,84978,HANGING HEART JAR T-LIGHT HOLDER,12,6/6/2011 13:18,1.25,18248.0,United Kingdom
538518,22907,PACK OF 20 NAPKINS PANTRY DESIGN,3,12/12/2010 16:14,0.85,14505.0,United Kingdom
567657,22192,BLUE DINER WALL CLOCK,2,9/21/2011 14:43,8.5,12523.0,France
578703,51014A,"FEATHER PEN,HOT PINK",12,11/25/2011 11:02,0.39,17385.0,United Kingdom
562435,23293,SET OF 12 FAIRY CAKE BAKING CASES,8,8/4/2011 17:51,0.83,12693.0,Germany
553034,22180,RETROSPOT LAMP,1,5/12/2011 20:03,9.95,17970.0,United Kingdom
557213,23263,SET OF 3 WOODEN HEART DECORATIONS,1,6/17/2011 12:16,1.25,15021.0,United Kingdom
563428,22029,SPACEBOY BIRTHDAY CARD,12,8/16/2011 11:44,0.42,13159.0,United Kingdom
562444,84032A,CHARLIE+LOLA PINK HOT WATER BOTTLE,2,8/4/2011 18:44,2.95,14713.0,United Kingdom
564507,22741,FUNKY DIVA PEN,48,8/25/2011 14:34,0.85,15513.0,United Kingdom
575070,23321,SMALL WHITE HEART OF WICKER,1,11/8/2011 12:58,1.65,17841.0,United Kingdom
573808,20979,36 PENCILS TUBE RED RETROSPOT,1,11/1/2011 11:29,1.25,14419.0,United Kingdom
571746,84970L,SINGLE HEART ZINC T-LIGHT HOLDER,12,10/19/2011 10:56,1.25,17043.0,United Kingdom
564141,22356,CHARLOTTE BAG PINK POLKADOT,1,8/23/2011 11:47,0.85,17841.0,United Kingdom
566193,22348,TEA BAG PLATE RED RETROSPOT,12,9/9/2011 13:37,0.85,14961.0,United Kingdom
565383,51014A,"FEATHER PEN,HOT PINK",14,9/2/2011 15:45,0.83,14096.0,United Kingdom
538511,79144B,PAINTED LIGHTBULB STAR+ MOON,2,12/12/2010 13:56,0.42,13959.0,United Kingdom
568590,72818,CHRISTMAS DECOUPAGE CANDLE,36,9/28/2011 10:29,0.39,13126.0,United Kingdom
536638,22469,HEART OF WICKER SMALL,12,12/2/2010 11:41,1.65,16244.0,United Kingdom
580188,20956,PORCELAIN T-LIGHT HOLDERS ASSORTED,12,12/2/2011 12:02,1.25,16440.0,United Kingdom
564353,22950,36 DOILIES VINTAGE CHRISTMAS,12,8/24/2011 15:08,1.45,15764.0,United Kingdom
544165,82583,HOT BATHS METAL SIGN,12,2/16/2011 13:11,2.1,14210.0,United Kingdom
546843,21559,STRAWBERRY LUNCH BOX WITH CUTLERY,6,3/17/2011 12:40,2.55,12472.0,Germany
578325,23200,JUMBO BAG PEARS,1,11/23/2011 17:43,2.08,16343.0,United Kingdom
536846,22667,RECIPE BOX RETROSPOT ,1,12/2/2010 19:59,2.95,14573.0,United Kingdom
579283,23296,SET OF 6 TEA TIME BAKING CASES,16,11/29/2011 10:45,1.25,13883.0,United Kingdom
574536,82567,"AIRLINE LOUNGE,METAL SIGN",3,11/4/2011 14:35,2.1,15707.0,United Kingdom
548494,22084,PAPER CHAIN KIT EMPIRE,160,3/31/2011 13:33,2.55,16698.0,United Kingdom
560504,84991,60 TEATIME FAIRY CAKE CASES,24,7/19/2011 11:47,0.55,13081.0,United Kingdom
541225,21527,RED RETROSPOT TRADITIONAL TEAPOT ,1,1/14/2011 14:47,7.95,14099.0,United Kingdom
572775,22356,CHARLOTTE BAG PINK POLKADOT,10,10/26/2011 10:43,0.85,13126.0,United Kingdom
538163,22174,PHOTO CUBE,11,12/9/2010 17:27,1.65,17841.0,United Kingdom
581501,22695,WICKER WREATH SMALL,24,12/9/2011 10:46,0.59,12985.0,United Kingdom
537126,22147,FELTCRAFT BUTTERFLY HEARTS,2,12/5/2010 12:13,1.45,18118.0,United Kingdom
537399,22625,RED KITCHEN SCALES,1,12/6/2010 14:31,8.5,13030.0,United Kingdom
544591,22916,HERB MARKER THYME,12,2/21/2011 15:20,0.65,13044.0,United Kingdom
564842,21993,FLORAL FOLK STATIONERY SET,12,8/30/2011 13:47,1.25,16133.0,United Kingdom
548742,47310M,"SMALL POP BOX,FUNKY MONKEY",20,4/4/2011 12:00,1.25,14688.0,United Kingdom
545685,22962,JAM JAR WITH PINK LID,1,3/6/2011 11:55,0.85,14499.0,United Kingdom
546304,22755,SMALL PURPLE BABUSHKA NOTEBOOK ,6,3/10/2011 15:52,0.85,14077.0,United Kingdom
556056,22227,HANGING HEART MIRROR DECORATION ,1,6/8/2011 13:35,0.65,17841.0,United Kingdom
558461,21933,PINK VINTAGE PAISLEY PICNIC BAG,3,6/29/2011 15:03,1.65,13263.0,United Kingdom
551142,22219,LOVEBIRD HANGING DECORATION WHITE ,2,4/26/2011 13:22,0.85,17613.0,United Kingdom
551889,22920,HERB MARKER BASIL,12,5/5/2011 9:34,0.65,18198.0,United Kingdom
C550174,23004,TRAVEL CARD WALLET PANTRY,-6,4/14/2011 17:07,0.42,16394.0,United Kingdom
541038,85194L,HANGING SPRING FLOWER EGG LARGE,9,1/13/2011 12:10,0.85,16395.0,United Kingdom
573155,22470,HEART OF WICKER LARGE,12,10/28/2011 8:34,2.95,13632.0,United Kingdom
572317,23553,LANDMARK FRAME CAMDEN TOWN ,1,10/23/2011 16:13,12.5,14629.0,United Kingdom
544796,85049E,SCANDINAVIAN REDS RIBBONS,4,2/23/2011 13:37,1.25,16208.0,United Kingdom
569467,22382,LUNCH BAG SPACEBOY DESIGN ,10,10/4/2011 11:44,1.65,14291.0,United Kingdom
581452,22867,HAND WARMER BIRD DESIGN,36,12/8/2011 18:03,2.1,17675.0,United Kingdom
562688,21975,PACK OF 60 DINOSAUR CAKE CASES,6,8/8/2011 13:53,0.55,13869.0,United Kingdom
545324,22748,POPPY'S PLAYHOUSE KITCHEN,1,3/1/2011 14:58,2.1,13110.0,United Kingdom
560829,21481,FAWN BLUE HOT WATER BOTTLE,6,7/21/2011 12:00,2.95,17694.0,United Kingdom
569257,23535,BICYCLE SAFTEY WALL ART,36,10/3/2011 11:24,3.88,18102.0,United Kingdom
C548374,22969,HOMEMADE JAM SCENTED CANDLES,-2,3/30/2011 16:36,1.45,13047.0,United Kingdom
576787,22326,ROUND SNACK BOXES SET OF4 WOODLAND ,6,11/16/2011 13:54,2.95,13815.0,Germany
547080,22487,WHITE WOOD GARDEN PLANT LADDER,2,3/20/2011 15:06,9.95,15445.0,United Kingdom
568329,84997D,CHILDRENS CUTLERY POLKADOT PINK,4,9/26/2011 14:12,4.15,15243.0,United Kingdom
542373,16237,SLEEPING CAT ERASERS,60,1/27/2011 13:38,0.21,16767.0,United Kingdom
562791,20718,RED RETROSPOT SHOPPER BAG,10,8/9/2011 14:18,1.25,17730.0,United Kingdom
564139,22433,WATERING CAN GREEN DINOSAUR,1,8/23/2011 11:41,1.95,16904.0,United Kingdom
558909,21390,FILIGRIS HEART WITH BUTTERFLY,48,7/5/2011 9:10,1.25,13408.0,United Kingdom
568417,22110,BIRD HOUSE HOT WATER BOTTLE,12,9/27/2011 11:10,2.55,14911.0,EIRE
580677,23581,JUMBO BAG PAISLEY PARK,5,12/5/2011 14:40,2.08,16200.0,United Kingdom
570211,22734,SET OF 6 RIBBONS VINTAGE CHRISTMAS,3,10/9/2011 11:15,2.89,13558.0,United Kingdom
559751,22998,TRAVEL CARD WALLET KEEP CALM,24,7/12/2011 11:28,0.42,14688.0,United Kingdom
578510,85099B,JUMBO BAG RED RETROSPOT,2,11/24/2011 13:25,2.08,14056.0,United Kingdom
555251,21462,"NURSERY A,B,C PAINTED LETTERS",2,6/1/2011 15:12,6.75,13062.0,United Kingdom
578805,23681,LUNCH BAG RED VINTAGE DOILY,10,11/25/2011 12:57,1.65,16401.0,United Kingdom
570240,23403,LETTER HOLDER HOME SWEET HOME,1,10/9/2011 15:17,3.75,13212.0,United Kingdom
573102,23307,SET OF 60 PANTRY DESIGN CAKE CASES ,24,10/27/2011 14:52,0.55,13266.0,United Kingdom
566400,23438, RED SPOT GIFT BAG LARGE,12,9/12/2011 13:16,1.25,17139.0,United Kingdom
573889,85123A,WHITE HANGING HEART T-LIGHT HOLDER,2,11/1/2011 13:44,2.95,13571.0,United Kingdom
C548947,21143,ANTIQUE GLASS HEART DECORATION ,-1,4/5/2011 10:45,1.95,14546.0,United Kingdom
538517,21889,WOODEN BOX OF DOMINOES,4,12/12/2010 16:05,1.25,17618.0,United Kingdom
577258,22664,TOY TIDY DOLLY GIRL DESIGN,1,11/18/2011 12:27,2.1,16764.0,United Kingdom
565920,22086,PAPER CHAIN KIT 50'S CHRISTMAS ,6,9/8/2011 8:56,2.95,15298.0,United Kingdom
555520,22919,HERB MARKER MINT,1,6/5/2011 11:14,0.65,15038.0,United Kingdom
545853,85123A,WHITE HANGING HEART T-LIGHT HOLDER,5,3/7/2011 13:50,2.95,16517.0,United Kingdom
553488,21888,BINGO SET,1,5/17/2011 12:40,3.75,18043.0,United Kingdom
580865,23504,PLAYING CARDS JUBILEE UNION JACK,1,12/6/2011 11:58,1.25,17914.0,United Kingdom
578041,21288,STRIPEY CHOCOLATE NESTING BOXES,3,11/22/2011 14:23,2.95,17338.0,United Kingdom
569866,20985,HEART CALCULATOR,2,10/6/2011 14:50,1.25,12757.0,Portugal
564375,22570,FELTCRAFT CUSHION RABBIT,4,8/25/2011 10:16,3.75,13078.0,United Kingdom
578954,22398,MAGNETS PACK OF 4 SWALLOWS,1,11/27/2011 15:02,0.39,15054.0,United Kingdom
575931,23263,SET OF 3 WOODEN HEART DECORATIONS,12,11/13/2011 10:35,1.25,16560.0,United Kingdom
552269,22361,GLASS JAR DAISY FRESH COTTON WOOL,1,5/8/2011 11:52,2.95,16121.0,United Kingdom
581433,21210,SET OF 72 RETROSPOT PAPER  DOILIES,12,12/8/2011 15:54,1.45,14911.0,EIRE
562880,21242,RED RETROSPOT PLATE ,96,8/10/2011 10:53,1.45,15838.0,United Kingdom
547870,22059,CERAMIC STRAWBERRY DESIGN MUG,3,3/27/2011 14:18,1.49,13668.0,United Kingdom
575983,23323,WHITE WICKER STAR ,2,11/13/2011 13:45,2.1,13379.0,United Kingdom
559878,20685,DOORMAT RED RETROSPOT,1,7/13/2011 11:19,7.95,15493.0,United Kingdom
545445,23127,DOLLCRAFT GIRL NICOLE,4,3/2/2011 16:26,4.95,17738.0,United Kingdom
550199,23207,LUNCH BAG ALPHABET DESIGN,10,4/15/2011 10:20,1.65,16523.0,United Kingdom
C571893,21216,"SET 3 RETROSPOT TEA,COFFEE,SUGAR",-4,10/19/2011 14:13,4.95,13314.0,United Kingdom
578519,22847,BREAD BIN DINER STYLE IVORY,1,11/24/2011 13:56,16.95,14591.0,United Kingdom
578366,85099B,JUMBO BAG RED RETROSPOT,10,11/24/2011 10:53,2.08,16173.0,United Kingdom
570884,22456,NATURAL SLATE CHALKBOARD LARGE ,3,10/13/2011 10:09,4.95,17315.0,United Kingdom
557957,21794,CLASSIC FRENCH STYLE BASKET NATURAL,5,6/23/2011 19:20,3.95,13969.0,United Kingdom
571841,23333,IVORY WICKER HEART MEDIUM,4,10/19/2011 12:21,1.25,17625.0,United Kingdom
C581316,23020,GLASS  SONGBIRD STORAGE JAR,-1,12/8/2011 11:46,12.5,12523.0,France
547064,22997,TRAVEL CARD WALLET UNION JACK,24,3/20/2011 13:38,0.42,16096.0,United Kingdom
569556,23144,ZINC T-LIGHT HOLDER STARS SMALL,24,10/5/2011 8:50,0.83,14936.0,Channel Islands
558501,82482,WOODEN PICTURE FRAME WHITE FINISH,12,6/30/2011 10:19,2.55,13871.0,United Kingdom
575607,22207,FRYING PAN UNION FLAG,1,11/10/2011 12:37,8.29,14096.0,United Kingdom
556727,82583,HOT BATHS METAL SIGN,12,6/14/2011 11:33,2.1,17675.0,United Kingdom
553489,22725,ALARM CLOCK BAKELIKE CHOCOLATE,4,5/17/2011 12:43,3.75,15730.0,United Kingdom
541271,22429,ENAMEL MEASURING JUG CREAM,4,1/17/2011 11:12,4.25,12388.0,Australia
539663,21890,S/6 WOODEN SKITTLES IN COTTON BAG,2,12/21/2010 10:26,2.95,17961.0,United Kingdom
566962,22386,JUMBO BAG PINK POLKADOT,1,9/15/2011 17:07,2.08,16764.0,United Kingdom
540169,22680,FRENCH BLUE METAL DOOR SIGN 5,1,1/5/2011 12:20,1.25,14527.0,United Kingdom
548757,22361,GLASS JAR DAISY FRESH COTTON WOOL,6,4/4/2011 12:31,2.95,17419.0,United Kingdom
562564,23209,LUNCH BAG VINTAGE DOILY ,1,8/7/2011 10:43,1.65,15058.0,United Kingdom
536987,21642,ASSORTED TUTTI FRUTTI PEN,2,12/3/2010 14:54,0.85,17198.0,United Kingdom
567185,21733,RED HANGING HEART T-LIGHT HOLDER,1,9/18/2011 15:55,2.95,16370.0,United Kingdom
568369,23355,HOT WATER BOTTLE KEEP CALM,2,9/26/2011 16:15,4.95,16710.0,United Kingdom
580755,21191,LARGE WHITE HONEYCOMB PAPER BELL  ,30,12/6/2011 10:16,2.1,14737.0,United Kingdom
575828,48185,DOORMAT FAIRY CAKE,2,11/11/2011 11:34,8.25,17162.0,United Kingdom
572867,23367,SET 12 COLOUR PENCILS SPACEBOY ,1,10/26/2011 13:19,0.65,14598.0,United Kingdom
578479,23157,SET OF 6 NATIVITY MAGNETS ,1,11/24/2011 12:48,2.08,15858.0,United Kingdom
579101,23100,SILVER BELLS TABLE DECORATION,12,11/28/2011 11:27,1.25,16364.0,United Kingdom
557570,23284,DOORMAT KEEP CALM AND COME IN,1,6/21/2011 10:48,7.95,15998.0,United Kingdom
550272,22998,TRAVEL CARD WALLET KEEP CALM,480,4/15/2011 12:14,0.36,18079.0,United Kingdom
571040,22633,HAND WARMER UNION JACK,2,10/13/2011 12:59,2.1,15272.0,United Kingdom
559046,23284,DOORMAT KEEP CALM AND COME IN,2,7/5/2011 15:41,7.95,14352.0,United Kingdom
544571,22857,ASSORTED EASTER GIFT TAGS,12,2/21/2011 13:07,0.85,15146.0,United Kingdom
C542256,22116,METAL SIGN HIS DINNER IS SERVED,-12,1/26/2011 17:04,0.85,17722.0,United Kingdom
549249,23004,TRAVEL CARD WALLET PANTRY,24,4/7/2011 12:04,0.42,12423.0,Belgium
554818,23082,SET 6 PAPER TABLE LANTERN HEARTS ,12,5/26/2011 14:09,3.75,13199.0,United Kingdom
552905,21735,TWO DOOR CURIO CABINET,2,5/12/2011 11:10,12.75,15974.0,United Kingdom
571564,23189,SET OF 12 FORK CANDLES,6,10/18/2011 10:16,2.89,16019.0,United Kingdom
556179,22984,CARD GINGHAM ROSE ,36,6/9/2011 11:27,0.42,13756.0,United Kingdom
553864,84559B,3D SHEET OF CAT STICKERS,3,5/19/2011 14:08,0.85,15862.0,United Kingdom
555647,23298,SPOTTY BUNTING,3,6/6/2011 13:43,4.95,12957.0,United Kingdom
549826,20712,JUMBO BAG WOODLAND ANIMALS,4,4/12/2011 12:53,2.08,15044.0,United Kingdom
542932,21755,LOVE BUILDING BLOCK WORD,6,2/2/2011 10:54,5.95,13089.0,United Kingdom
547822,23078,ICE CREAM PEN LIP GLOSS ,24,3/25/2011 14:53,1.25,12668.0,Germany
C574493,23113,PANTRY CHOPPING BOARD,-1,11/4/2011 13:09,4.95,14842.0,United Kingdom
556484,23192,BUNDLE OF 3 ALPHABET EXERCISE BOOKS,1,6/12/2011 13:17,1.65,16938.0,United Kingdom
567818,85150,LADIES & GENTLEMEN METAL SIGN,4,9/22/2011 12:41,2.55,14395.0,United Kingdom
568423,47590B,PINK HAPPY BIRTHDAY BUNTING,10,9/27/2011 11:24,5.45,17061.0,United Kingdom
564725,22077,6 RIBBONS RUSTIC CHARM,1,8/28/2011 12:28,1.65,18041.0,United Kingdom
581416,23458,DOLLY CABINET 3 DRAWERS ,1,12/8/2011 14:58,14.95,14569.0,United Kingdom
578318,35598B,BLACK CHRISTMAS TREE 60CM,24,11/23/2011 16:48,0.65,17135.0,United Kingdom
553509,22568,FELTCRAFT CUSHION OWL,1,5/17/2011 13:44,3.75,17220.0,United Kingdom
552975,84946,ANTIQUE SILVER T-LIGHT GLASS,12,5/12/2011 13:58,1.25,17932.0,United Kingdom
569900,22663,JUMBO BAG DOLLY GIRL DESIGN,10,10/6/2011 16:17,2.08,17651.0,United Kingdom
551556,23053,RECYCLED ACAPULCO MAT PINK,2,5/3/2011 10:30,8.25,14191.0,United Kingdom
545685,22979,PANTRY WASHING UP BRUSH,1,3/6/2011 11:55,1.45,14499.0,United Kingdom
569383,84596F,SMALL MARSHMALLOWS PINK BOWL,32,10/3/2011 16:46,0.42,15159.0,United Kingdom
575117,23207,LUNCH BAG ALPHABET DESIGN,1,11/8/2011 14:22,1.65,12748.0,United Kingdom
559894,22327,ROUND SNACK BOXES SET OF 4 SKULLS,1,7/13/2011 12:06,2.95,14159.0,United Kingdom
560119,16014,SMALL CHINESE STYLE SCISSOR,20,7/15/2011 10:21,0.42,12815.0,Poland
581167,23681,LUNCH BAG RED VINTAGE DOILY,10,12/7/2011 14:52,1.65,13534.0,United Kingdom
570179,22077,6 RIBBONS RUSTIC CHARM,12,10/7/2011 14:27,1.95,17509.0,United Kingdom
563619,22457,NATURAL SLATE HEART CHALKBOARD ,6,8/18/2011 10:01,2.95,12839.0,United Kingdom
548038,84748,FOLK FELT HANGING MULTICOL GARLAND,4,3/29/2011 12:03,3.75,15696.0,United Kingdom
553142,22898,CHILDRENS APRON APPLES DESIGN,2,5/13/2011 13:05,1.95,14527.0,United Kingdom
546625,21213,PACK OF 72 SKULL CAKE CASES,1,3/15/2011 11:45,0.55,17542.0,United Kingdom
557309,21208,PASTEL COLOUR HONEYCOMB FAN,48,6/19/2011 15:15,0.39,16493.0,United Kingdom
574311,21928,JUMBO BAG SCANDINAVIAN BLUE PAISLEY,10,11/3/2011 16:56,2.08,15640.0,United Kingdom
573373,84375,SET OF 20 KIDS COOKIE CUTTERS,2,10/30/2011 13:37,2.1,14684.0,United Kingdom
575612,22274,FELTCRAFT DOLL EMILY,6,11/10/2011 12:47,2.95,17416.0,United Kingdom
578698,23660,HENRIETTA HEN MUG ,12,11/25/2011 10:20,1.65,12620.0,France
565915,82482,WOODEN PICTURE FRAME WHITE FINISH,2,9/7/2011 15:52,2.95,15752.0,United Kingdom
549789,22652,TRAVEL SEWING KIT,10,4/12/2011 12:00,1.65,17160.0,United Kingdom
559922,21533,RETROSPOT LARGE MILK JUG,3,7/13/2011 15:50,4.95,14400.0,United Kingdom
552247,20840,FRENCH FLORAL CUSHION COVER ,2,5/6/2011 19:48,0.85,12748.0,United Kingdom
544697,84050,PINK HEART SHAPE EGG FRYING PAN,12,2/23/2011 9:44,1.65,13453.0,United Kingdom
557762,21094,SET/6 RED SPOTTY PAPER PLATES,12,6/22/2011 14:01,0.85,15810.0,United Kingdom
577022,82482,WOODEN PICTURE FRAME WHITE FINISH,6,11/17/2011 12:42,2.95,13668.0,United Kingdom
580632,22554,PLASTERS IN TIN WOODLAND ANIMALS,2,12/5/2011 12:16,1.65,16360.0,United Kingdom
566871,22697,GREEN REGENCY TEACUP AND SAUCER,6,9/15/2011 13:27,2.95,17047.0,United Kingdom
581438,71477,COLOURED GLASS STAR T-LIGHT HOLDER,12,12/8/2011 16:29,3.95,12955.0,United Kingdom
C558898,22798,ANTIQUE GLASS DRESSING TABLE POT,-1,7/4/2011 15:59,2.95,14952.0,United Kingdom
563558,23207,LUNCH BAG ALPHABET DESIGN,20,8/17/2011 13:40,1.65,14156.0,EIRE
547937,21705,BAG 500g SWIRLY MARBLES,6,3/28/2011 14:27,1.65,15068.0,United Kingdom
546429,47591D,PINK FAIRY CAKE CHILDRENS APRON,2,3/13/2011 15:25,1.95,17611.0,United Kingdom
579399,84029G,KNITTED UNION FLAG HOT WATER BOTTLE,1,11/29/2011 12:09,4.25,13137.0,United Kingdom
544460,22834,HAND WARMER BABUSHKA DESIGN,5,2/20/2011 14:01,2.1,16931.0,United Kingdom
561889,84879,ASSORTED COLOUR BIRD ORNAMENT,16,7/31/2011 13:37,1.69,15804.0,United Kingdom
564565,22623,BOX OF VINTAGE JIGSAW BLOCKS ,3,8/26/2011 10:50,5.95,14911.0,EIRE
552108,22041,"RECORD FRAME 7"" SINGLE SIZE ",1,5/6/2011 11:36,2.55,17841.0,United Kingdom
578814,23292,SPACEBOY CHILDRENS CUP,1,11/25/2011 13:40,1.25,12748.0,United Kingdom
542707,22492,MINI PAINT SET VINTAGE ,108,1/31/2011 12:50,0.65,18095.0,United Kingdom
542929,21039,RED RETROSPOT SHOPPING BAG,2,2/2/2011 10:34,2.55,17811.0,United Kingdom
574949,22113,GREY HEART HOT WATER BOTTLE,4,11/8/2011 9:12,4.25,14360.0,United Kingdom
545080,22061,LARGE CAKE STAND  HANGING STRAWBERY,2,2/28/2011 10:33,9.95,13004.0,United Kingdom
551810,20711,JUMBO BAG TOYS ,1,5/4/2011 11:32,2.08,15719.0,United Kingdom
580320,23201,JUMBO BAG ALPHABET,10,12/2/2011 15:40,2.08,15078.0,United Kingdom
546951,22149,FELTCRAFT 6 FLOWER FRIENDS,1,3/18/2011 11:30,2.1,17673.0,United Kingdom
577782,23130,MISTLETOE HEART WREATH GREEN,6,11/21/2011 16:17,4.15,16549.0,United Kingdom
550827,21035,SET/2 RED RETROSPOT TEA TOWELS ,12,4/21/2011 10:16,3.25,12670.0,France
571502,22112,CHOCOLATE HOT WATER BOTTLE,3,10/17/2011 15:18,4.95,14422.0,United Kingdom
550532,21955,DOORMAT UNION JACK GUNS AND ROSES,1,4/19/2011 11:02,7.95,14606.0,United Kingdom
561534,22457,NATURAL SLATE HEART CHALKBOARD ,6,7/28/2011 9:45,2.95,14307.0,United Kingdom
559993,85211,S/4 GROOVY CAT MAGNETS,2,7/14/2011 12:42,0.79,14716.0,United Kingdom
538168,22110,BIRD HOUSE HOT WATER BOTTLE,1,12/9/2010 19:23,2.55,14702.0,United Kingdom
579091,22181,SNOWSTORM PHOTO FRAME FRIDGE MAGNET,12,11/28/2011 10:49,0.85,14893.0,United Kingdom
557319,20723,STRAWBERRY CHARLOTTE BAG,10,6/20/2011 8:23,0.85,15076.0,United Kingdom
572023,22567,20 DOLLY PEGS RETROSPOT,1,10/20/2011 11:03,1.45,17764.0,United Kingdom
560229,23286,BLUE VINTAGE SPOT BEAKER,8,7/17/2011 10:39,0.85,14013.0,United Kingdom
564503,16238,PARTY TIME PENCIL ERASERS,28,8/25/2011 14:23,0.21,13971.0,United Kingdom
543300,47310M,"SMALL POP BOX,FUNKY MONKEY",3,2/7/2011 11:42,1.25,13334.0,United Kingdom
572703,21889,WOODEN BOX OF DOMINOES,2,10/25/2011 14:35,1.25,16110.0,United Kingdom
545288,20725,LUNCH BAG RED RETROSPOT,100,3/1/2011 11:48,1.45,15311.0,United Kingdom
546537,21791,VINTAGE HEADS AND TAILS CARD GAME ,2,3/14/2011 14:32,1.25,15005.0,United Kingdom
569866,22572,ROCKING HORSE GREEN CHRISTMAS ,6,10/6/2011 14:50,0.85,12757.0,Portugal
561817,85099F,JUMBO BAG STRAWBERRY,10,7/29/2011 15:51,2.08,12921.0,United Kingdom
577485,22748,POPPY'S PLAYHOUSE KITCHEN,2,11/20/2011 11:56,2.1,16360.0,United Kingdom
566281,22389,PAPERWEIGHT SAVE THE PLANET,6,9/11/2011 14:15,2.55,12748.0,United Kingdom
550622,21749,LARGE RED RETROSPOT WINDMILL,6,4/19/2011 13:49,2.1,13735.0,United Kingdom
545428,22957,SET 3 PAPER VINTAGE CHICK PAPER EGG,12,3/2/2011 14:43,2.95,14239.0,United Kingdom
566849,22952,60 CAKE CASES VINTAGE CHRISTMAS,24,9/15/2011 12:03,0.55,16341.0,United Kingdom
574721,21064,BOOM BOX SPEAKER BOYS,1,11/6/2011 14:43,5.95,17920.0,United Kingdom
539112,84879,ASSORTED COLOUR BIRD ORNAMENT,8,12/16/2010 11:15,1.69,13468.0,United Kingdom
558679,22142,CHRISTMAS CRAFT WHITE FAIRY ,1,7/1/2011 10:58,1.45,17800.0,United Kingdom
537781,22908,PACK OF 20 NAPKINS RED APPLES,1,12/8/2010 12:46,0.85,17341.0,United Kingdom
540268,79321,CHILLI LIGHTS,12,1/6/2011 11:25,4.95,13458.0,United Kingdom
559557,22631,CIRCUS PARADE LUNCH BOX ,12,7/11/2011 10:33,1.95,17444.0,Canada
546944,22701,PINK DOG BOWL,2,3/18/2011 11:13,2.95,14701.0,United Kingdom
573345,21815,STAR  T-LIGHT HOLDER ,2,10/30/2011 12:14,1.45,17609.0,United Kingdom
546431,84992,72 SWEETHEART FAIRY CAKE CASES,48,3/14/2011 8:05,0.55,16954.0,United Kingdom
557769,23028,DRAWER KNOB CRACKLE GLAZE BLUE,6,6/22/2011 14:38,1.65,16626.0,United Kingdom
555344,85099F,JUMBO BAG STRAWBERRY,5,6/2/2011 11:45,2.08,15311.0,United Kingdom
560726,22156,HEART DECORATION WITH PEARLS ,1,7/20/2011 14:16,0.85,17962.0,United Kingdom
557100,22668,PINK BABY BUNTING,5,6/16/2011 15:47,2.95,16027.0,United Kingdom
577341,84991,60 TEATIME FAIRY CAKE CASES,24,11/18/2011 15:00,0.55,16279.0,United Kingdom
578233,23313,VINTAGE CHRISTMAS BUNTING,10,11/23/2011 12:20,4.95,14049.0,United Kingdom
580656,72799C,PINK PILLAR CANDLE SILVER FLOCK,12,12/5/2011 13:40,0.79,15621.0,United Kingdom
558762,23243,SET OF TEA COFFEE SUGAR TINS PANTRY,12,7/3/2011 13:05,4.95,15023.0,United Kingdom
557760,22988,SOLDIERS EGG CUP ,60,6/22/2011 13:57,1.25,12901.0,United Kingdom
575075,21891,TRADITIONAL WOODEN SKIPPING ROPE,3,11/8/2011 13:19,1.45,13975.0,United Kingdom
563614,22630,DOLLY GIRL LUNCH BOX,256,8/18/2011 8:51,1.65,12415.0,Australia
577774,84692,BOX OF 24 COCKTAIL PARASOLS,6,11/21/2011 15:57,0.42,16712.0,United Kingdom
570488,20963,APPLE BATH SPONGE,2,10/10/2011 17:12,2.46,14096.0,United Kingdom
576274,85123A,WHITE HANGING HEART T-LIGHT HOLDER,2,11/14/2011 14:24,2.95,17793.0,United Kingdom
548796,22554,PLASTERS IN TIN WOODLAND ANIMALS,2,4/4/2011 12:42,1.65,15752.0,United Kingdom
578270,21731,RED TOADSTOOL LED NIGHT LIGHT,1,11/23/2011 13:39,3.29,14096.0,United Kingdom
549298,21977,PACK OF 60 PINK PAISLEY CAKE CASES,24,4/8/2011 8:20,0.55,13015.0,United Kingdom
562968,22139,RETROSPOT TEA SET CERAMIC 11 PC ,6,8/11/2011 10:55,4.95,14291.0,United Kingdom
550798,22303,COFFEE MUG APPLES DESIGN,36,4/20/2011 14:41,2.55,15290.0,United Kingdom
550106,47566,PARTY BUNTING,15,4/14/2011 12:31,4.95,13772.0,United Kingdom
540176,85099B,JUMBO BAG RED RETROSPOT,100,1/5/2011 12:40,1.65,17511.0,United Kingdom
548612,22427,ENAMEL FLOWER JUG CREAM,1,4/1/2011 11:34,5.95,13137.0,United Kingdom
541216,20727,LUNCH BAG  BLACK SKULL.,100,1/14/2011 13:52,1.45,15311.0,United Kingdom
555647,23175,REGENCY MILK JUG PINK ,6,6/6/2011 13:43,3.25,12957.0,United Kingdom
565738,20728,LUNCH BAG CARS BLUE,10,9/6/2011 12:30,1.65,14667.0,United Kingdom
C551167,82483,WOOD 2 DRAWER CABINET WHITE FINISH,-1,4/26/2011 16:02,6.95,14211.0,United Kingdom
575923,23581,JUMBO BAG PAISLEY PARK,10,11/11/2011 17:11,2.08,17069.0,United Kingdom
571712,23660,HENRIETTA HEN MUG ,2,10/18/2011 16:46,1.65,14056.0,United Kingdom
537822,21531,RED RETROSPOT SUGAR JAM BOWL,6,12/8/2010 14:22,2.55,13523.0,United Kingdom
562549,22703,PINK CAT BOWL,7,8/5/2011 16:10,2.1,17092.0,United Kingdom
568215,22622,BOX OF VINTAGE ALPHABET BLOCKS,12,9/26/2011 8:38,9.95,13390.0,United Kingdom
538630,21181,PLEASE ONE PERSON METAL SIGN,12,12/13/2010 13:25,2.1,14565.0,United Kingdom
565420,22867,HAND WARMER BIRD DESIGN,1,9/4/2011 12:09,2.1,16326.0,United Kingdom
547691,23177,TREASURE ISLAND BOOK BOX,16,3/24/2011 15:02,2.25,16767.0,United Kingdom
541489,22384,LUNCH BAG PINK POLKADOT,3,1/18/2011 13:38,1.65,15023.0,United Kingdom
576626,22086,PAPER CHAIN KIT 50'S CHRISTMAS ,1,11/15/2011 17:26,2.95,12890.0,United Kingdom
540178,22904,CALENDAR PAPER CUT DESIGN,6,1/5/2011 12:42,2.95,12681.0,France
547828,22197,SMALL POPCORN HOLDER,36,3/25/2011 15:18,0.85,16618.0,United Kingdom
564187,85123A,WHITE HANGING HEART T-LIGHT HOLDER,4,8/23/2011 15:24,2.95,15005.0,United Kingdom
557019,23093,SMALL PARISIENNE HEART PHOTO FRAME ,1,6/16/2011 12:45,2.49,15907.0,United Kingdom
555312,22178,VICTORIAN GLASS HANGING T-LIGHT,12,6/2/2011 10:39,1.25,16484.0,United Kingdom
570637,22734,SET OF 6 RIBBONS VINTAGE CHRISTMAS,12,10/11/2011 12:34,2.89,12530.0,Germany
555350,22997,TRAVEL CARD WALLET UNION JACK,24,6/2/2011 12:08,0.42,17652.0,United Kingdom
571502,22089,PAPER BUNTING VINTAGE PAISLEY,6,10/17/2011 15:18,2.95,14422.0,United Kingdom
545698,22553,PLASTERS IN TIN SKULLS,1,3/6/2011 14:44,1.65,15572.0,United Kingdom
571441,22966,GINGERBREAD MAN COOKIE CUTTER,2,10/17/2011 13:31,2.46,14096.0,United Kingdom
556009,23080,RED METAL BOX TOP SECRET,2,6/8/2011 11:37,8.25,18221.0,United Kingdom
572306,23406,HOME SWEET HOME KEY HOLDER,1,10/23/2011 15:11,6.25,17841.0,United Kingdom
536977,22968,ROSE COTTAGE KEEPSAKE BOX ,2,12/3/2010 14:18,9.95,17954.0,United Kingdom
572316,72369A,PINK CLEAR GLASS CANDLE PLATE,12,10/23/2011 16:13,1.25,17836.0,United Kingdom
576370,23014,GLASS APOTHECARY BOTTLE ELIXIR,8,11/15/2011 8:00,3.95,15981.0,United Kingdom
547083,22801,ANTIQUE GLASS PEDESTAL BOWL,1,3/20/2011 15:21,3.75,15452.0,United Kingdom
576614,21813,GARLAND WITH STARS AND BELLS,1,11/15/2011 16:38,4.95,12933.0,United Kingdom
555931,84637,KITCHEN FLOWER POTS WALL PLAQUE,3,6/8/2011 8:31,5.95,17828.0,Malta
580635,90200B,BLACK SWEETHEART BRACELET,6,12/5/2011 12:30,4.25,14649.0,United Kingdom
575740,22579,WOODEN TREE CHRISTMAS SCANDINAVIAN,24,11/11/2011 9:25,0.29,18130.0,United Kingdom
556908,22582,PACK OF 6 SWEETIE GIFT BOXES,6,6/15/2011 13:23,2.55,18165.0,United Kingdom
548188,21069,VINTAGE BILLBOARD TEA MUG,2,3/29/2011 15:12,1.25,13263.0,United Kingdom
576628,21507,ELEPHANT BIRTHDAY CARD ,12,11/16/2011 8:28,0.42,13449.0,United Kingdom
543161,22315,200 RED + WHITE BENDY STRAWS,12,2/3/2011 17:01,1.25,14497.0,United Kingdom
542408,21644,ASSORTED TUTTI FRUTTI HEART BOX,12,1/27/2011 16:29,1.25,13280.0,United Kingdom
546665,48138,DOORMAT UNION FLAG,2,3/15/2011 15:06,7.95,15867.0,United Kingdom
571064,23192,BUNDLE OF 3 ALPHABET EXERCISE BOOKS,1,10/13/2011 14:48,1.65,17181.0,United Kingdom
560256,82483,WOOD 2 DRAWER CABINET WHITE FINISH,2,7/17/2011 13:24,6.95,14462.0,United Kingdom
547209,22294,HEART FILIGREE DOVE  SMALL,24,3/21/2011 14:44,1.25,13081.0,United Kingdom
563556,85099C,JUMBO  BAG BAROQUE BLACK WHITE,10,8/17/2011 13:31,2.08,17706.0,United Kingdom
580305,20674,GREEN POLKADOT BOWL,2,12/2/2011 14:26,1.25,12970.0,United Kingdom
570428,23352,ROLL WRAP 50'S RED CHRISTMAS ,2,10/10/2011 14:02,1.25,15553.0,United Kingdom
554079,22276,WASH BAG VINTAGE ROSE PAISLEY,2,5/22/2011 11:41,2.55,14546.0,United Kingdom
578817,21733,RED HANGING HEART T-LIGHT HOLDER,1,11/25/2011 13:45,2.95,16764.0,United Kingdom
578702,23168,CLASSIC CAFE SUGAR DISPENSER,12,11/25/2011 10:58,1.25,15382.0,United Kingdom
574936,20974,12 PENCILS SMALL TUBE SKULL,3,11/7/2011 17:06,0.65,13066.0,United Kingdom
570479,22553,PLASTERS IN TIN SKULLS,6,10/10/2011 16:58,1.65,17589.0,United Kingdom
540014,21661,VINTAGE GLASS TEA CADDY,1,1/4/2011 11:34,5.95,14606.0,United Kingdom
560716,84997C,CHILDRENS CUTLERY POLKADOT BLUE,4,7/20/2011 13:26,4.15,17675.0,United Kingdom
563250,23322,LARGE WHITE HEART OF WICKER,6,8/15/2011 11:38,2.95,15624.0,United Kingdom
550956,22382,LUNCH BAG SPACEBOY DESIGN ,2,4/21/2011 16:37,1.65,17179.0,United Kingdom
580677,84991,60 TEATIME FAIRY CAKE CASES,1,12/5/2011 14:40,0.55,16200.0,United Kingdom
574667,22726,ALARM CLOCK BAKELIKE GREEN,1,11/6/2011 12:12,3.75,15514.0,United Kingdom
578074,23263,SET OF 3 WOODEN HEART DECORATIONS,2,11/22/2011 16:06,1.25,17590.0,United Kingdom
554103,23006,TRAVEL CARD WALLET FLOWER MEADOW,5,5/22/2011 13:51,0.42,15555.0,United Kingdom
568668,84509A,SET OF 4 ENGLISH ROSE PLACEMATS,1,9/28/2011 13:00,3.75,15750.0,United Kingdom
562431,21242,RED RETROSPOT PLATE ,10,8/4/2011 17:37,1.69,13069.0,United Kingdom
569555,22153,ANGEL DECORATION STARS ON DRESS,48,10/5/2011 8:17,0.42,17728.0,United Kingdom
550607,48194,DOORMAT HEARTS,2,4/19/2011 12:17,7.95,16919.0,United Kingdom
547090,82483,WOOD 2 DRAWER CABINET WHITE FINISH,2,3/20/2011 16:12,6.95,17230.0,United Kingdom
541974,22208,WOOD STAMP SET THANK YOU,1,1/24/2011 14:16,1.65,14541.0,United Kingdom
559552,21770,OPEN CLOSED METAL SIGN,1,7/10/2011 16:29,4.95,16014.0,United Kingdom
577845,22938,CUPCAKE LACE PAPER SET 6,48,11/22/2011 10:44,1.65,18139.0,United Kingdom
554919,22386,JUMBO BAG PINK POLKADOT,100,5/27/2011 12:38,1.79,13225.0,United Kingdom
579002,22489,PACK OF 12 TRADITIONAL CRAYONS,4,11/27/2011 16:27,0.42,14093.0,United Kingdom
562711,22411,JUMBO SHOPPER VINTAGE RED PAISLEY,1,8/8/2011 14:53,2.08,16788.0,United Kingdom
557758,22064,PINK DOUGHNUT TRINKET POT ,2,6/22/2011 13:28,1.65,17585.0,United Kingdom
577228,22563,HAPPY STENCIL CRAFT,1,11/18/2011 12:07,1.25,12391.0,Cyprus
540462,84050,PINK HEART SHAPE EGG FRYING PAN,72,1/7/2011 12:45,1.25,16779.0,United Kingdom
574501,23120,PACK OF 6 SMALL FRUIT STRAWS,2,11/4/2011 13:15,0.42,12577.0,France
555554,22626,BLACK KITCHEN SCALES,2,6/5/2011 13:46,8.5,13742.0,United Kingdom
573511,22417,PACK OF 60 SPACEBOY CAKE CASES,24,10/31/2011 12:25,0.55,12347.0,Iceland
565411,23199,JUMBO BAG APPLES,2,9/4/2011 11:22,2.08,13772.0,United Kingdom
576089,22273,FELTCRAFT DOLL MOLLY,12,11/14/2011 8:56,2.95,17663.0,United Kingdom
571413,22816,CARD MOTORBIKE SANTA,12,10/17/2011 12:33,0.42,13923.0,United Kingdom
560579,23275,SET OF 3 HANGING OWLS OLLIE BEAK,12,7/19/2011 15:13,1.25,15867.0,United Kingdom
562733,22423,REGENCY CAKESTAND 3 TIER,16,8/9/2011 10:20,10.95,14626.0,United Kingdom
556791,23033,DRAWER KNOB CERAMIC RED,1,6/14/2011 13:51,1.45,16928.0,United Kingdom
576076,21931,JUMBO STORAGE BAG SUKI,1,11/13/2011 16:18,2.08,14382.0,United Kingdom
555245,23192,BUNDLE OF 3 ALPHABET EXERCISE BOOKS,2,6/1/2011 14:12,1.65,14800.0,United Kingdom
564729,23308,SET OF 60 VINTAGE LEAF CAKE CASES ,3,8/28/2011 12:44,0.55,13137.0,United Kingdom
574657,22561,WOODEN SCHOOL COLOURING SET,4,11/6/2011 11:43,1.65,13772.0,United Kingdom
C542032,22778,GLASS CLOCHE SMALL,-7,1/25/2011 11:45,3.39,15311.0,United Kingdom
565515,23200,JUMBO BAG PEARS,20,9/5/2011 11:51,2.08,17491.0,United Kingdom
573263,21159,MOODY BOY  DOOR HANGER ,240,10/28/2011 12:34,0.39,13694.0,United Kingdom
552279,23202,JUMBO BAG VINTAGE LEAF,10,5/8/2011 12:38,2.08,15117.0,United Kingdom
569535,82486,3 DRAWER ANTIQUE WHITE WOOD CABINET,2,10/4/2011 15:41,8.95,15044.0,United Kingdom
579516,22835,HOT WATER BOTTLE I AM SO POORLY,1,11/29/2011 17:52,4.95,17841.0,United Kingdom
549734,20676,RED RETROSPOT BOWL,8,4/11/2011 17:12,1.25,16409.0,United Kingdom
550158,21340,CLASSIC METAL BIRDCAGE PLANT HOLDER,2,4/14/2011 15:39,12.75,13989.0,United Kingdom
539587,22356,CHARLOTTE BAG PINK POLKADOT,40,12/20/2010 13:10,0.72,14298.0,United Kingdom
579444,23241,TREASURE TIN GYMKHANA DESIGN,6,11/29/2011 13:40,2.08,13999.0,United Kingdom
577355,23108,SET OF 10 LED DOLLY LIGHTS,4,11/18/2011 15:53,6.25,14911.0,EIRE
570672,21875,KINGS CHOICE MUG,12,10/11/2011 14:52,1.25,12536.0,France
563104,22296,HEART IVORY TRELLIS LARGE,12,8/12/2011 10:13,1.65,13888.0,United Kingdom
550711,82484,WOOD BLACK BOARD ANT WHITE FINISH,108,4/20/2011 11:06,4.77,18102.0,United Kingdom
537375,22466,FAIRY TALE COTTAGE NIGHTLIGHT,6,12/6/2010 12:55,1.95,17019.0,United Kingdom
570342,85152,HAND OVER THE CHOCOLATE   SIGN ,12,10/10/2011 12:26,2.1,17706.0,United Kingdom
557219,22432,WATERING CAN PINK BUNNY,6,6/17/2011 12:39,1.95,14776.0,United Kingdom
574917,23437, 50'S CHRISTMAS GIFT BAG LARGE,12,11/7/2011 16:30,1.25,14135.0,United Kingdom
580671,21563,RED HEART SHAPE LOVE BUCKET ,24,12/5/2011 14:26,0.79,15159.0,United Kingdom
572045,22112,CHOCOLATE HOT WATER BOTTLE,3,10/20/2011 12:11,4.95,14527.0,United Kingdom
573544,84946,ANTIQUE SILVER T-LIGHT GLASS,12,10/31/2011 13:11,1.25,12856.0,United Kingdom
559824,22654,DELUXE SEWING KIT ,1,7/12/2011 17:23,5.95,17576.0,United Kingdom
577286,20978,36 PENCILS TUBE SKULLS,2,11/18/2011 12:39,1.25,14606.0,United Kingdom
541504,22112,CHOCOLATE HOT WATER BOTTLE,2,1/18/2011 15:37,4.95,14415.0,United Kingdom
573362,21668,RED STRIPE CERAMIC DRAWER KNOB,12,10/30/2011 13:06,1.45,12597.0,Spain
565766,23206,LUNCH BAG APPLE DESIGN,1,9/6/2011 14:23,1.65,17841.0,United Kingdom
562576,22382,LUNCH BAG SPACEBOY DESIGN ,1,8/7/2011 13:08,1.65,15518.0,United Kingdom
549325,85053,FRENCH ENAMEL CANDLEHOLDER,6,4/8/2011 10:32,2.1,12717.0,Greece
578995,22379,RECYCLING BAG RETROSPOT ,2,11/27/2011 15:59,2.1,15861.0,United Kingdom
543631,22708,WRAP DOLLY GIRL,25,2/10/2011 16:17,0.42,14081.0,United Kingdom
575487,46000S,POLYESTER FILLER PAD 40x40cm,4,11/9/2011 17:11,1.45,15450.0,United Kingdom
547069,22383,LUNCH BAG SUKI DESIGN ,2,3/20/2011 13:52,1.65,16710.0,United Kingdom
568048,23170,REGENCY TEA PLATE ROSES ,12,9/23/2011 12:36,1.65,14911.0,EIRE
550328,22063,CERAMIC BOWL WITH STRAWBERRY DESIGN,2,4/17/2011 13:18,2.95,17582.0,United Kingdom
565445,90184B,AMETHYST CHUNKY BEAD BRACELET W STR,1,9/4/2011 14:50,8.95,13548.0,United Kingdom
541282,21066,VINTAGE RED MUG,6,1/17/2011 12:31,1.25,17690.0,United Kingdom
547846,22500,SET OF 2 TINS JARDIN DE PROVENCE,4,3/27/2011 11:59,4.95,18071.0,United Kingdom
542863,15056BL,EDWARDIAN PARASOL BLACK,3,2/1/2011 11:58,5.95,13494.0,United Kingdom
562939,23108,SET OF 10 LED DOLLY LIGHTS,2,8/11/2011 8:37,6.25,15498.0,United Kingdom
576339,22680,FRENCH BLUE METAL DOOR SIGN 5,1,11/14/2011 15:27,2.46,14096.0,United Kingdom
578701,23318,BOX OF 6 MINI VINTAGE CRACKERS,6,11/25/2011 10:52,2.49,17624.0,United Kingdom
575684,23130,MISTLETOE HEART WREATH GREEN,8,11/10/2011 15:57,4.15,14397.0,United Kingdom
572769,21523,DOORMAT FANCY FONT HOME SWEET HOME,10,10/26/2011 10:15,7.08,14051.0,United Kingdom
556105,84692,BOX OF 24 COCKTAIL PARASOLS,25,6/8/2011 16:39,0.42,13466.0,United Kingdom
557472,23214,JINGLE BELL HEART ANTIQUE GOLD,12,6/20/2011 13:27,2.08,12432.0,Norway
556062,47566,PARTY BUNTING,12,6/8/2011 14:06,4.95,15189.0,United Kingdom
558232,22254,FELT TOADSTOOL LARGE,2,6/27/2011 14:30,1.25,17841.0,United Kingdom
555249,22429,ENAMEL MEASURING JUG CREAM,1,6/1/2011 14:57,4.25,17472.0,United Kingdom
552315,22637,PIGGY BANK RETROSPOT ,4,5/8/2011 16:10,2.55,12700.0,France
543281,21891,TRADITIONAL WOODEN SKIPPING ROPE,1,2/6/2011 15:34,1.25,14606.0,United Kingdom
548563,22993,SET OF 4 PANTRY JELLY MOULDS,9,4/1/2011 10:21,1.25,18118.0,United Kingdom
561933,82600,NO SINGING METAL SIGN,12,8/1/2011 12:56,2.1,12949.0,United Kingdom
568692,23367,SET 12 COLOUR PENCILS SPACEBOY ,16,9/28/2011 14:48,0.65,13901.0,United Kingdom
C551285,72351B,SET/6 PINK  BUTTERFLY T-LIGHTS,-1,4/27/2011 14:07,2.1,15005.0,United Kingdom
545901,22291,HANGING CHICK CREAM DECORATION,2,3/7/2011 17:52,1.45,15834.0,United Kingdom
543114,21914,BLUE HARMONICA IN BOX ,12,2/3/2011 13:26,1.25,14156.0,EIRE
578260,21733,RED HANGING HEART T-LIGHT HOLDER,12,11/23/2011 13:15,2.95,17469.0,United Kingdom
579711,85177,BASKET OF FLOWERS SEWING KIT,2,11/30/2011 14:17,0.85,15060.0,United Kingdom
566076,22627,MINT KITCHEN SCALES,4,9/9/2011 9:13,8.5,12449.0,Belgium
558455,23196,RETRO LEAVES MAGNETIC NOTEPAD,12,6/29/2011 13:58,1.45,14327.0,United Kingdom
554359,22385,JUMBO BAG SPACEBOY DESIGN,10,5/24/2011 9:56,2.08,13590.0,United Kingdom
553680,71053,WHITE METAL LANTERN,6,5/18/2011 13:11,3.75,13258.0,United Kingdom
553211,20967,GREY FLORAL FELTCRAFT SHOULDER BAG,16,5/16/2011 9:40,3.75,15358.0,United Kingdom
553212,23192,BUNDLE OF 3 ALPHABET EXERCISE BOOKS,12,5/16/2011 9:42,1.65,15358.0,United Kingdom
538523,84077,WORLD WAR 2 GLIDERS ASSTD DESIGNS,48,12/13/2010 9:29,0.29,13198.0,United Kingdom
547669,21928,JUMBO BAG SCANDINAVIAN BLUE PAISLEY,5,3/24/2011 13:37,1.95,12748.0,United Kingdom
538991,22906,12 MESSAGE CARDS WITH ENVELOPES,60,12/15/2010 11:53,1.45,17511.0,United Kingdom
542428,22757,LARGE RED BABUSHKA NOTEBOOK ,72,1/28/2011 10:00,1.25,17404.0,Sweden
547881,22498,WOODEN REGATTA BUNTING,1,3/27/2011 16:08,5.95,13110.0,United Kingdom
547005,22570,FELTCRAFT CUSHION RABBIT,4,3/18/2011 14:20,3.75,12474.0,Germany
570964,22144,CHRISTMAS CRAFT LITTLE FRIENDS,6,10/13/2011 11:50,2.1,12766.0,Portugal
567849,21833,CAMOUFLAGE LED TORCH,4,9/22/2011 13:15,1.69,15571.0,United Kingdom
567457,23273,HEART T-LIGHT HOLDER WILLIE WINKIE,12,9/20/2011 12:18,1.65,14164.0,United Kingdom
572103,21918,SET 12 KIDS COLOUR  CHALK STICKS,1,10/20/2011 15:57,0.42,17571.0,United Kingdom
569861,22629,SPACEBOY LUNCH BOX ,12,10/6/2011 14:37,1.95,13816.0,Germany
541213,22423,REGENCY CAKESTAND 3 TIER,1,1/14/2011 13:28,12.75,15033.0,United Kingdom
577469,23395,BELLE JARDINIERE CUSHION COVER,1,11/20/2011 11:25,3.75,15009.0,United Kingdom
578353,22295,HEART FILIGREE DOVE LARGE,12,11/24/2011 10:07,1.65,14825.0,United Kingdom
567807,22603,CHRISTMAS RETROSPOT TREE WOOD,6,9/22/2011 12:23,0.85,17027.0,United Kingdom
562560,23169,CLASSIC GLASS COOKIE JAR,2,8/5/2011 17:12,4.15,14156.0,EIRE
556279,21166,COOK WITH WINE METAL SIGN ,2,6/9/2011 19:55,2.08,14562.0,United Kingdom
566255,22699,ROSES REGENCY TEACUP AND SAUCER ,48,9/11/2011 12:23,2.55,13324.0,United Kingdom
571441,22956,36 FOIL HEART CAKE CASES,2,10/17/2011 13:31,4.13,14096.0,United Kingdom
559652,84987,SET OF 36 TEATIME PAPER DOILIES,12,7/11/2011 12:47,1.45,17164.0,United Kingdom
571653,84947,ANTIQUE SILVER TEA GLASS ENGRAVED,12,10/18/2011 12:17,1.06,14298.0,United Kingdom
571049,22112,CHOCOLATE HOT WATER BOTTLE,3,10/13/2011 13:43,4.95,16670.0,United Kingdom
563476,23207,LUNCH BAG ALPHABET DESIGN,20,8/16/2011 15:22,1.65,17682.0,United Kingdom
551548,22642,SET OF 4 NAPKIN CHARMS STARS   ,6,5/3/2011 9:44,2.55,14149.0,United Kingdom
579673,21175,GIN AND TONIC DIET METAL SIGN,5,11/30/2011 12:59,2.55,18283.0,United Kingdom
C540417,79321,CHILLI LIGHTS,-72,1/7/2011 10:56,4.25,13680.0,United Kingdom
569417,22613,PACK OF 20 SPACEBOY NAPKINS,12,10/4/2011 10:29,0.85,17629.0,United Kingdom
553702,85159B,"WHITE TEA,COFFEE,SUGAR JARS",2,5/18/2011 14:50,1.95,13263.0,United Kingdom
557121,22726,ALARM CLOCK BAKELIKE GREEN,16,6/16/2011 17:35,3.75,14062.0,United Kingdom
544311,22673,FRENCH GARDEN SIGN BLUE METAL,1,2/17/2011 14:19,1.25,17841.0,United Kingdom
536763,22585,PACK OF 6 BIRDY GIFT TAGS,12,12/2/2010 14:42,1.25,17685.0,United Kingdom
560451,84944,SET OF 6 KASHMIR FOLKART BAUBLES,24,7/19/2011 9:50,1.65,14911.0,EIRE
570818,21931,JUMBO STORAGE BAG SUKI,1,10/12/2011 12:47,2.08,17841.0,United Kingdom
571289,20974,12 PENCILS SMALL TUBE SKULL,48,10/16/2011 15:27,0.65,15113.0,United Kingdom
558368,21930,JUMBO STORAGE BAG SKULLS,10,6/28/2011 15:36,2.08,14329.0,United Kingdom
542886,22466,FAIRY TALE COTTAGE NIGHTLIGHT,1,2/1/2011 13:09,1.95,16515.0,United Kingdom
565738,22663,JUMBO BAG DOLLY GIRL DESIGN,20,9/6/2011 12:30,2.08,14667.0,United Kingdom
577748,21326,AGED GLASS SILVER T-LIGHT HOLDER,24,11/21/2011 14:24,0.65,15159.0,United Kingdom
542420,22222,CAKE PLATE LOVEBIRD WHITE,1,1/27/2011 18:05,4.95,17180.0,United Kingdom
568139,22758,LARGE PURPLE BABUSHKA NOTEBOOK  ,12,9/25/2011 10:46,1.25,13083.0,United Kingdom
575904,22383,LUNCH BAG SUKI DESIGN ,2,11/11/2011 15:28,1.65,18014.0,United Kingdom
545883,85116,BLACK CANDELABRA T-LIGHT HOLDER,6,3/7/2011 15:40,2.1,15974.0,United Kingdom
561329,22699,ROSES REGENCY TEACUP AND SAUCER ,2,7/26/2011 13:57,2.95,15044.0,United Kingdom
578088,35961,FOLKART ZINC HEART CHRISTMAS DEC,3,11/22/2011 16:47,0.85,16376.0,United Kingdom
541986,22493,PAINT YOUR OWN CANVAS SET,12,1/24/2011 15:59,1.65,17001.0,United Kingdom
573501,23254,CHILDRENS CUTLERY DOLLY GIRL ,4,10/31/2011 12:02,4.15,18055.0,United Kingdom
546927,21746,SMALL RED RETROSPOT WINDMILL,96,3/18/2011 10:15,1.06,16672.0,United Kingdom
538296,22111,SCOTTIE DOG HOT WATER BOTTLE,12,12/10/2010 13:06,4.95,13148.0,United Kingdom
577483,20996,JAZZ HEARTS ADDRESS BOOK,3,11/20/2011 11:50,0.19,14502.0,United Kingdom
C571637,23348,CHILDRENS TOY COOKING UTENSIL SET,-2,10/18/2011 11:55,2.08,14688.0,United Kingdom
576147,22111,SCOTTIE DOG HOT WATER BOTTLE,6,11/14/2011 10:49,4.95,16303.0,United Kingdom
540798,22083,PAPER CHAIN KIT RETROSPOT,6,1/11/2011 12:11,2.95,17365.0,United Kingdom
573023,23284,DOORMAT KEEP CALM AND COME IN,4,10/27/2011 12:53,8.25,13882.0,United Kingdom
575516,23396,LE JARDIN BOTANIQUE CUSHION COVER,4,11/10/2011 10:45,3.75,17340.0,United Kingdom
557801,23244,ROUND STORAGE TIN VINTAGE LEAF,6,6/23/2011 10:14,1.95,13319.0,United Kingdom
545045,85062,PEARL CRYSTAL PUMPKIN T-LIGHT HLDR,6,2/27/2011 11:40,1.65,15708.0,United Kingdom
539317,21385,IVORY HANGING DECORATION  HEART,1,12/16/2010 19:04,0.85,17392.0,United Kingdom
547867,22219,LOVEBIRD HANGING DECORATION WHITE ,6,3/27/2011 13:56,0.85,13357.0,United Kingdom
581164,84968E,SET OF 16 VINTAGE BLACK CUTLERY,1,12/7/2011 14:34,12.75,14395.0,United Kingdom
573380,23382,BOX OF 6 CHRISTMAS CAKE DECORATIONS,4,10/30/2011 14:04,3.75,14572.0,United Kingdom
577504,23508,MINI PLAYING CARDS DOLLY GIRL ,2,11/20/2011 12:36,0.42,14159.0,United Kingdom
543737,21563,RED HEART SHAPE LOVE BUCKET ,12,2/11/2011 12:45,2.95,12477.0,Germany
557019,22110,BIRD HOUSE HOT WATER BOTTLE,1,6/16/2011 12:45,2.55,15907.0,United Kingdom
543519,84997C,BLUE 3 PIECE POLKADOT CUTLERY SET,6,2/9/2011 11:38,4.15,17083.0,United Kingdom
569667,23129,HEART SHAPED HOLLY WREATH,4,10/5/2011 13:42,4.15,17521.0,United Kingdom
559310,21932,SCANDINAVIAN PAISLEY PICNIC BAG,10,7/7/2011 13:33,1.65,15505.0,United Kingdom
579754,23350,ROLL WRAP VINTAGE SPOT ,5,11/30/2011 14:52,1.25,17911.0,United Kingdom
555948,23444,Next Day Carriage,1,6/8/2011 10:49,30.0,13752.0,United Kingdom
551270,82482,WOODEN PICTURE FRAME WHITE FINISH,6,4/27/2011 12:35,2.55,15891.0,United Kingdom
550182,21658,GLASS  BEURRE DISH,4,4/14/2011 17:44,3.95,18198.0,United Kingdom
568992,85049A,TRADITIONAL CHRISTMAS RIBBONS,6,9/29/2011 16:48,1.25,17218.0,United Kingdom
571328,22398,MAGNETS PACK OF 4 SWALLOWS,24,10/17/2011 11:27,0.39,12473.0,Germany
570404,20992,JAZZ HEARTS PURSE NOTEBOOK,24,10/10/2011 12:50,0.39,16395.0,United Kingdom
565115,82551,LAUNDRY 15C METAL SIGN,3,9/1/2011 11:22,1.45,16880.0,United Kingdom
537144,21967,PACK OF 12 SKULL TISSUES,12,12/5/2010 13:00,0.29,15880.0,United Kingdom
551809,21936,RED RETROSPOT PICNIC BAG,50,5/4/2011 11:32,2.55,17511.0,United Kingdom
545227,22628,PICNIC BOXES SET OF 3 RETROSPOT ,12,3/1/2011 9:35,4.95,12428.0,Finland
577355,23144,ZINC T-LIGHT HOLDER STARS SMALL,12,11/18/2011 15:53,0.83,14911.0,EIRE
552652,21563,RED HEART SHAPE LOVE BUCKET ,1,5/10/2011 14:09,2.95,14591.0,United Kingdom
573511,21731,RED TOADSTOOL LED NIGHT LIGHT,12,10/31/2011 12:25,1.65,12347.0,Iceland
561242,23548,WRAP MAGIC FOREST ,25,7/26/2011 11:05,0.42,16258.0,United Kingdom
564626,85123A,WHITE HANGING HEART T-LIGHT HOLDER,12,8/26/2011 11:40,2.95,18167.0,United Kingdom
539050,84378,SET OF 3 HEART COOKIE CUTTERS,1,12/15/2010 16:21,1.25,12577.0,France
576779,23081,GREEN METAL BOX ARMY SUPPLIES,2,11/16/2011 13:25,8.25,14554.0,United Kingdom
573138,48184,DOORMAT ENGLISH ROSE ,1,10/27/2011 17:22,8.25,15023.0,United Kingdom
559068,20749,ASSORTED COLOUR MINI CASES,2,7/6/2011 10:41,7.95,17841.0,United Kingdom
536551,21592,RETROSPOT CIGAR BOX MATCHES ,2,12/1/2010 14:34,1.25,17346.0,United Kingdom
538870,84827,ASS DES PHONE SPONGE CRAFT STICKER,60,12/14/2010 14:54,0.19,12829.0,United Kingdom
570466,23370,SET 36 COLOURING PENCILS DOILY,2,10/10/2011 16:03,1.25,16791.0,United Kingdom
572918,85035C,ROSE 3 WICK MORRIS BOX CANDLE,24,10/26/2011 16:43,1.25,14379.0,United Kingdom
562430,23118,PARISIENNE JEWELLERY DRAWER ,2,8/4/2011 17:26,7.5,18109.0,United Kingdom
557639,23126,FELTCRAFT GIRL AMELIE KIT,1,6/21/2011 16:13,4.95,12933.0,United Kingdom
545533,22939,APRON APPLE DELIGHT,4,3/3/2011 14:04,4.95,12524.0,Germany
552134,84992,72 SWEETHEART FAIRY CAKE CASES,48,5/6/2011 11:50,0.55,14944.0,United Kingdom
542147,22356,CHARLOTTE BAG PINK POLKADOT,10,1/26/2011 10:02,0.85,12782.0,Portugal
542994,22690,DOORMAT HOME SWEET HOME BLUE ,4,2/2/2011 12:03,7.95,17230.0,United Kingdom
573905,23301,GARDENERS KNEELING PAD KEEP CALM ,1,11/1/2011 15:06,1.65,16971.0,United Kingdom
563555,22201,FRYING PAN BLUE POLKADOT,1,8/17/2011 13:21,4.25,16755.0,United Kingdom
550817,21386,IVORY HANGING DECORATION  EGG,6,4/20/2011 17:00,0.85,17946.0,United Kingdom
547048,22835,HOT WATER BOTTLE I AM SO POORLY,4,3/20/2011 11:52,4.65,14911.0,EIRE
556238,22381,TOY TIDY PINK POLKADOT,5,6/9/2011 15:35,2.1,13397.0,United Kingdom
558416,84978,HANGING HEART JAR T-LIGHT HOLDER,12,6/29/2011 10:50,1.25,16059.0,United Kingdom
541012,20971,PINK BLUE FELT CRAFT TRINKET BOX,6,1/13/2011 11:48,1.25,17019.0,United Kingdom
559135,20675,BLUE POLKADOT BOWL,8,7/6/2011 13:18,1.25,12455.0,Spain
545748,22978,PANTRY ROLLING PIN,24,3/7/2011 11:52,3.39,17381.0,United Kingdom
C565284,23236,STORAGE TIN VINTAGE DOILY ,-1,9/2/2011 11:31,2.89,12471.0,Germany
566451,22599,CHRISTMAS MUSICAL ZINC STAR,4,9/12/2011 16:14,0.85,18069.0,United Kingdom
557292,22147,FELTCRAFT BUTTERFLY HEARTS,12,6/19/2011 13:06,1.45,17562.0,United Kingdom
541845,21314,SMALL GLASS HEART TRINKET POT,1,1/23/2011 12:41,2.1,15167.0,United Kingdom
581126,22074,6 RIBBONS SHIMMERING PINKS ,24,12/7/2011 12:43,0.39,18272.0,United Kingdom
555562,23201,JUMBO BAG ALPHABET,3,6/5/2011 14:45,2.08,17841.0,United Kingdom
551349,20772,GARDEN PATH JOURNAL,6,4/28/2011 10:03,2.55,14740.0,United Kingdom
565583,82484,WOOD BLACK BOARD ANT WHITE FINISH,2,9/5/2011 12:41,7.95,12816.0,Poland
551715,22659,LUNCH BOX I LOVE LONDON,12,5/3/2011 15:23,1.95,13102.0,United Kingdom
544160,22265,EASTER DECORATION NATURAL CHICK,26,2/16/2011 12:49,0.65,16494.0,United Kingdom
576948,23581,JUMBO BAG PAISLEY PARK,20,11/17/2011 11:45,2.08,14515.0,United Kingdom
563706,23228,FILIGREE HEART BIRD WHITE ,24,8/18/2011 14:48,1.25,14189.0,United Kingdom
537144,85152,HAND OVER THE CHOCOLATE   SIGN ,1,12/5/2010 13:00,2.1,15880.0,United Kingdom
569932,35471D,SET OF 3 BIRD LIGHT PINK FEATHER ,24,10/6/2011 17:51,0.39,18221.0,United Kingdom
580653,23084,RABBIT NIGHT LIGHT,12,12/5/2011 13:34,2.08,17706.0,United Kingdom
565541,85099F,JUMBO BAG STRAWBERRY,4,9/5/2011 12:00,2.08,14159.0,United Kingdom
558057,22604,SET OF 4 NAPKIN CHARMS CUTLERY,2,6/24/2011 14:57,2.55,15665.0,United Kingdom
578787,23296,SET OF 6 TEA TIME BAKING CASES,24,11/25/2011 12:10,1.25,13589.0,United Kingdom
561773,23197,SKETCHBOOK MAGNETIC SHOPPING LIST,1,7/29/2011 12:41,1.45,17841.0,United Kingdom
561750,23199,JUMBO BAG APPLES,10,7/29/2011 12:18,2.08,16945.0,United Kingdom
558700,23208,LUNCH BAG VINTAGE LEAF DESIGN,1,7/1/2011 12:33,1.65,17920.0,United Kingdom
577506,23319,BOX OF 6 MINI 50'S CRACKERS,3,11/20/2011 12:40,2.49,13212.0,United Kingdom
551420,21933,PINK VINTAGE PAISLEY PICNIC BAG,10,4/28/2011 14:00,1.65,17068.0,United Kingdom
566033,22411,JUMBO SHOPPER VINTAGE RED PAISLEY,1,9/8/2011 13:07,2.08,16031.0,United Kingdom
577062,84987,SET OF 36 TEATIME PAPER DOILIES,12,11/17/2011 14:40,1.45,18221.0,United Kingdom
560601,21899,GARAGE KEY FOB,1,7/19/2011 17:17,0.65,16764.0,United Kingdom
559686,21654,RIDGED GLASS FINGER BOWL,2,7/11/2011 15:26,0.39,17966.0,United Kingdom
574544,22742,MAKE YOUR OWN PLAYTIME CARD KIT,10,11/4/2011 14:49,2.95,17084.0,United Kingdom
546846,84596B,SMALL DOLLY MIX DESIGN ORANGE BOWL,8,3/17/2011 12:47,0.42,13533.0,United Kingdom
581187,21485,RETROSPOT HEART HOT WATER BOTTLE,6,12/7/2011 16:44,4.95,13756.0,United Kingdom
545032,15056BL,EDWARDIAN PARASOL BLACK,24,2/25/2011 15:37,5.95,14051.0,United Kingdom
570442,21327,SKULLS WRITING SET ,2,10/10/2011 14:37,1.65,16549.0,United Kingdom
577512,22699,ROSES REGENCY TEACUP AND SAUCER ,6,11/20/2011 12:55,2.95,12523.0,France
551161,22494,EMERGENCY FIRST AID TIN ,12,4/26/2011 15:26,1.25,18183.0,United Kingdom
567899,22113,GREY HEART HOT WATER BOTTLE,4,9/22/2011 16:26,4.25,14911.0,EIRE
570410,23493,VINTAGE DOILY TRAVEL SEWING KIT,4,10/10/2011 13:04,1.95,16776.0,United Kingdom
578318,35599B,BLACK CHRISTMAS TREE 120CM,6,11/23/2011 16:48,1.95,17135.0,United Kingdom
577482,23356,LOVE HOT WATER BOTTLE,2,11/20/2011 11:43,5.95,16762.0,United Kingdom
540537,79066K,RETRO MOD TRAY,1,1/9/2011 14:28,0.85,13565.0,United Kingdom
572054,22845,VINTAGE CREAM CAT FOOD CONTAINER,2,10/20/2011 12:31,6.35,12642.0,Germany
550836,21411,GINGHAM HEART  DOORSTOP RED,3,4/21/2011 10:55,4.25,14759.0,United Kingdom
537429,22536,MAGIC DRAWING SLATE PURDEY,1,12/6/2010 15:54,0.42,12748.0,United Kingdom
571266,23530,WALL ART ONLY ONE PERSON ,3,10/16/2011 11:41,4.95,17769.0,United Kingdom
578098,23077,DOUGHNUT LIP GLOSS ,20,11/22/2011 17:32,1.25,12936.0,United Kingdom
576076,22610,PENS ASSORTED FUNNY FACE,72,11/13/2011 16:18,0.19,14382.0,United Kingdom
578790,51014L,"FEATHER PEN,LIGHT PINK",24,11/25/2011 12:20,0.39,14966.0,United Kingdom
551276,21238,RED RETROSPOT CUP,2,4/27/2011 13:06,0.85,16016.0,United Kingdom
540859,22804,CANDLEHOLDER PINK HANGING HEART,2,1/12/2011 10:58,2.95,17965.0,United Kingdom
547729,21124,SET/10 BLUE POLKADOT PARTY CANDLES,5,3/25/2011 10:52,1.25,15529.0,United Kingdom
539475,22274,FELTCRAFT DOLL EMILY,1,12/19/2010 14:41,2.95,16686.0,United Kingdom
575049,22909,SET OF 20 VINTAGE CHRISTMAS NAPKINS,12,11/8/2011 12:13,0.85,12721.0,France
580434,23332,IVORY WICKER HEART LARGE,2,12/4/2011 12:17,1.65,17114.0,United Kingdom
564815,23175,REGENCY MILK JUG PINK ,1,8/30/2011 12:00,3.25,12748.0,United Kingdom
569579,21819,GLITTER CHRISTMAS STAR ,36,10/5/2011 11:06,0.39,17666.0,United Kingdom
558355,21469,POLKA DOT RAFFIA FOOD COVER,4,6/28/2011 14:58,3.75,13614.0,United Kingdom
558441,21679,SKULLS  STICKERS,1,6/29/2011 12:59,0.85,14606.0,United Kingdom
567328,23318,BOX OF 6 MINI VINTAGE CRACKERS,6,9/19/2011 14:43,2.49,14356.0,United Kingdom
572886,22367,CHILDRENS APRON SPACEBOY DESIGN,8,10/26/2011 13:46,1.95,12448.0,Spain
563500,85071A,BLUE CHARLIE+LOLA PERSONAL DOORSIGN,6,8/16/2011 17:25,0.39,15856.0,United Kingdom
581399,22083,PAPER CHAIN KIT RETROSPOT,6,12/8/2011 13:27,2.95,17528.0,United Kingdom
546165,47566B,TEA TIME PARTY BUNTING,4,3/10/2011 10:08,4.95,18183.0,United Kingdom
549596,23154,SET OF 4 JAM JAR MAGNETS,12,4/11/2011 11:06,2.08,14339.0,United Kingdom
573428,21094,SET/6 RED SPOTTY PAPER PLATES,12,10/31/2011 10:19,0.85,12571.0,France
543245,21535,RED RETROSPOT SMALL MILK JUG,2,2/4/2011 14:08,2.55,16725.0,United Kingdom
558906,22560,TRADITIONAL MODELLING CLAY,4,7/4/2011 16:35,1.25,15555.0,United Kingdom
557141,23284,DOORMAT KEEP CALM AND COME IN,10,6/17/2011 9:54,6.75,16779.0,United Kingdom
578931,23581,JUMBO BAG PAISLEY PARK,4,11/27/2011 12:40,2.08,16942.0,United Kingdom
560547,22566,FELTCRAFT HAIRBAND PINK AND PURPLE,12,7/19/2011 12:39,0.85,17419.0,United Kingdom
552703,85053,FRENCH ENAMEL CANDLEHOLDER,2,5/10/2011 16:00,2.1,14462.0,United Kingdom
579938,23293,SET OF 12 FAIRY CAKE BAKING CASES,8,12/1/2011 10:18,0.83,14146.0,United Kingdom
579555,23284,DOORMAT KEEP CALM AND COME IN,1,11/30/2011 11:08,8.25,16241.0,United Kingdom
574286,23084,RABBIT NIGHT LIGHT,24,11/3/2011 15:02,1.79,17644.0,United Kingdom
576911,23695,DOILY THANK YOU CARD,12,11/17/2011 10:01,0.42,17461.0,United Kingdom
552714,22558,CLOTHES PEGS RETROSPOT PACK 24 ,12,5/11/2011 9:28,1.65,17164.0,United Kingdom
574662,23245,SET OF 3 REGENCY CAKE TINS,4,11/6/2011 12:01,4.95,16676.0,United Kingdom
563545,21621,VINTAGE UNION JACK BUNTING,1,8/17/2011 12:20,8.5,15039.0,United Kingdom
539256,21754,HOME BUILDING BLOCK WORD,6,12/16/2010 14:27,5.95,15601.0,United Kingdom
561701,23238,SET OF 4 KNICK KNACK TINS LONDON ,12,7/29/2011 10:41,4.15,13102.0,United Kingdom
547414,84970L,SINGLE HEART ZINC T-LIGHT HOLDER,12,3/23/2011 9:54,0.95,17733.0,United Kingdom
543731,15056N,EDWARDIAN PARASOL NATURAL,3,2/11/2011 11:57,5.95,17677.0,United Kingdom
547921,22916,HERB MARKER THYME,12,3/28/2011 13:28,0.65,14766.0,United Kingdom
568318,23187,FRENCH STYLE STORAGE JAR BONBONS,48,9/26/2011 13:25,0.29,13233.0,United Kingdom
543803,21754,HOME BUILDING BLOCK WORD,1,2/13/2011 12:05,5.95,17126.0,United Kingdom
536637,22917,HERB MARKER ROSEMARY,1,12/2/2010 11:35,0.65,18041.0,United Kingdom
545695,21155,RED RETROSPOT PEG BAG,4,3/6/2011 14:15,2.55,17050.0,United Kingdom
581141,22743,MAKE YOUR OWN FLOWERPOWER CARD KIT,12,12/7/2011 13:35,0.79,14132.0,United Kingdom
580304,22835,HOT WATER BOTTLE I AM SO POORLY,4,12/2/2011 14:25,4.95,18055.0,United Kingdom
538453,22412,METAL SIGN NEIGHBOURHOOD WITCH ,12,12/12/2010 12:26,2.1,16779.0,United Kingdom
572302,84077,WORLD WAR 2 GLIDERS ASSTD DESIGNS,48,10/23/2011 14:47,0.29,15427.0,United Kingdom
558194,21977,PACK OF 60 PINK PAISLEY CAKE CASES,1,6/27/2011 12:28,0.55,14583.0,United Kingdom
543196,20728,LUNCH BAG CARS BLUE,10,2/4/2011 12:29,1.65,13309.0,United Kingdom
574898,22633,HAND WARMER UNION JACK,8,11/7/2011 15:07,2.1,16242.0,United Kingdom
551193,22084,PAPER CHAIN KIT EMPIRE,6,4/27/2011 11:05,2.95,17954.0,United Kingdom
566495,23266,SET OF 3 WOODEN STOCKING DECORATION,3,9/13/2011 11:14,1.25,15529.0,United Kingdom
569721,21723,ALPHABET HEARTS STICKER SHEET,12,10/6/2011 9:28,0.85,12628.0,Germany
576615,23697,A PRETTY THANK YOU CARD,12,11/15/2011 16:42,0.42,17231.0,United Kingdom
578009,22981,PANTRY APPLE CORER,1,11/22/2011 12:48,1.45,14467.0,United Kingdom
570410,22219,LOVEBIRD HANGING DECORATION WHITE ,4,10/10/2011 13:04,0.85,16776.0,United Kingdom
539636,22847,BREAD BIN DINER STYLE IVORY,4,12/20/2010 15:15,14.95,12481.0,Germany
549250,85203,HANGING WOOD AND FELT BUTTERFLY ,3,4/7/2011 12:10,0.42,14446.0,United Kingdom
546910,22728,ALARM CLOCK BAKELIKE PINK,2,3/17/2011 19:46,3.75,13969.0,United Kingdom
C576871,23118,PARISIENNE JEWELLERY DRAWER ,-2,11/16/2011 16:23,7.5,14441.0,United Kingdom
537370,85132C,CHARLIE AND LOLA FIGURES TINS,1,12/6/2010 12:44,9.95,13155.0,United Kingdom
563434,22555,PLASTERS IN TIN STRONGMAN,24,8/16/2011 12:21,1.65,14057.0,United Kingdom
543369,22722,SET OF 6 SPICE TINS PANTRY DESIGN,2,2/7/2011 14:49,3.95,16255.0,United Kingdom
569692,22386,JUMBO BAG PINK POLKADOT,10,10/5/2011 15:17,2.08,14389.0,United Kingdom
580469,90198B,VINTAGE ROSE BEAD BRACELET BLACK,2,12/4/2011 12:32,4.25,14583.0,United Kingdom
542408,22781,GUMBALL MAGAZINE RACK,1,1/27/2011 16:29,7.65,13280.0,United Kingdom
569078,21770,OPEN CLOSED METAL SIGN,12,9/30/2011 11:41,4.95,14688.0,United Kingdom
542789,21754,HOME BUILDING BLOCK WORD,18,2/1/2011 10:38,5.45,17511.0,United Kingdom
562429,22726,ALARM CLOCK BAKELIKE GREEN,12,8/4/2011 17:23,3.75,13767.0,United Kingdom
576695,71101E,STANDING FAIRY POLE SUPPORT ,2,11/16/2011 12:25,0.85,16469.0,United Kingdom
550302,22501,PICNIC BASKET WICKER LARGE,2,4/17/2011 10:17,9.95,14156.0,EIRE
567095,21931,JUMBO STORAGE BAG SUKI,10,9/16/2011 13:03,2.08,17049.0,United Kingdom
543428,21872,GLAMOROUS  MUG,6,2/8/2011 11:36,1.25,17787.0,United Kingdom
581310,16238,PARTY TIME PENCIL ERASERS,1,12/8/2011 11:43,0.21,16442.0,United Kingdom
540566,22224,WHITE LOVEBIRD LANTERN,2,1/10/2011 10:58,2.95,17811.0,United Kingdom
539465,21314,SMALL GLASS HEART TRINKET POT,96,12/19/2010 11:38,1.85,16684.0,United Kingdom
545690,22487,WHITE WOOD GARDEN PLANT LADDER,1,3/6/2011 12:46,9.95,13263.0,United Kingdom
545037,22021,BLUE FELT EASTER EGG BASKET,3,2/27/2011 10:02,1.65,14532.0,United Kingdom
559508,47567B,TEA TIME KITCHEN APRON,2,7/8/2011 15:23,5.95,12748.0,United Kingdom
561794,84692,BOX OF 24 COCKTAIL PARASOLS,25,7/29/2011 13:11,0.42,12921.0,United Kingdom
572030,84988,SET OF 72 PINK HEART PAPER DOILIES,12,10/20/2011 11:51,1.45,14923.0,United Kingdom
557299,23163,REGENCY SUGAR TONGS,8,6/19/2011 13:56,2.49,13047.0,United Kingdom
540506,22789,T-LIGHT HOLDER SWEETHEART HANGING,4,1/9/2011 11:12,1.95,17796.0,United Kingdom
558542,22193,RED DINER WALL CLOCK,1,6/30/2011 12:23,8.5,13593.0,United Kingdom
572567,23293,SET OF 12 FAIRY CAKE BAKING CASES,8,10/25/2011 10:27,0.83,12398.0,Switzerland
544399,22381,TOY TIDY PINK POLKADOT,10,2/18/2011 12:28,2.1,12594.0,Italy
538507,22161,HEART DECORATION RUSTIC HANGING ,38,12/12/2010 13:26,0.65,15547.0,United Kingdom
549116,22895,SET OF 2 TEA TOWELS APPLE AND PEARS,6,4/6/2011 12:49,3.25,16670.0,United Kingdom
574733,22386,JUMBO BAG PINK POLKADOT,20,11/6/2011 15:17,2.08,17082.0,United Kingdom
537896,22798,ANTIQUE GLASS DRESSING TABLE POT,8,12/9/2010 10:33,2.95,18071.0,United Kingdom
555810,23208,LUNCH BAG VINTAGE LEAF DESIGN,10,6/7/2011 11:39,1.65,17091.0,United Kingdom
558105,22895,SET OF 2 TEA TOWELS APPLE AND PEARS,1,6/26/2011 14:54,3.25,15644.0,United Kingdom
550630,22062,CERAMIC BOWL WITH LOVE HEART DESIGN,18,4/19/2011 14:49,0.83,14298.0,United Kingdom
558533,84755,COLOUR GLASS T-LIGHT HOLDER HANGING,16,6/30/2011 11:49,0.65,16717.0,United Kingdom
540546,21524,DOORMAT SPOTTY HOME SWEET HOME,2,1/9/2011 15:56,7.95,12766.0,Portugal
568231,22037,ROBOT BIRTHDAY CARD,36,9/26/2011 11:19,0.42,14808.0,United Kingdom
572311,23147,SINGLE ANTIQUE ROSE HOOK IVORY,6,10/23/2011 15:45,1.45,14035.0,United Kingdom
538944,22904,CALENDAR PAPER CUT DESIGN,6,12/15/2010 11:21,2.95,13295.0,United Kingdom
C572228,22113,GREY HEART HOT WATER BOTTLE,-5,10/21/2011 14:03,3.75,15728.0,United Kingdom
543165,22071,SMALL WHITE RETROSPOT MUG IN BOX ,1,2/3/2011 19:58,3.75,13230.0,United Kingdom
555558,22380,TOY TIDY SPACEBOY  ,2,6/5/2011 14:06,2.1,14159.0,United Kingdom
548211,22558,CLOTHES PEGS RETROSPOT PACK 24 ,48,3/30/2011 9:06,1.25,14646.0,Netherlands
548176,22241,GARLAND WOODEN HAPPY EASTER,2,3/29/2011 14:20,1.25,13439.0,United Kingdom
557746,23241,TREASURE TIN GYMKHANA DESIGN,2,6/22/2011 12:24,2.08,15059.0,United Kingdom
556970,23203,JUMBO BAG DOILEY PATTERNS,10,6/16/2011 10:18,1.95,13082.0,United Kingdom
555845,84970S,HANGING HEART ZINC T-LIGHT HOLDER,2,6/7/2011 13:19,0.85,17015.0,United Kingdom
579516,35970,ZINC FOLKART SLEIGH BELLS,2,11/29/2011 17:52,1.69,17841.0,United Kingdom
572918,22726,ALARM CLOCK BAKELIKE GREEN,1,10/26/2011 16:43,3.75,14379.0,United Kingdom
566912,23301,GARDENERS KNEELING PAD KEEP CALM ,12,9/15/2011 14:05,1.65,14367.0,United Kingdom
574710,23191,BUNDLE OF 3 RETRO NOTE BOOKS,2,11/6/2011 14:17,1.65,15427.0,United Kingdom
548768,22900, SET 2 TEA TOWELS I LOVE LONDON ,1,4/4/2011 12:34,3.25,17886.0,United Kingdom
549874,22399,MAGNETS PACK OF 4 CHILDHOOD MEMORY,2,4/12/2011 15:23,1.25,16919.0,United Kingdom
566233,23345, DOLLY GIRL BEAKER,12,9/11/2011 11:04,1.25,12635.0,Germany
542869,82494L,WOODEN FRAME ANTIQUE WHITE ,6,2/1/2011 12:27,2.95,17035.0,United Kingdom
558105,22537,MAGIC DRAWING SLATE DINOSAUR,1,6/26/2011 14:54,0.42,15644.0,United Kingdom
575686,85099B,JUMBO BAG RED RETROSPOT,10,11/10/2011 15:59,2.08,17716.0,United Kingdom
575837,20914,SET/5 RED RETROSPOT LID GLASS BOWLS,1,11/11/2011 11:37,2.95,12748.0,United Kingdom
573932,22986,WRAP GINGHAM ROSE ,200,11/2/2011 10:26,0.36,17966.0,United Kingdom
576688,23247,BISCUIT TIN 50'S CHRISTMAS,6,11/16/2011 12:16,2.89,16717.0,United Kingdom
550834,15058B,PINK POLKADOT GARDEN PARASOL,1,4/21/2011 10:51,7.95,14730.0,United Kingdom
564061,22771,CLEAR DRAWER KNOB ACRYLIC EDWARDIAN,12,8/22/2011 14:38,1.25,14505.0,United Kingdom
573140,22961,JAM MAKING SET PRINTED,12,10/27/2011 17:34,1.45,15955.0,United Kingdom
568701,23402,HOME SWEET HOME 3 PEG HANGER ,8,9/28/2011 15:07,3.75,13924.0,United Kingdom
549680,22149,FELTCRAFT 6 FLOWER FRIENDS,6,4/11/2011 13:02,2.1,12701.0,Germany
573038,22558,CLOTHES PEGS RETROSPOT PACK 24 ,2,10/27/2011 13:48,1.65,17545.0,United Kingdom
562792,82484,WOOD BLACK BOARD ANT WHITE FINISH,2,8/9/2011 14:18,7.95,17634.0,United Kingdom
552880,21773,DECORATIVE ROSE BATHROOM BOTTLE,12,5/12/2011 9:59,1.25,18245.0,United Kingdom
578689,84879,ASSORTED COLOUR BIRD ORNAMENT,24,11/25/2011 9:31,1.69,15793.0,United Kingdom
543977,22265,EASTER DECORATION NATURAL CHICK,24,2/14/2011 15:35,0.65,15615.0,United Kingdom
581538,21670,BLUE SPOT CERAMIC DRAWER KNOB,1,12/9/2011 11:34,1.45,14446.0,United Kingdom
539477,84247G,"DECOUPAGE,GREETING CARD,",12,12/19/2010 14:58,0.42,18245.0,United Kingdom
561195,21382,SET/4 SPRING FLOWER DECORATION,4,7/25/2011 13:57,0.75,14796.0,United Kingdom
571270,21618,4 WILDFLOWER BOTANICAL CANDLES,2,10/16/2011 12:09,1.25,12940.0,United Kingdom
573874,23309,SET OF 60 I LOVE LONDON CAKE CASES ,24,11/1/2011 12:45,0.55,13868.0,United Kingdom
576909,23378,PACK OF 12 50'S CHRISTMAS TISSUES,24,11/17/2011 9:49,0.39,12471.0,Germany
540547,21617,4 LILY  BOTANICAL DINNER CANDLES,6,1/9/2011 16:07,3.75,14911.0,EIRE
574733,82494L,WOODEN FRAME ANTIQUE WHITE ,6,11/6/2011 15:17,2.95,17082.0,United Kingdom
555399,22662,LUNCH BAG DOLLY GIRL DESIGN,3,6/2/2011 17:41,1.65,15555.0,United Kingdom
581188,22299,PIG KEYRING WITH LIGHT & SOUND ,96,12/7/2011 16:47,0.39,17735.0,United Kingdom
C560124,84945,MULTI COLOUR SILVER T-LIGHT HOLDER,-5,7/15/2011 10:36,0.85,17440.0,United Kingdom
546391,22149,FELTCRAFT 6 FLOWER FRIENDS,6,3/11/2011 14:06,2.1,17800.0,United Kingdom
577311,23355,HOT WATER BOTTLE KEEP CALM,1,11/18/2011 13:16,4.95,18225.0,United Kingdom
538811,20682,RED RETROSPOT CHILDRENS UMBRELLA,6,12/14/2010 12:22,3.25,13178.0,United Kingdom
575886,23506,MINI PLAYING CARDS SPACEBOY ,11,11/11/2011 13:57,0.42,12517.0,Germany
546875,22409,MONEY BOX BISCUITS DESIGN,12,3/17/2011 16:38,1.25,12514.0,Italy
541205,22356,CHARLOTTE BAG PINK POLKADOT,1,1/14/2011 12:23,0.85,18106.0,United Kingdom
561625,21641,ASSORTED TUTTI FRUTTI KEYRING BALL,24,7/28/2011 14:03,0.29,16843.0,United Kingdom
575169,23343,JUMBO BAG VINTAGE CHRISTMAS ,10,11/8/2011 17:21,2.08,14367.0,United Kingdom
545075,84970S,HANGING HEART ZINC T-LIGHT HOLDER,12,2/28/2011 9:33,0.85,14211.0,United Kingdom
570973,85066,CREAM SWEETHEART MINI CHEST,2,10/13/2011 11:53,12.75,14180.0,United Kingdom
557612,21634,ASSORTED MINI MADRAS NOTEBOOK,48,6/21/2011 12:40,0.39,14460.0,United Kingdom
572871,21504,SKULLS GREETING CARD,24,10/26/2011 13:24,0.42,13408.0,United Kingdom
540188,22066,LOVE HEART TRINKET POT,2,1/5/2011 13:57,1.45,16771.0,United Kingdom
558237,84879,ASSORTED COLOUR BIRD ORNAMENT,16,6/27/2011 15:04,1.69,12867.0,United Kingdom
551688,21218,RED SPOTTY BISCUIT TIN,6,5/3/2011 13:31,3.75,14107.0,United Kingdom
550613,22150,3 STRIPEY MICE FELTCRAFT,6,4/19/2011 12:26,1.95,16180.0,United Kingdom
564039,84375,SET OF 20 KIDS COOKIE CUTTERS,12,8/22/2011 12:40,2.1,12645.0,Germany
574265,21914,BLUE HARMONICA IN BOX ,12,11/3/2011 14:17,1.25,15605.0,United Kingdom
543111,85099B,JUMBO BAG RED RETROSPOT,16,2/3/2011 12:44,1.95,15719.0,United Kingdom
554963,22841,ROUND CAKE TIN VINTAGE GREEN,2,5/27/2011 15:32,7.95,14625.0,United Kingdom
558087,16254,TRANSPARENT ACRYLIC TAPE DISPENSER,12,6/26/2011 12:04,0.85,17323.0,United Kingdom
570115,21169,YOU'RE CONFUSING ME METAL SIGN ,48,10/7/2011 12:37,1.45,13798.0,United Kingdom
569005,47559B,TEA TIME OVEN GLOVE,10,9/29/2011 18:30,1.25,16268.0,United Kingdom
572751,21616,4 PEAR BOTANICAL DINNER CANDLES,12,10/25/2011 17:21,1.25,17449.0,United Kingdom
544633,22151,PLACE SETTING WHITE HEART,24,2/22/2011 10:59,0.42,17315.0,United Kingdom
567478,23243,SET OF TEA COFFEE SUGAR TINS PANTRY,4,9/20/2011 13:21,4.95,12584.0,Italy
580672,22472,TV DINNER TRAY DOLLY GIRL,1,12/5/2011 14:29,1.95,17920.0,United Kingdom
567476,21928,JUMBO BAG SCANDINAVIAN BLUE PAISLEY,10,9/20/2011 13:19,2.08,14859.0,United Kingdom
548742,20677,PINK POLKADOT BOWL,5,4/4/2011 12:00,1.25,14688.0,United Kingdom
555531,23209,LUNCH BAG DOILEY PATTERN ,80,6/5/2011 11:53,1.65,12678.0,France
543232,22766,PHOTO FRAME CORNICE,20,2/4/2011 13:28,2.95,13113.0,United Kingdom
572552,85129C,BEADED CRYSTAL HEART BLUE SMALL,1,10/24/2011 17:07,2.46,14096.0,United Kingdom
573178,21217,RED RETROSPOT ROUND CAKE TINS,4,10/28/2011 10:45,9.95,14412.0,United Kingdom
555545,21212,PACK OF 72 RETROSPOT CAKE CASES,24,6/5/2011 13:08,0.55,17735.0,United Kingdom
580654,72819,CUPID DESIGN SCENTED CANDLES,1,12/5/2011 13:37,1.25,15854.0,United Kingdom
581237,23012,GLASS APOTHECARY BOTTLE PERFUME,2,12/8/2011 10:40,3.95,15443.0,United Kingdom
568212,22979,PANTRY WASHING UP BRUSH,1,9/25/2011 16:05,1.45,15154.0,United Kingdom
540642,16237,SLEEPING CAT ERASERS,30,1/10/2011 13:22,0.21,12681.0,France
552864,21621,VINTAGE UNION JACK BUNTING,6,5/11/2011 17:13,8.5,13235.0,United Kingdom
C567691,22469,HEART OF WICKER SMALL,-17,9/21/2011 17:04,1.65,17567.0,United Kingdom
546377,21094,SET/6 RED SPOTTY PAPER PLATES,2,3/11/2011 12:13,0.85,15049.0,United Kingdom
546119,20713,JUMBO BAG OWLS,10,3/9/2011 14:22,1.95,16945.0,United Kingdom
569217,22554,PLASTERS IN TIN WOODLAND ANIMALS,1,10/2/2011 12:45,1.65,15579.0,United Kingdom
566933,22688,DOORMAT PEACE ON EARTH BLUE,20,9/15/2011 15:30,4.58,18102.0,United Kingdom
580893,84820,DANISH ROSE TRINKET TRAYS,2,12/6/2011 12:38,0.79,17290.0,United Kingdom
575146,21137,BLACK RECORD COVER FRAME,40,11/8/2011 15:45,3.39,17313.0,United Kingdom
573150,23263,SET OF 3 WOODEN HEART DECORATIONS,3,10/27/2011 20:07,1.25,15014.0,United Kingdom
537794,21889,WOODEN BOX OF DOMINOES,3,12/8/2010 13:01,1.25,16713.0,United Kingdom
557305,20978,36 PENCILS TUBE SKULLS,2,6/19/2011 14:42,1.25,13568.0,United Kingdom
551686,21754,HOME BUILDING BLOCK WORD,2,5/3/2011 12:53,5.95,13668.0,United Kingdom
573552,23233,WRAP POPPIES  DESIGN,25,10/31/2011 13:43,0.42,13203.0,United Kingdom
580469,21819,GLITTER CHRISTMAS STAR ,2,12/4/2011 12:32,0.39,14583.0,United Kingdom
569734,23397,FOOT STOOL HOME SWEET HOME ,2,10/6/2011 10:31,9.95,14538.0,United Kingdom
581166,22634,CHILDS BREAKFAST SET SPACEBOY ,2,12/7/2011 14:43,9.95,15525.0,United Kingdom
557639,16045,POPART WOODEN PENCILS ASST,100,6/21/2011 16:13,0.04,12933.0,United Kingdom
575757,23202,JUMBO BAG VINTAGE LEAF,1,11/11/2011 10:49,2.08,17295.0,United Kingdom
551542,21658,GLASS  BEURRE DISH,4,5/3/2011 9:05,3.95,14732.0,United Kingdom
549185,22666,RECIPE BOX PANTRY YELLOW DESIGN,6,4/7/2011 9:35,2.95,18272.0,United Kingdom
579167,22649,STRAWBERRY FAIRY CAKE TEAPOT,1,11/28/2011 14:06,4.95,16800.0,United Kingdom
572922,47503A,ASS FLORAL PRINT MULTI SCREWDRIVER,12,10/26/2011 17:00,0.42,17895.0,United Kingdom
537405,22763,KEY CABINET MA CAMPAGNE,1,12/6/2010 14:51,9.95,17841.0,United Kingdom
553670,22849,BREAD BIN DINER STYLE MINT,4,5/18/2011 12:28,14.95,14407.0,United Kingdom
563100,21249,WOODLAND  HEIGHT CHART STICKERS ,6,8/12/2011 9:57,2.95,12381.0,Norway
547358,21239,PINK  POLKADOT CUP,3,3/22/2011 12:25,0.85,15998.0,United Kingdom
537141,22083,PAPER CHAIN KIT RETROSPOT,3,12/5/2010 12:57,2.95,15570.0,United Kingdom
552013,21829,DINOSAUR KEYRINGS ASSORTED,36,5/5/2011 17:34,0.21,12451.0,Switzerland
538659,22898,CHILDRENS APRON APPLES DESIGN,8,12/13/2010 15:36,1.95,14625.0,United Kingdom
578786,22154,ANGEL DECORATION 3 BUTTONS ,10,11/25/2011 12:02,0.42,13184.0,United Kingdom
580632,22189,CREAM HEART CARD HOLDER,1,12/5/2011 12:16,3.95,16360.0,United Kingdom
558096,21891,TRADITIONAL WOODEN SKIPPING ROPE,1,6/26/2011 13:24,1.45,15532.0,United Kingdom
558888,22900,SET 2 TEA TOWELS I LOVE LONDON ,4,7/4/2011 15:29,3.25,14056.0,United Kingdom
580136,22464,HANGING METAL HEART LANTERN,1,12/1/2011 19:42,1.65,17841.0,United Kingdom
576559,22601,CHRISTMAS RETROSPOT ANGEL WOOD,2,11/15/2011 13:19,0.85,14711.0,United Kingdom
563933,23265,SET OF 3 WOODEN TREE DECORATIONS,1,8/21/2011 15:54,1.25,16536.0,United Kingdom
C546206,21231,SWEETHEART CERAMIC TRINKET BOX,-1,3/10/2011 11:15,1.25,13014.0,United Kingdom
551137,22645,CERAMIC HEART FAIRY CAKE MONEY BANK,1,4/26/2011 13:05,1.45,15581.0,United Kingdom
547504,22303,COFFEE MUG APPLES DESIGN,36,3/23/2011 13:33,2.1,12683.0,France
C545831,22666,RECIPE BOX PANTRY YELLOW DESIGN,-2,3/7/2011 13:10,2.95,15194.0,United Kingdom
566200,20979,36 PENCILS TUBE RED RETROSPOT,1,9/9/2011 14:14,1.25,16910.0,United Kingdom
571670,84987,SET OF 36 TEATIME PAPER DOILIES,12,10/18/2011 13:12,1.45,12611.0,Italy
552949,22285,HANGING HEN ON NEST DECORATION,2,5/12/2011 12:01,1.65,16033.0,United Kingdom
574474,23215,JINGLE BELL HEART ANTIQUE SILVER,4,11/4/2011 12:05,2.08,17979.0,United Kingdom
544647,22920,HERB MARKER BASIL,20,2/22/2011 12:13,0.65,14060.0,United Kingdom
561911,84819,DANISH ROSE ROUND SEWING BOX,3,8/1/2011 10:26,4.25,12534.0,Germany
559057,22784,LANTERN CREAM GAZEBO ,6,7/6/2011 9:46,4.95,13089.0,United Kingdom
541518,21217,RED RETROSPOT ROUND CAKE TINS,3,1/19/2011 9:05,9.95,12451.0,Switzerland
576511,23569,TRADTIONAL ALPHABET STAMP SET,4,11/15/2011 12:07,4.95,13846.0,United Kingdom
572108,23274,STAR T-LIGHT HOLDER WILLIE WINKIE,24,10/20/2011 18:08,1.65,15814.0,United Kingdom
C541701,21527,RED RETROSPOT TRADITIONAL TEAPOT ,-1,1/21/2011 9:26,7.95,14895.0,United Kingdom
569968,21181,PLEASE ONE PERSON METAL SIGN,4,10/6/2011 18:56,2.1,17921.0,United Kingdom
578335,23090,VINTAGE GLASS T-LIGHT HOLDER,12,11/24/2011 9:06,0.83,17481.0,United Kingdom
574544,23569,TRADTIONAL ALPHABET STAMP SET,6,11/4/2011 14:49,4.95,17084.0,United Kingdom
569036,23295,SET OF 12 MINI LOAF BAKING CASES,16,9/30/2011 10:44,0.83,18217.0,United Kingdom
571276,22666,RECIPE BOX PANTRY YELLOW DESIGN,2,10/16/2011 12:30,2.95,14702.0,United Kingdom
538163,20735,BLACK MINI TAPE MEASURE ,1,12/9/2010 17:27,0.85,17841.0,United Kingdom
571676,22627,MINT KITCHEN SCALES,1,10/18/2011 13:29,8.5,16910.0,United Kingdom
580694,21411,GINGHAM HEART  DOORSTOP RED,8,12/5/2011 16:00,1.95,16600.0,United Kingdom
581074,22998,TRAVEL CARD WALLET KEEP CALM,24,12/7/2011 11:27,0.42,15568.0,United Kingdom
538826,22297,HEART IVORY TRELLIS SMALL,48,12/14/2010 12:58,1.25,12370.0,Cyprus
556504,75172,PAINTED SEA SHELL METAL WINDCHIME,12,6/13/2011 8:47,0.79,13936.0,United Kingdom
569901,23256,CHILDRENS CUTLERY SPACEBOY ,2,10/6/2011 16:20,4.15,12923.0,United Kingdom
570458,22867,HAND WARMER BIRD DESIGN,4,10/10/2011 15:39,2.1,14535.0,United Kingdom
566734,22417,PACK OF 60 SPACEBOY CAKE CASES,1,9/14/2011 14:09,0.55,16910.0,United Kingdom
578949,22802,FAUX FUR CHOCOLATE THROW,1,11/27/2011 14:30,19.95,14954.0,United Kingdom
546398,22192,BLUE DINER WALL CLOCK,2,3/11/2011 14:52,8.5,13043.0,United Kingdom
545688,22771,CLEAR DRAWER KNOB ACRYLIC EDWARDIAN,12,3/6/2011 12:42,1.25,16033.0,United Kingdom
578934,22375,AIRLINE BAG VINTAGE JET SET BROWN,2,11/27/2011 12:47,4.25,14577.0,United Kingdom
578079,22380,TOY TIDY SPACEBOY  ,10,11/22/2011 16:26,2.1,13985.0,United Kingdom
545014,22892,SET OF SALT AND PEPPER TOADSTOOLS,12,2/25/2011 13:15,1.25,18223.0,United Kingdom
557776,23028,DRAWER KNOB CRACKLE GLAZE BLUE,6,6/22/2011 15:07,1.65,14422.0,United Kingdom
543031,22178,VICTORIAN GLASS HANGING T-LIGHT,12,2/2/2011 15:26,1.25,14798.0,United Kingdom
557426,22804,CANDLEHOLDER PINK HANGING HEART,5,6/20/2011 12:06,2.95,15016.0,United Kingdom
555859,21914,BLUE HARMONICA IN BOX ,12,6/7/2011 14:22,1.25,17987.0,United Kingdom
549588,22028,PENNY FARTHING BIRTHDAY CARD,12,4/11/2011 10:04,0.42,12428.0,Finland
580691,22273,FELTCRAFT DOLL MOLLY,6,12/5/2011 15:48,2.95,13790.0,United Kingdom
558881,48187,DOORMAT NEW ENGLAND,2,7/4/2011 14:36,7.95,12705.0,Germany
543352,22457,NATURAL SLATE HEART CHALKBOARD ,2,2/7/2011 13:32,2.95,15577.0,United Kingdom
568193,23301,GARDENERS KNEELING PAD KEEP CALM ,7,9/25/2011 14:37,1.65,17107.0,United Kingdom
548312,84970L,SINGLE HEART ZINC T-LIGHT HOLDER,12,3/30/2011 12:12,0.95,16059.0,United Kingdom
540480,21578,WOODLAND DESIGN  COTTON TOTE BAG,12,1/7/2011 15:27,2.25,12480.0,Germany
556681,23200,JUMBO BAG PEARS,10,6/14/2011 9:41,2.08,12826.0,United Kingdom
557257,47566,PARTY BUNTING,24,6/19/2011 10:34,4.95,14051.0,United Kingdom
540798,20682,RED RETROSPOT CHILDRENS UMBRELLA,3,1/11/2011 12:11,3.25,17365.0,United Kingdom
553691,22766,PHOTO FRAME CORNICE,1,5/18/2011 14:08,2.95,15311.0,United Kingdom
581175,23209,LUNCH BAG VINTAGE DOILY ,100,12/7/2011 15:16,1.45,14646.0,Netherlands
554283,22411,JUMBO SHOPPER VINTAGE RED PAISLEY,10,5/23/2011 14:11,2.08,17686.0,United Kingdom
564727,84569D,PACK 6 HEART/ICE-CREAM PATCHES,1,8/28/2011 12:31,1.25,16686.0,United Kingdom
548747,22960,JAM MAKING SET WITH JARS,6,4/4/2011 12:17,4.25,15223.0,United Kingdom
564739,22193,RED DINER WALL CLOCK,1,8/28/2011 14:28,8.5,16931.0,United Kingdom
575981,23369,SET 36 COLOUR PENCILS LOVE LONDON,16,11/13/2011 13:41,1.25,15500.0,United Kingdom
541566,21619,4 VANILLA BOTANICAL CANDLES,12,1/19/2011 11:50,1.25,17722.0,United Kingdom
546015,21324,HANGING MEDINA LANTERN SMALL,6,3/8/2011 16:48,2.95,14336.0,United Kingdom
543281,22432,WATERING CAN PINK BUNNY,1,2/6/2011 15:34,1.95,14606.0,United Kingdom
558754,22030,SWALLOWS GREETING CARD,12,7/3/2011 12:10,0.42,15518.0,United Kingdom
545797,82599,FANNY'S REST STOPMETAL SIGN,3,3/7/2011 12:17,2.1,16225.0,United Kingdom
544463,21937,STRAWBERRY   PICNIC BAG,1,2/20/2011 14:31,2.95,12988.0,United Kingdom
568192,22722,SET OF 6 SPICE TINS PANTRY DESIGN,24,9/25/2011 14:37,3.45,14235.0,United Kingdom
555470,22383,LUNCH BAG SUKI DESIGN ,10,6/3/2011 11:33,1.65,12455.0,Spain
547521,85066,CREAM SWEETHEART MINI CHEST,2,3/23/2011 15:00,12.75,16713.0,United Kingdom
569020,22749,FELTCRAFT PRINCESS CHARLOTTE DOLL,8,9/30/2011 9:39,3.75,15321.0,United Kingdom
546950,22261,FELT EGG COSY WHITE RABBIT ,3,3/18/2011 11:24,0.85,16511.0,United Kingdom
575972,23159,SET OF 5 PANCAKE DAY MAGNETS,1,11/13/2011 13:01,2.08,14499.0,United Kingdom
541410,82600,NO SINGING METAL SIGN,12,1/17/2011 16:06,2.1,13089.0,United Kingdom
549910,23176,ABC TREASURE BOOK BOX ,1,4/12/2011 17:12,2.25,16697.0,United Kingdom
549436,21915,RED  HARMONICA IN BOX ,24,4/8/2011 12:34,1.25,18041.0,United Kingdom
560686,21967,PACK OF 12 SKULL TISSUES,24,7/20/2011 11:50,0.29,15632.0,United Kingdom
547867,22666,RECIPE BOX PANTRY YELLOW DESIGN,2,3/27/2011 13:56,2.95,13357.0,United Kingdom
564850,85178,VICTORIAN SEWING KIT,10,8/30/2011 16:43,1.25,17298.0,United Kingdom
547649,21733,RED HANGING HEART T-LIGHT HOLDER,6,3/24/2011 12:02,2.95,18118.0,United Kingdom
541854,21928,JUMBO BAG SCANDINAVIAN PAISLEY,1,1/23/2011 14:58,1.95,18283.0,United Kingdom
543973,22697,GREEN REGENCY TEACUP AND SAUCER,2,2/14/2011 15:15,2.95,17571.0,United Kingdom
572555,21068,VINTAGE BILLBOARD LOVE/HATE MUG,36,10/24/2011 17:19,1.06,17317.0,United Kingdom
536743,90178A,AMBER CHUNKY GLASS+BEAD NECKLACE,1,12/2/2010 13:32,11.95,17964.0,United Kingdom
566189,22693,GROW A FLYTRAP OR SUNFLOWER IN TIN,24,9/9/2011 13:19,1.25,17800.0,United Kingdom
571185,23109,PACK OF SIX LED TEA LIGHTS,12,10/14/2011 11:15,2.89,13047.0,United Kingdom
560239,23298,SPOTTY BUNTING,3,7/17/2011 11:50,4.95,13507.0,United Kingdom
562517,23192,BUNDLE OF 3 ALPHABET EXERCISE BOOKS,2,8/5/2011 12:27,1.65,15719.0,United Kingdom
580691,90214O,"LETTER ""O"" BLING KEY RING",12,12/5/2011 15:48,0.29,13790.0,United Kingdom
536582,21481,FAWN BLUE HOT WATER BOTTLE,6,12/1/2010 16:21,2.95,12947.0,United Kingdom
578270,21982,PACK OF 12 SUKI TISSUES ,3,11/23/2011 13:39,0.83,14096.0,United Kingdom
557322,22417,PACK OF 60 SPACEBOY CAKE CASES,24,6/20/2011 9:04,0.55,17444.0,Canada
542231,22556,PLASTERS IN TIN CIRCUS PARADE ,4,1/26/2011 13:40,1.65,16714.0,United Kingdom
537370,21259,VICTORIAN SEWING BOX SMALL ,2,12/6/2010 12:44,5.95,13155.0,United Kingdom
571291,23117,POPPY FIELDS CHOPPING BOARD,1,10/16/2011 15:44,4.95,13610.0,United Kingdom
563908,23110,PARISIENNE KEY CABINET ,2,8/21/2011 12:21,5.75,18109.0,United Kingdom
581516,22171,3 HOOK PHOTO SHELF ANTIQUE WHITE,4,12/9/2011 11:26,8.5,14422.0,United Kingdom
570024,82583,HOT BATHS METAL SIGN,12,10/7/2011 10:29,2.1,17975.0,United Kingdom
552041,21932,SCANDINAVIAN PAISLEY PICNIC BAG,10,5/6/2011 8:25,1.65,14273.0,United Kingdom
574240,23193,BUFFALO BILL TREASURE BOOK BOX,2,11/3/2011 12:45,2.25,15998.0,United Kingdom
560233,84536A,ENGLISH ROSE NOTEBOOK A7 SIZE,3,7/17/2011 11:10,0.42,16813.0,United Kingdom
544808,22666,RECIPE BOX PANTRY YELLOW DESIGN,1,2/23/2011 15:11,2.95,14562.0,United Kingdom
552211,22348,TEA BAG PLATE RED RETROSPOT,24,5/6/2011 15:01,0.85,12709.0,Germany
536989,21991,BOHEMIAN COLLAGE STATIONERY SET,1,12/3/2010 15:10,2.95,17238.0,United Kingdom
572090,84946,ANTIQUE SILVER T-LIGHT GLASS,6,10/20/2011 14:33,1.25,13573.0,United Kingdom
546542,82581,TOILET METAL SIGN,2,3/14/2011 15:13,0.55,13263.0,United Kingdom
574481,85227,SET OF 6 3D KIT CARDS FOR KIDS,2,11/4/2011 12:45,0.85,18022.0,United Kingdom
555015,47566,PARTY BUNTING,4,5/31/2011 10:45,4.95,16558.0,United Kingdom
560359,23294,SET OF 6 SNACK LOAF BAKING CASES,2,7/18/2011 11:47,0.83,14159.0,United Kingdom
577309,23035,DRAWER KNOB CERAMIC IVORY,6,11/18/2011 13:14,1.45,15933.0,United Kingdom
573572,21929,JUMBO BAG PINK VINTAGE PAISLEY,2,10/31/2011 14:03,2.08,14527.0,United Kingdom
540477,21110,LARGE CAKE TOWEL PINK SPOTS,24,1/7/2011 14:49,1.95,13233.0,United Kingdom
555413,22382,LUNCH BAG SPACEBOY DESIGN ,2,6/3/2011 9:50,1.65,17994.0,United Kingdom
537867,72802C,VANILLA SCENT CANDLE JEWELLED BOX,6,12/8/2010 16:48,4.25,16717.0,United Kingdom
572484,22070,SMALL RED RETROSPOT MUG IN BOX ,4,10/24/2011 13:50,3.75,17220.0,United Kingdom
560569,16161U,WRAP SUKI AND FRIENDS,25,7/19/2011 14:04,0.42,12480.0,Germany
549120,21900,"KEY FOB , SHED",2,4/6/2011 13:28,0.65,14587.0,United Kingdom
575222,23555,LANDMARK FRAME NOTTING HILL ,1,11/9/2011 11:33,12.5,16880.0,United Kingdom
576089,21790,VINTAGE SNAP CARDS,12,11/14/2011 8:56,0.85,17663.0,United Kingdom
546862,22169,FAMILY ALBUM WHITE PICTURE FRAME,2,3/17/2011 15:34,8.5,16216.0,United Kingdom
548158,22993,SET OF 4 PANTRY JELLY MOULDS,6,3/29/2011 13:28,1.25,15906.0,United Kingdom
540496,22726,ALARM CLOCK BAKELIKE GREEN,8,1/7/2011 17:18,3.75,15485.0,United Kingdom
543376,22087,PAPER BUNTING WHITE LACE,18,2/7/2011 15:10,2.95,16321.0,Australia
548718,22725,ALARM CLOCK BAKELIKE CHOCOLATE,30,4/4/2011 8:50,3.75,14156.0,EIRE
558335,23251,VINTAGE RED ENAMEL TRIM MUG ,12,6/28/2011 13:16,1.25,17442.0,United Kingdom
558888,23284,DOORMAT KEEP CALM AND COME IN,2,7/4/2011 15:29,7.95,14056.0,United Kingdom
573428,22585,PACK OF 6 BIRDY GIFT TAGS,12,10/31/2011 10:19,1.25,12571.0,France
566079,22744,MAKE YOUR OWN MONSOON CARD KIT,12,9/9/2011 9:52,2.95,17593.0,United Kingdom
566599,22112,CHOCOLATE HOT WATER BOTTLE,1,9/13/2011 15:37,4.95,15998.0,United Kingdom
553552,23203,JUMBO BAG DOILEY PATTERNS,20,5/17/2011 16:23,2.08,17702.0,United Kingdom
541985,20684,STRAWBERRY DREAM CHILDS UMBRELLA,1,1/24/2011 15:52,3.25,15052.0,United Kingdom
551250,21930,JUMBO STORAGE BAG SKULLS,2,4/27/2011 12:00,2.08,17841.0,United Kingdom
545411,22930,BAKING MOULD HEART MILK CHOCOLATE,6,3/2/2011 12:21,2.55,16128.0,United Kingdom
557122,85099B,JUMBO BAG RED RETROSPOT,10,6/16/2011 17:37,2.08,16558.0,United Kingdom
581449,23485,BOTANICAL GARDENS WALL CLOCK ,1,12/8/2011 17:37,25.0,12748.0,United Kingdom
578943,85053,FRENCH ENAMEL CANDLEHOLDER,2,11/27/2011 13:35,2.1,15009.0,United Kingdom
577485,23109,PACK OF SIX LED TEA LIGHTS,3,11/20/2011 11:56,2.89,16360.0,United Kingdom
577521,21154,RED RETROSPOT OVEN GLOVE ,2,11/20/2011 13:23,1.25,16411.0,United Kingdom
552948,84969,BOX OF 6 ASSORTED COLOUR TEASPOONS,12,5/12/2011 11:59,4.25,18136.0,United Kingdom
538853,17084R,ASSORTED INCENSE PACK,72,12/14/2010 13:35,0.21,16805.0,United Kingdom
576593,22639,SET OF 4 NAPKIN CHARMS HEARTS,4,11/15/2011 14:48,2.55,15720.0,United Kingdom
540523,84569B,PACK 3 FIRE ENGINE/CAR PATCHES,5,1/9/2011 12:51,1.25,13069.0,United Kingdom
566872,85071D,CHARLIE+LOLA MY ROOM DOOR SIGN,3,9/15/2011 13:28,0.39,16729.0,United Kingdom
558703,23209,LUNCH BAG DOILEY PATTERN ,10,7/1/2011 12:47,1.65,13730.0,United Kingdom
540415,21212,PACK OF 72 RETROSPOT CAKE CASES,24,1/7/2011 10:47,0.55,16889.0,United Kingdom
537653,84497,BUTTONS AND STRIPES NOTEBOOK ,1,12/7/2010 15:54,3.75,17897.0,United Kingdom
575976,22726,ALARM CLOCK BAKELIKE GREEN,3,11/13/2011 13:26,3.75,15271.0,United Kingdom
553872,22151,PLACE SETTING WHITE HEART,24,5/19/2011 14:35,0.42,13050.0,United Kingdom
554542,23174,REGENCY SUGAR BOWL GREEN,6,5/25/2011 8:32,4.15,15194.0,United Kingdom
561871,23243,SET OF TEA COFFEE SUGAR TINS PANTRY,4,7/31/2011 11:46,4.95,13018.0,United Kingdom
566587,22273,FELTCRAFT DOLL MOLLY,6,9/13/2011 14:30,2.95,14132.0,United Kingdom
581216,22597,MUSICAL ZINC HEART DECORATION ,48,12/8/2011 9:06,0.29,16523.0,United Kingdom
558751,22630,DOLLY GIRL LUNCH BOX,2,7/3/2011 11:26,1.95,16009.0,United Kingdom
571560,23182,TOILET SIGN OCCUPIED OR VACANT,24,10/18/2011 9:54,0.83,14897.0,United Kingdom
579623,22086,PAPER CHAIN KIT 50'S CHRISTMAS ,40,11/30/2011 12:15,2.55,16062.0,United Kingdom
542503,85061W,WHITE JEWELLED HEART DECORATION,24,1/28/2011 11:58,0.85,16327.0,United Kingdom
575049,47599B,BLUE PARTY BAGS ,6,11/8/2011 12:13,2.1,12721.0,France
546133,22088,PAPER BUNTING COLOURED LACE,6,3/9/2011 15:20,2.95,14291.0,United Kingdom
555383,21122,SET/10 PINK POLKADOT PARTY CANDLES,6,6/2/2011 15:13,1.25,12517.0,Germany
541250,21506,"FANCY FONT BIRTHDAY CARD, ",12,1/16/2011 13:19,0.42,13700.0,United Kingdom
578262,21212,PACK OF 72 RETROSPOT CAKE CASES,2,11/23/2011 13:27,0.55,18283.0,United Kingdom
559133,22607,WOODEN ROUNDERS GARDEN SET ,1,7/6/2011 13:13,9.95,17861.0,United Kingdom
540413,84997C,BLUE 3 PIECE POLKADOT CUTLERY SET,6,1/7/2011 10:29,3.75,15194.0,United Kingdom
569467,21731,RED TOADSTOOL LED NIGHT LIGHT,12,10/4/2011 11:44,1.65,14291.0,United Kingdom
554016,20712,JUMBO BAG WOODLAND ANIMALS,2,5/20/2011 13:14,2.08,13243.0,United Kingdom
574093,23076,ICE CREAM SUNDAE LIP GLOSS,24,11/3/2011 9:43,1.25,12437.0,France
553054,84952B,BLACK LOVE BIRD T-LIGHT HOLDER,2,5/13/2011 10:22,3.75,17886.0,United Kingdom
560841,23218,LAUREL STAR ANTIQUE GOLD,24,7/21/2011 12:25,1.04,14298.0,United Kingdom
555264,22844,VINTAGE CREAM DOG FOOD CONTAINER,1,6/1/2011 16:03,8.5,17757.0,United Kingdom
543279,84378,SET OF 3 HEART COOKIE CUTTERS,6,2/6/2011 14:46,1.25,17105.0,United Kingdom
C566961,84879,ASSORTED COLOUR BIRD ORNAMENT,-1,9/15/2011 17:04,1.69,13319.0,United Kingdom
541859,22423,REGENCY CAKESTAND 3 TIER,1,1/23/2011 15:34,12.75,14606.0,United Kingdom
562774,22111,SCOTTIE DOG HOT WATER BOTTLE,3,8/9/2011 12:20,4.95,13500.0,United Kingdom
578068,22362,GLASS JAR PEACOCK BATH SALTS,2,11/22/2011 15:45,2.95,14505.0,United Kingdom
552245,21528,DAIRY MAID TRADITIONAL TEAPOT ,1,5/6/2011 19:42,6.95,12748.0,United Kingdom
556495,21165,BEWARE OF THE CAT METAL SIGN ,1,6/12/2011 15:14,1.69,18069.0,United Kingdom
549115,22423,REGENCY CAKESTAND 3 TIER,32,4/6/2011 12:41,10.95,13098.0,United Kingdom
565088,23328,SET 6 SCHOOL MILK BOTTLES IN CRATE,4,9/1/2011 10:11,3.75,16145.0,United Kingdom
542265,22577,WOODEN HEART CHRISTMAS SCANDINAVIAN,7,1/26/2011 17:27,0.85,15867.0,United Kingdom
574653,21976,PACK OF 60 MUSHROOM CAKE CASES,48,11/6/2011 11:30,0.55,12619.0,Germany
571940,23353,6 GIFT TAGS VINTAGE CHRISTMAS ,12,10/20/2011 9:57,0.83,15301.0,United Kingdom
548732,22755,SMALL PURPLE BABUSHKA NOTEBOOK ,12,4/4/2011 10:16,0.85,16142.0,United Kingdom
539653,84823,DANISH ROSE FOLDING CHAIR,2,12/20/2010 16:50,7.95,13564.0,United Kingdom
547790,21213,PACK OF 72 SKULL CAKE CASES,24,3/25/2011 12:04,0.55,12545.0,Spain
536681,84406B,CREAM CUPID HEARTS COAT HANGER,1,12/2/2010 12:22,3.25,17287.0,United Kingdom
538630,22671,FRENCH LAUNDRY SIGN BLUE METAL,12,12/13/2010 13:25,1.65,14565.0,United Kingdom
579161,23005,TRAVEL CARD WALLET I LOVE LONDON,1,11/28/2011 13:56,0.42,17379.0,United Kingdom
C555288,23079,TOADSTOOL BEDSIDE LIGHT ,-2,6/2/2011 9:57,8.95,12431.0,Australia
539018,20914,SET/5 RED RETROSPOT LID GLASS BOWLS,12,12/15/2010 14:00,2.95,16134.0,United Kingdom
570186,21913,VINTAGE SEASIDE JIGSAW PUZZLES,4,10/7/2011 15:01,3.75,17509.0,United Kingdom
550622,21216,"SET 3 RETROSPOT TEA,COFFEE,SUGAR",2,4/19/2011 13:49,4.95,13735.0,United Kingdom
545522,22195,LARGE HEART MEASURING SPOONS,24,3/3/2011 12:35,1.65,15596.0,United Kingdom
540516,22147,FELTCRAFT BUTTERFLY HEARTS,2,1/9/2011 12:01,1.45,16326.0,United Kingdom
566079,22403,MAGNETS PACK OF 4 VINTAGE LABELS ,48,9/9/2011 9:52,0.39,17593.0,United Kingdom
568058,23318,BOX OF 6 MINI VINTAGE CRACKERS,6,9/23/2011 12:58,2.49,18188.0,United Kingdom
580298,22720,SET OF 3 CAKE TINS PANTRY DESIGN ,3,12/2/2011 13:54,4.95,17086.0,United Kingdom
577071,23569,TRADTIONAL ALPHABET STAMP SET,1,11/17/2011 14:56,4.95,13969.0,United Kingdom
537035,37446,MINI CAKE STAND WITH HANGING CAKES,8,12/3/2010 17:21,1.45,13081.0,United Kingdom
553187,23207,LUNCH BAG ALPHABET DESIGN,10,5/15/2011 12:53,1.65,16809.0,United Kingdom
540816,22900, SET 2 TEA TOWELS I LOVE LONDON ,10,1/11/2011 12:55,2.95,15518.0,United Kingdom
566875,23199,JUMBO BAG APPLES,50,9/15/2011 13:43,2.08,17669.0,United Kingdom
574665,23489,VINTAGE BELLS GARLAND,6,11/6/2011 12:09,2.89,16168.0,United Kingdom
578262,23202,JUMBO BAG VINTAGE LEAF,2,11/23/2011 13:27,2.08,18283.0,United Kingdom
571934,22941,CHRISTMAS LIGHTS 10 REINDEER,2,10/20/2011 8:21,8.5,16170.0,United Kingdom
555485,21528,DAIRY MAID TRADITIONAL TEAPOT ,2,6/3/2011 12:39,6.95,17722.0,United Kingdom
570197,84030E,ENGLISH ROSE HOT WATER BOTTLE,1,10/7/2011 15:45,4.25,13755.0,United Kingdom
562711,21162,TOXIC AREA  DOOR HANGER ,2,8/8/2011 14:53,0.39,16788.0,United Kingdom
540372,22697,GREEN REGENCY TEACUP AND SAUCER,6,1/6/2011 16:41,2.95,13081.0,United Kingdom
548545,22059,CERAMIC STRAWBERRY DESIGN MUG,6,3/31/2011 19:12,1.49,13118.0,United Kingdom
568238,22619,SET OF 6 SOLDIER SKITTLES,4,9/26/2011 12:00,3.75,13927.0,United Kingdom
540809,20970,PINK FLORAL FELTCRAFT SHOULDER BAG,8,1/11/2011 12:37,3.75,18095.0,United Kingdom
580098,21843,RED RETROSPOT CAKE STAND,5,12/1/2011 15:05,10.95,15373.0,United Kingdom
551896,37342,POLKADOT COFFEE CUP & SAUCER PINK,24,5/5/2011 10:29,0.79,13711.0,United Kingdom
550201,23050,RECYCLED ACAPULCO MAT GREEN,2,4/15/2011 10:25,8.25,12769.0,Brazil
537050,22964,3 PIECE SPACEBOY COOKIE CUTTER SET,2,12/5/2010 11:10,2.1,14800.0,United Kingdom
572721,23263,SET OF 3 WOODEN HEART DECORATIONS,24,10/25/2011 15:07,1.25,16201.0,United Kingdom
574675,22131,FOOD CONTAINER SET 3 LOVE HEART ,4,11/6/2011 12:31,1.95,17289.0,United Kingdom
564962,21810,CHRISTMAS HANGING STAR WITH BELL,1,8/31/2011 14:35,1.25,17777.0,United Kingdom
576650,23515,EMBROIDERED RIBBON REEL DAISY ,6,11/16/2011 10:34,2.08,14286.0,United Kingdom
578294,22086,PAPER CHAIN KIT 50'S CHRISTMAS ,12,11/23/2011 14:37,2.95,16790.0,United Kingdom
574863,22508,DOORSTOP RETROSPOT HEART,1,11/7/2011 12:29,3.75,15719.0,United Kingdom
577504,22993,SET OF 4 PANTRY JELLY MOULDS,3,11/20/2011 12:36,1.25,14159.0,United Kingdom
570197,23184,BULL DOG BOTTLE OPENER,3,10/7/2011 15:45,4.95,13755.0,United Kingdom
562732,21500,PINK POLKADOT WRAP ,25,8/9/2011 10:19,0.42,18248.0,United Kingdom
570509,22609,PENS ASSORTED SPACEBALL,36,10/11/2011 10:16,0.19,13109.0,United Kingdom
568593,23360,SET 8 CANDLES VINTAGE DOILY,12,9/28/2011 10:54,1.95,13988.0,United Kingdom
551282,84991,60 TEATIME FAIRY CAKE CASES,2,4/27/2011 13:44,0.55,16919.0,United Kingdom
573094,22629,SPACEBOY LUNCH BOX ,1,10/27/2011 14:39,1.95,15707.0,United Kingdom
578289,23110,PARISIENNE KEY CABINET ,1,11/23/2011 14:07,5.75,17841.0,United Kingdom
565366,21485,RETROSPOT HEART HOT WATER BOTTLE,3,9/2/2011 14:56,4.95,17091.0,United Kingdom
575989,22489,PACK OF 12 TRADITIONAL CRAYONS,5,11/13/2011 14:20,0.42,14698.0,United Kingdom
550637,22680,FRENCH BLUE METAL DOOR SIGN 5,5,4/19/2011 15:39,1.25,14415.0,United Kingdom
540900,22173,METAL 4 HOOK HANGER FRENCH CHATEAU,16,1/12/2011 11:46,2.95,12712.0,Germany
580178,79321,CHILLI LIGHTS,96,12/2/2011 11:53,4.7,16013.0,United Kingdom
550627,22501,PICNIC BASKET WICKER LARGE,2,4/19/2011 14:36,9.95,16633.0,United Kingdom
563174,22900,SET 2 TEA TOWELS I LOVE LONDON ,6,8/12/2011 13:40,3.25,16746.0,United Kingdom
536832,21733,RED HANGING HEART T-LIGHT HOLDER,6,12/2/2010 17:41,2.95,16634.0,United Kingdom
566073,23243,SET OF TEA COFFEE SUGAR TINS PANTRY,2,9/8/2011 19:58,4.95,14562.0,United Kingdom
552235,22423,REGENCY CAKESTAND 3 TIER,2,5/6/2011 16:17,12.75,15194.0,United Kingdom
545838,21447,12 IVORY ROSE PEG PLACE SETTINGS,1,3/7/2011 13:33,1.25,14606.0,United Kingdom
556038,84944,SET OF 6 KASHMIR FOLKART BAUBLES,10,6/8/2011 12:38,1.65,13184.0,United Kingdom
558868,22355,CHARLOTTE BAG SUKI DESIGN,20,7/4/2011 12:47,0.85,13266.0,United Kingdom
565407,23127,FELTCRAFT GIRL NICOLE KIT,1,9/4/2011 11:00,4.95,16983.0,United Kingdom
580677,85053,FRENCH ENAMEL CANDLEHOLDER,2,12/5/2011 14:40,2.1,16200.0,United Kingdom
544749,22554,PLASTERS IN TIN WOODLAND ANIMALS,1,2/23/2011 10:57,1.65,15373.0,United Kingdom
576179,23201,JUMBO BAG ALPHABET,100,11/14/2011 11:09,1.75,13694.0,United Kingdom
554695,22631,CIRCUS PARADE LUNCH BOX ,2,5/25/2011 17:12,1.95,16161.0,United Kingdom
559878,22697,GREEN REGENCY TEACUP AND SAUCER,2,7/13/2011 11:19,2.95,15493.0,United Kingdom
536464,22197,SMALL POPCORN HOLDER,6,12/1/2010 12:23,0.85,17968.0,United Kingdom
553221,23080,RED METAL BOX TOP SECRET,2,5/16/2011 9:58,8.25,16607.0,United Kingdom
550957,22951,60 CAKE CASES DOLLY GIRL DESIGN,3,4/21/2011 16:37,0.55,18283.0,United Kingdom
569234,23393,HOME SWEET HOME CUSHION COVER ,1,10/2/2011 15:33,3.75,17841.0,United Kingdom
565420,22507,MEMO BOARD RETROSPOT  DESIGN,1,9/4/2011 12:09,4.95,16326.0,United Kingdom
565466,23267,SET OF 4 SANTA PLACE SETTINGS,12,9/5/2011 9:48,1.25,12422.0,Australia
552823,85132A,CHARLIE + LOLA BISCUITS TINS,6,5/11/2011 13:06,1.95,14731.0,United Kingdom
577035,22992,REVOLVER WOODEN RULER ,12,11/17/2011 13:21,1.95,15187.0,United Kingdom
536412,21448,12 DAISY PEGS IN WOOD BOX,1,12/1/2010 11:49,1.65,17920.0,United Kingdom
560105,23199,JUMBO BAG APPLES,1,7/14/2011 19:23,2.08,16794.0,United Kingdom
579453,23319,BOX OF 6 MINI 50'S CRACKERS,2,11/29/2011 14:03,2.49,12748.0,United Kingdom
576345,23353,6 GIFT TAGS VINTAGE CHRISTMAS ,12,11/14/2011 15:37,0.83,12374.0,Austria
571270,21620,SET OF 4 ROSE BOTANICAL CANDLES,2,10/16/2011 12:09,1.25,12940.0,United Kingdom
545163,22860,EASTER TIN CHICKS PINK DAISY,6,2/28/2011 13:39,1.65,16607.0,United Kingdom
552452,21947,SET OF 6 HEART CHOPSTICKS,12,5/9/2011 14:02,1.25,13752.0,United Kingdom
578719,21136,PAINTED METAL PEARS ASSORTED,8,11/25/2011 11:25,1.69,17348.0,United Kingdom
574881,22310,IVORY KNITTED MUG COSY ,6,11/7/2011 13:30,1.65,12832.0,United Kingdom
570448,23341,PINK DINER WALL CLOCK,2,10/10/2011 14:55,8.5,13224.0,United Kingdom
553879,22908,PACK OF 20 NAPKINS RED APPLES,36,5/19/2011 15:15,0.85,15791.0,United Kingdom
544690,22302,COFFEE MUG PEARS  DESIGN,36,2/23/2011 8:48,2.1,14156.0,EIRE
564165,22193,RED DINER WALL CLOCK,1,8/23/2011 13:35,8.5,13593.0,United Kingdom
563921,48185,DOORMAT FAIRY CAKE,1,8/21/2011 14:00,7.95,16407.0,United Kingdom
544058,22107,PIZZA PLATE IN BOX,4,2/15/2011 12:56,3.75,14176.0,United Kingdom
572087,21123,SET/10 IVORY POLKADOT PARTY CANDLES,24,10/20/2011 14:30,1.25,12683.0,France
555644,23274,STAR T-LIGHT HOLDER WILLIE WINKIE,12,6/6/2011 13:24,1.65,16520.0,United Kingdom
540953,21156,RETROSPOT CHILDRENS APRON,1,1/12/2011 13:16,1.95,14587.0,United Kingdom
578072,23332,IVORY WICKER HEART LARGE,6,11/22/2011 16:02,1.65,17759.0,United Kingdom
548213,21891,TRADITIONAL WOODEN SKIPPING ROPE,12,3/30/2011 9:15,1.25,15521.0,United Kingdom
539292,21955,DOORMAT UNION JACK GUNS AND ROSES,10,12/16/2010 16:42,6.75,16539.0,United Kingdom
559317,23052,RECYCLED ACAPULCO MAT TURQUOISE,1,7/7/2011 14:03,8.25,17611.0,United Kingdom
550447,22099,CARAVAN SQUARE TISSUE BOX,2,4/18/2011 12:36,1.25,16033.0,United Kingdom
536587,22646,CERAMIC STRAWBERRY CAKE MONEY BANK,12,12/1/2010 16:33,1.45,14142.0,United Kingdom
550942,22178,VICTORIAN GLASS HANGING T-LIGHT,12,4/21/2011 15:51,1.25,16587.0,United Kingdom
561355,23008,DOLLY GIRL BABY GIFT SET,6,7/26/2011 14:51,14.95,13090.0,United Kingdom
575898,22111,SCOTTIE DOG HOT WATER BOTTLE,6,11/11/2011 15:08,4.95,16368.0,United Kingdom
578667,22865,HAND WARMER OWL DESIGN,3,11/24/2011 17:10,2.1,15514.0,United Kingdom
544445,22451,SILK PURSE BABUSHKA RED,2,2/20/2011 10:56,3.35,16746.0,United Kingdom
576615,21261,GREEN GOOSE FEATHER CHRISTMAS TREE ,3,11/15/2011 16:42,2.95,17231.0,United Kingdom
555703,21930,JUMBO STORAGE BAG SKULLS,10,6/6/2011 15:06,2.08,15379.0,United Kingdom
537840,22567,20 DOLLY PEGS RETROSPOT,12,12/8/2010 15:03,1.25,13531.0,United Kingdom
552822,22197,SMALL POPCORN HOLDER,2,5/11/2011 12:59,0.85,15521.0,United Kingdom
546541,22766,PHOTO FRAME CORNICE,8,3/14/2011 15:11,2.95,14911.0,EIRE
561544,22147,FELTCRAFT BUTTERFLY HEARTS,12,7/28/2011 10:14,1.45,16170.0,United Kingdom
537867,21484,CHICK GREY HOT WATER BOTTLE,4,12/8/2010 16:48,3.45,16717.0,United Kingdom
559525,22899,CHILDREN'S APRON DOLLY GIRL ,2,7/10/2011 10:30,2.1,16923.0,United Kingdom
566405,22564,ALPHABET STENCIL CRAFT,24,9/12/2011 13:41,1.25,17919.0,United Kingdom
577855,22435,SET OF 9 HEART SHAPED BALLOONS,1,11/22/2011 11:18,1.25,15877.0,United Kingdom
567338,21499,BLUE POLKADOT WRAP,25,9/19/2011 15:00,0.42,14146.0,United Kingdom
576339,90166,PINK & WHITE ROSEBUD RING,1,11/14/2011 15:27,4.15,14096.0,United Kingdom
555845,21877,HOME SWEET HOME MUG,1,6/7/2011 13:19,1.25,17015.0,United Kingdom
573305,23558,LANDMARK FRAME LONDON BRIDGE ,1,10/28/2011 16:13,12.5,17837.0,United Kingdom
569670,22410,MONEY BOX HOUSEKEEPING DESIGN,2,10/5/2011 13:47,1.25,14730.0,United Kingdom
571315,23110,PARISIENNE KEY CABINET ,2,10/17/2011 10:47,5.75,16542.0,United Kingdom
571693,84992,72 SWEETHEART FAIRY CAKE CASES,24,10/18/2011 14:44,0.55,14776.0,United Kingdom
581142,23158,SET OF 5 LUCKY CAT MAGNETS ,1,12/7/2011 13:38,2.08,14204.0,United Kingdom
559553,23076,ICE CREAM SUNDAE LIP GLOSS,24,7/11/2011 9:23,1.25,16174.0,United Kingdom
571276,23414,ZINC BOX SIGN HOME,1,10/16/2011 12:30,9.95,14702.0,United Kingdom
555207,23112,PARISIENNE CURIO CABINET,2,6/1/2011 12:19,7.5,16818.0,United Kingdom
547375,22585,PACK OF 6 BIRDY GIFT TAGS,12,3/22/2011 14:24,1.25,13196.0,United Kingdom
562881,22551,PLASTERS IN TIN SPACEBOY,12,8/10/2011 10:57,1.65,15632.0,United Kingdom
541216,20718,RED RETROSPOT SHOPPER BAG,1,1/14/2011 13:52,1.25,15311.0,United Kingdom
537224,79190D,RETRO PLASTIC DAISY TRAY,1,12/5/2010 16:24,0.42,13174.0,United Kingdom
540533,84406B,CREAM CUPID HEARTS COAT HANGER,2,1/9/2011 14:12,3.25,15005.0,United Kingdom
565766,23426,METAL SIGN DROP YOUR PANTS,1,9/6/2011 14:23,2.89,17841.0,United Kingdom
546115,84879,ASSORTED COLOUR BIRD ORNAMENT,16,3/9/2011 13:50,1.69,15379.0,United Kingdom
551163,84879,ASSORTED COLOUR BIRD ORNAMENT,4,4/26/2011 15:52,1.69,12573.0,France
553707,23206,LUNCH BAG APPLE DESIGN,20,5/18/2011 15:26,1.65,16843.0,United Kingdom
561363,21033,JUMBO BAG CHARLIE AND LOLA TOYS,2,7/26/2011 15:42,2.08,17238.0,United Kingdom
556910,23076,ICE CREAM SUNDAE LIP GLOSS,24,6/15/2011 13:25,1.25,12748.0,United Kingdom
575895,22669,RED BABY BUNTING ,4,11/11/2011 14:50,2.95,17052.0,United Kingdom
567076,21265,PINK GOOSE FEATHER TREE 60CM,24,9/16/2011 12:27,1.95,15505.0,United Kingdom
568162,21175,GIN + TONIC DIET METAL SIGN,12,9/25/2011 12:32,2.55,14194.0,United Kingdom
569768,22109,FULL ENGLISH BREAKFAST PLATE,16,10/6/2011 11:27,3.39,13078.0,United Kingdom
565588,22384,LUNCH BAG PINK POLKADOT,3,9/5/2011 13:50,1.65,16918.0,United Kingdom
563613,16219,HOUSE SHAPE PENCIL SHARPENER,48,8/18/2011 8:49,0.06,12688.0,Israel
550941,84508B,STRIPES DESIGN TEDDY,1,4/21/2011 15:46,2.55,17109.0,United Kingdom
572720,21034,REX CASH+CARRY JUMBO SHOPPER,1,10/25/2011 15:04,0.95,13978.0,United Kingdom
566717,21181,PLEASE ONE PERSON METAL SIGN,3,9/14/2011 12:14,2.1,17841.0,United Kingdom
541569,20719,WOODLAND CHARLOTTE BAG,10,1/19/2011 12:14,0.85,13520.0,Switzerland
C565962,21156,RETROSPOT CHILDRENS APRON,-1,9/8/2011 11:25,1.95,14410.0,United Kingdom
545998,22221,CAKE STAND LOVEBIRD 2 TIER PINK,2,3/8/2011 14:35,9.95,13373.0,United Kingdom
544177,22479,DAISY GARDEN MARKER,3,2/16/2011 14:27,1.25,13001.0,United Kingdom
565478,22997,TRAVEL CARD WALLET UNION JACK,6,9/5/2011 11:18,0.42,15005.0,United Kingdom
539256,22431,WATERING CAN BLUE ELEPHANT,6,12/16/2010 14:27,1.95,15601.0,United Kingdom
574304,22424,ENAMEL BREAD BIN CREAM,1,11/3/2011 16:30,12.75,14428.0,United Kingdom
551152,21936,RED RETROSPOT PICNIC BAG,3,4/26/2011 14:47,2.95,13230.0,United Kingdom
563198,22156,HEART DECORATION WITH PEARLS ,48,8/14/2011 10:38,0.85,15270.0,United Kingdom
569027,22326,ROUND SNACK BOXES SET OF4 WOODLAND ,6,9/30/2011 10:19,2.95,13089.0,United Kingdom
563096,20728,LUNCH BAG CARS BLUE,10,8/12/2011 9:10,1.65,15544.0,United Kingdom
552365,22907,PACK OF 20 NAPKINS PANTRY DESIGN,4,5/9/2011 12:25,0.85,16440.0,United Kingdom
539256,20685,DOORMAT RED RETROSPOT,4,12/16/2010 14:27,7.95,15601.0,United Kingdom
551014,22192,BLUE DINER WALL CLOCK,2,4/26/2011 11:04,8.5,13209.0,United Kingdom
563404,22662,LUNCH BAG DOLLY GIRL DESIGN,20,8/16/2011 11:04,1.65,16303.0,United Kingdom
554859,22419,LIPSTICK PEN RED,100,5/27/2011 10:16,0.36,14828.0,United Kingdom
544074,22412,METAL SIGN NEIGHBOURHOOD WITCH ,2,2/15/2011 14:49,2.1,14156.0,EIRE
580397,23301,GARDENERS KNEELING PAD KEEP CALM ,2,12/4/2011 11:24,1.65,13558.0,United Kingdom
569897,22623,BOX OF VINTAGE JIGSAW BLOCKS ,1,10/6/2011 16:01,5.95,17813.0,United Kingdom
581412,23661,MILK MAIDS MUG ,6,12/8/2011 14:38,1.65,14415.0,United Kingdom
550637,21428,SET3 BOOK BOX GREEN GINGHAM FLOWER ,1,4/19/2011 15:39,4.25,14415.0,United Kingdom
553831,22690,DOORMAT HOME SWEET HOME BLUE ,4,5/19/2011 11:36,7.95,14442.0,Channel Islands
569255,21166,COOK WITH WINE METAL SIGN ,96,10/3/2011 11:01,1.49,18102.0,United Kingdom
540163,84992,72 SWEETHEART FAIRY CAKE CASES,24,1/5/2011 11:52,0.55,13089.0,United Kingdom
C552535,21735,TWO DOOR CURIO CABINET,-1,5/10/2011 9:59,12.75,13269.0,United Kingdom
575512,23493,VINTAGE DOILY TRAVEL SEWING KIT,10,11/10/2011 10:36,1.95,14121.0,United Kingdom
542782,22173,METAL 4 HOOK HANGER FRENCH CHATEAU,8,2/1/2011 10:00,2.95,12712.0,Germany
548038,82484,WOOD BLACK BOARD ANT WHITE FINISH,2,3/29/2011 12:03,7.9,15696.0,United Kingdom
548955,23077,DOUGHNUT LIP GLOSS ,80,4/5/2011 10:47,1.25,12348.0,Finland
557484,22113,GREY HEART HOT WATER BOTTLE,1,6/20/2011 14:36,3.75,14796.0,United Kingdom
570410,22839,3 TIER CAKE TIN GREEN AND CREAM,1,10/10/2011 13:04,14.95,16776.0,United Kingdom
559641,84755,COLOUR GLASS T-LIGHT HOLDER HANGING,8,7/11/2011 12:31,0.65,13184.0,United Kingdom
568917,22813,PACK 3 BOXES BIRD PANNETONE ,12,9/29/2011 14:11,1.95,15955.0,United Kingdom
544792,21621,VINTAGE UNION JACK BUNTING,24,2/23/2011 12:37,8.5,18172.0,United Kingdom
568831,22465,HANGING METAL STAR LANTERN,6,9/29/2011 11:35,1.65,16059.0,United Kingdom
560712,84732B,CUTE BIRD CEATURE SCREEN,2,7/20/2011 13:06,0.39,14456.0,United Kingdom
540364,85123A,WHITE HANGING HEART T-LIGHT HOLDER,3,1/6/2011 16:03,2.95,14505.0,United Kingdom
555546,22332,SKULLS PARTY BAG + STICKER SET,8,6/5/2011 13:09,1.65,17735.0,United Kingdom
545036,82580,BATHROOM METAL SIGN,1,2/25/2011 17:25,0.55,14573.0,United Kingdom
565416,23291,DOLLY GIRL CHILDRENS CUP,8,9/4/2011 12:00,1.25,12710.0,Germany
543033,15044A,PINK PAPER PARASOL ,1,2/2/2011 15:48,2.95,17841.0,United Kingdom
574907,85232D,SET/3 DECOUPAGE STACKING TINS,6,11/7/2011 15:33,4.95,17043.0,United Kingdom
560549,84997A,CHILDRENS CUTLERY POLKADOT GREEN ,24,7/19/2011 12:43,4.15,12664.0,Finland
577698,21481,FAWN BLUE HOT WATER BOTTLE,2,11/21/2011 12:05,3.75,14963.0,United Kingdom
580290,23367,SET 12 COLOUR PENCILS SPACEBOY ,1,12/2/2011 13:35,0.65,17221.0,United Kingdom
571498,21058,PARTY INVITES WOODLAND,2,10/17/2011 15:06,0.85,17841.0,United Kingdom
564656,23263,SET OF 3 WOODEN HEART DECORATIONS,24,8/26/2011 14:40,1.25,14141.0,United Kingdom
537374,22619,SET OF 6 SOLDIER SKITTLES,1,12/6/2010 12:55,3.75,17259.0,United Kingdom
575851,23350,ROLL WRAP VINTAGE SPOT ,1,11/11/2011 12:13,1.25,14662.0,United Kingdom
570189,20719,WOODLAND CHARLOTTE BAG,10,10/7/2011 15:15,0.85,12492.0,Germany
569000,21900,"KEY FOB , SHED",24,9/29/2011 17:36,0.65,17015.0,United Kingdom
561079,47590B,PINK HAPPY BIRTHDAY BUNTING,1,7/24/2011 16:12,5.45,13956.0,United Kingdom
569217,23067,HANGING ENGRAVED METAL HEART,1,10/2/2011 12:45,4.15,15579.0,United Kingdom
551891,35967,FOLK ART METAL STAR T-LIGHT HOLDER,12,5/5/2011 9:53,0.38,17429.0,United Kingdom
563834,22292,HANGING CHICK  YELLOW DECORATION,24,8/19/2011 12:50,1.45,14401.0,United Kingdom
543803,22525,CHILDRENS GARDEN GLOVES PINK,5,2/13/2011 12:05,1.25,17126.0,United Kingdom
577046,22752,SET 7 BABUSHKA NESTING BOXES,2,11/17/2011 13:46,8.5,12449.0,Belgium
541950,22079,RIBBON REEL HEARTS DESIGN ,10,1/24/2011 12:13,1.65,15498.0,United Kingdom
567339,23188,VINTAGE  2 METER FOLDING RULER,12,9/19/2011 15:01,1.65,14146.0,United Kingdom
545020,22938,CUPCAKE LACE PAPER SET 6,12,2/25/2011 14:03,1.95,13792.0,United Kingdom
558183,22680,FRENCH BLUE METAL DOOR SIGN 5,2,6/27/2011 12:13,1.25,15996.0,United Kingdom
563584,21485,RETROSPOT HEART HOT WATER BOTTLE,3,8/17/2011 16:48,4.95,15122.0,United Kingdom
536569,21462,"NURSERY A,B,C PAINTED LETTERS",1,12/1/2010 15:35,6.75,16274.0,United Kingdom
541862,47580,TEA TIME DES TEA COSY,4,1/23/2011 16:02,2.55,14068.0,United Kingdom
570224,22633,HAND WARMER UNION JACK,6,10/9/2011 13:15,2.1,16931.0,United Kingdom
567298,21495,SKULLS AND CROSSBONES WRAP,125,9/19/2011 12:29,0.42,12497.0,Germany
558358,23240,SET OF 4 KNICK KNACK TINS DOILEY ,1,6/28/2011 15:05,4.15,17965.0,United Kingdom
579286,23393,HOME SWEET HOME CUSHION COVER ,1,11/29/2011 10:57,3.75,17772.0,United Kingdom
537126,22077,6 RIBBONS RUSTIC CHARM,1,12/5/2010 12:13,1.65,18118.0,United Kingdom
545019,22682,FRENCH BLUE METAL DOOR SIGN 7,10,2/25/2011 13:56,1.25,15093.0,United Kingdom
569371,21390,FILIGRIS HEART WITH BUTTERFLY,12,10/3/2011 15:52,1.25,14651.0,United Kingdom
576695,21905,MORE BUTTER METAL SIGN ,1,11/16/2011 12:25,0.79,16469.0,United Kingdom
565460,22092,BLUE PAISLEY TISSUE BOX,36,9/5/2011 9:24,0.39,16843.0,United Kingdom
569849,85152,HAND OVER THE CHOCOLATE   SIGN ,12,10/6/2011 13:49,2.1,15264.0,United Kingdom
550158,21888,BINGO SET,4,4/14/2011 15:39,3.75,13989.0,United Kingdom
550440,22635,CHILDS BREAKFAST SET DOLLY GIRL ,4,4/18/2011 12:25,9.95,12407.0,Belgium
576857,22910,PAPER CHAIN KIT VINTAGE CHRISTMAS,1,11/16/2011 15:52,2.95,12748.0,United Kingdom
580116,23333,IVORY WICKER HEART MEDIUM,53,12/1/2011 16:28,1.25,15290.0,United Kingdom
560606,21992,VINTAGE PAISLEY STATIONERY SET,12,7/20/2011 10:08,1.25,17422.0,United Kingdom
547097,48116,DOORMAT MULTICOLOUR STRIPE,2,3/21/2011 9:33,7.95,13021.0,United Kingdom
561113,23207,LUNCH BAG ALPHABET DESIGN,1,7/25/2011 12:09,1.65,17841.0,United Kingdom
554058,22745,POPPY'S PLAYHOUSE BEDROOM ,1,5/20/2011 16:04,2.1,17757.0,United Kingdom
577825,21108,FAIRY CAKE FLANNEL ASSORTED COLOUR,18,11/22/2011 9:42,0.79,17453.0,United Kingdom
552465,22384,LUNCH BAG PINK POLKADOT,5,5/9/2011 15:17,1.65,16242.0,United Kingdom
564745,22099,CARAVAN SQUARE TISSUE BOX,1,8/28/2011 15:27,0.39,16806.0,United Kingdom
552273,21928,JUMBO BAG SCANDINAVIAN BLUE PAISLEY,10,5/8/2011 12:26,2.08,13021.0,United Kingdom
558738,21080,SET/20 RED RETROSPOT PAPER NAPKINS ,12,7/1/2011 15:35,0.85,12922.0,United Kingdom
572862,22940,FELTCRAFT CHRISTMAS FAIRY,1,10/26/2011 12:48,4.25,16750.0,United Kingdom
564972,22813,PACK 3 BOXES BIRD PANNETONE ,12,8/31/2011 15:30,1.95,12621.0,Germany
556229,21931,JUMBO STORAGE BAG SUKI,10,6/9/2011 14:43,2.08,12839.0,United Kingdom
575972,22422,TOOTHPASTE TUBE PEN,1,11/13/2011 13:01,0.65,14499.0,United Kingdom
551960,22178,VICTORIAN GLASS HANGING T-LIGHT,12,5/5/2011 12:38,1.25,18239.0,United Kingdom
551158,21557,SET OF 6 FUNKY BEAKERS,1,4/26/2011 15:00,2.95,16823.0,United Kingdom
579408,22997,TRAVEL CARD WALLET UNION JACK,2,11/29/2011 12:34,0.42,14701.0,United Kingdom
565091,22677,FRENCH BLUE METAL DOOR SIGN 2,20,9/1/2011 10:28,1.25,16011.0,United Kingdom
578921,23508,MINI PLAYING CARDS DOLLY GIRL ,2,11/27/2011 11:57,0.42,13596.0,United Kingdom
543354,84459A,PINK METAL CHICKEN HEART ,24,2/7/2011 13:50,1.49,13458.0,United Kingdom
557484,21700,BIG DOUGHNUT FRIDGE MAGNETS,5,6/20/2011 14:36,0.85,14796.0,United Kingdom
547194,22663,JUMBO BAG DOLLY GIRL DESIGN,1,3/21/2011 12:42,1.95,12637.0,France
545238,22261,FELT EGG COSY WHITE RABBIT ,12,3/1/2011 11:02,0.85,15241.0,United Kingdom
577485,23266,SET OF 3 WOODEN STOCKING DECORATION,1,11/20/2011 11:56,1.25,16360.0,United Kingdom
C552552,48129,DOORMAT TOPIARY,-10,5/10/2011 10:51,6.75,16525.0,United Kingdom
575622,23159,SET OF 5 PANCAKE DAY MAGNETS,12,11/10/2011 13:13,2.08,16743.0,United Kingdom
540994,21975,PACK OF 60 DINOSAUR CAKE CASES,24,1/13/2011 9:29,0.55,13089.0,United Kingdom
537624,21327,SKULLS WRITING SET ,1,12/7/2010 14:41,1.65,12748.0,United Kingdom
556244,23284,DOORMAT KEEP CALM AND COME IN,2,6/9/2011 16:08,7.95,15867.0,United Kingdom
547645,84988,SET OF 72 PINK HEART PAPER DOILIES,24,3/24/2011 11:40,1.45,12676.0,Sweden
559665,23184,BULL DOG BOTTLE OPENER,2,7/11/2011 13:35,4.95,12556.0,Spain
567185,20713,JUMBO BAG OWLS,1,9/18/2011 15:55,2.08,16370.0,United Kingdom
574701,23330,DECORATIVE WICKER HEART MEDIUM,3,11/6/2011 13:54,1.25,15426.0,United Kingdom
570964,16169E,WRAP 50'S  CHRISTMAS,25,10/13/2011 11:50,0.42,12766.0,Portugal
542058,85034C,3 ROSE MORRIS BOXED CANDLES,12,1/25/2011 11:59,1.25,15601.0,United Kingdom
542791,85099B,JUMBO BAG RED RETROSPOT,20,2/1/2011 10:47,1.95,15039.0,United Kingdom
541293,84997C,BLUE 3 PIECE POLKADOT CUTLERY SET,1,1/17/2011 13:39,3.75,15311.0,United Kingdom
542662,22718,CARD CAT AND TREE ,12,1/31/2011 12:10,0.42,18145.0,United Kingdom
547860,21155,RED RETROSPOT PEG BAG,1,3/27/2011 12:21,2.55,17625.0,United Kingdom
562156,21159,MOODY BOY  DOOR HANGER ,24,8/3/2011 11:35,0.39,14401.0,United Kingdom
542735,22452,MEASURING TAPE BABUSHKA PINK,6,1/31/2011 15:36,2.95,12681.0,France
558441,22416,SET OF 36 DOILIES SPACEBOY DESIGN ,1,6/29/2011 12:59,1.45,14606.0,United Kingdom
543911,21832,CHOCOLATE CALCULATOR,12,2/14/2011 12:46,1.65,17829.0,United Arab Emirates
578719,23489,VINTAGE BELLS GARLAND,2,11/25/2011 11:25,2.89,17348.0,United Kingdom
578187,21819,GLITTER CHRISTMAS STAR ,36,11/23/2011 11:40,0.39,14336.0,United Kingdom
552108,23131,MISTLETOE HEART WREATH CREAM,1,5/6/2011 11:36,4.15,17841.0,United Kingdom
538508,22621,TRADITIONAL KNITTING NANCY,4,12/12/2010 13:32,1.45,15998.0,United Kingdom
567473,21934,SKULL SHOULDER BAG,1,9/20/2011 12:50,1.65,17841.0,United Kingdom
578941,M,Manual,14,11/27/2011 13:26,0.21,16024.0,United Kingdom
557577,21781,MA CAMPAGNE CUTLERY BOX,1,6/21/2011 11:02,14.95,14606.0,United Kingdom
549153,84992,72 SWEETHEART FAIRY CAKE CASES,24,4/6/2011 15:47,0.55,13771.0,United Kingdom
556509,23243,SET OF TEA COFFEE SUGAR TINS PANTRY,4,6/13/2011 10:33,4.95,12708.0,Germany
565151,85066,CREAM SWEETHEART MINI CHEST,2,9/1/2011 14:29,12.75,16923.0,United Kingdom
549916,22423,REGENCY CAKESTAND 3 TIER,1,4/13/2011 9:39,12.75,13717.0,United Kingdom
556129,22560,TRADITIONAL MODELLING CLAY,24,6/9/2011 10:46,1.25,14060.0,United Kingdom
579196,51014A,"FEATHER PEN,HOT PINK",31,11/28/2011 15:54,0.83,14096.0,United Kingdom
566720,22794,SWEETHEART WIRE MAGAZINE RACK,2,9/14/2011 12:42,7.95,13634.0,United Kingdom
562143,22121,NOEL WOODEN BLOCK LETTERS ,12,8/3/2011 10:41,5.45,16422.0,United Kingdom
567164,23131,MISTLETOE HEART WREATH CREAM,1,9/18/2011 11:51,4.15,14487.0,United Kingdom
578036,20978,36 PENCILS TUBE SKULLS,2,11/22/2011 14:04,1.25,16474.0,United Kingdom
575183,22189,CREAM HEART CARD HOLDER,4,11/9/2011 8:36,3.95,13046.0,United Kingdom
556510,79321,CHILLI LIGHTS,4,6/13/2011 10:36,5.75,14911.0,EIRE
571275,22295,HEART FILIGREE DOVE LARGE,12,10/16/2011 12:28,1.65,15994.0,United Kingdom
566774,22942,CHRISTMAS LIGHTS 10 SANTAS ,4,9/15/2011 9:44,8.5,12921.0,United Kingdom
573361,20974,12 PENCILS SMALL TUBE SKULL,2,10/30/2011 12:53,0.65,14456.0,United Kingdom
548896,15044D,RED PAPER PARASOL,6,4/4/2011 16:21,2.95,13767.0,United Kingdom
543828,20794,BLUE  TILE HOOK,12,2/14/2011 9:45,2.55,14156.0,EIRE
578935,20970,PINK FLORAL FELTCRAFT SHOULDER BAG,3,11/27/2011 12:52,3.75,15351.0,United Kingdom
540689,21733,RED HANGING HEART T-LIGHT HOLDER,860,1/11/2011 8:43,3.24,17450.0,United Kingdom
548461,22939,APRON APPLE DELIGHT,1,3/31/2011 12:08,4.95,14527.0,United Kingdom
544462,84380,SET OF 3 BUTTERFLY COOKIE CUTTERS,2,2/20/2011 14:21,1.25,17050.0,United Kingdom
578687,23433,HANGING QUILTED PATCHWORK APPLES,12,11/25/2011 9:23,0.83,14703.0,United Kingdom
564145,22297,HEART IVORY TRELLIS SMALL,24,8/23/2011 12:18,1.25,14329.0,United Kingdom
552288,23202,JUMBO BAG VINTAGE LEAF,10,5/8/2011 13:20,2.08,13313.0,United Kingdom
C579877,23113,PANTRY CHOPPING BOARD,-1,11/30/2011 17:07,4.95,16240.0,United Kingdom
C539956,35004C,SET OF 3 COLOURED  FLYING DUCKS,-15,12/23/2010 12:55,4.65,12980.0,United Kingdom
575959,22077,6 RIBBONS RUSTIC CHARM,6,11/13/2011 12:27,1.95,14547.0,United Kingdom
554059,84945,MULTI COLOUR SILVER T-LIGHT HOLDER,12,5/20/2011 16:25,0.85,14388.0,United Kingdom
580520,22960,JAM MAKING SET WITH JARS,1,12/4/2011 14:55,4.25,13521.0,United Kingdom
577321,21892,TRADITIONAL WOODEN CATCH CUP GAME ,2,11/18/2011 13:44,1.25,15311.0,United Kingdom
574529,23194,GYMKHANA TREASURE BOOK BOX,2,11/4/2011 14:06,2.25,17233.0,United Kingdom
573551,84029G,KNITTED UNION FLAG HOT WATER BOTTLE,4,10/31/2011 13:35,4.25,15044.0,United Kingdom
537892,21156,RETROSPOT CHILDRENS APRON,8,12/9/2010 10:13,1.95,12481.0,Germany
561631,22189,CREAM HEART CARD HOLDER,4,7/28/2011 14:27,3.95,14911.0,EIRE
539933,82613B,"METAL SIGN,CUPCAKE SINGLE HOOK",8,12/23/2010 11:24,1.25,15235.0,United Kingdom
569897,82483,WOOD 2 DRAWER CABINET WHITE FINISH,1,10/6/2011 16:01,6.95,17813.0,United Kingdom
576589,22577,WOODEN HEART CHRISTMAS SCANDINAVIAN,24,11/15/2011 14:29,0.29,17659.0,United Kingdom
545683,85123A,WHITE HANGING HEART T-LIGHT HOLDER,4,3/6/2011 11:50,2.95,14903.0,United Kingdom
580727,23284,DOORMAT KEEP CALM AND COME IN,1,12/5/2011 17:17,16.63,14096.0,United Kingdom
566291,85152,HAND OVER THE CHOCOLATE   SIGN ,1,9/11/2011 15:31,2.1,12965.0,United Kingdom
571629,22768,FAMILY PHOTO FRAME CORNICE,2,10/18/2011 11:18,9.95,13362.0,United Kingdom
566913,84692,BOX OF 24 COCKTAIL PARASOLS,25,9/15/2011 14:07,0.42,17602.0,United Kingdom
560305,23169,CLASSIC GLASS COOKIE JAR,1,7/18/2011 10:49,4.15,16511.0,United Kingdom
579881,35599B,BLACK CHRISTMAS TREE 120CM,12,11/30/2011 17:22,1.95,12429.0,Denmark
574536,23168,CLASSIC CAFE SUGAR DISPENSER,6,11/4/2011 14:35,1.25,15707.0,United Kingdom
566249,22780,LIGHT GARLAND BUTTERFILES PINK,1,9/11/2011 12:09,4.25,13527.0,United Kingdom
543542,22046,TEA PARTY  WRAPPING PAPER ,25,2/9/2011 15:25,0.42,16607.0,United Kingdom
577609,22423,REGENCY CAKESTAND 3 TIER,1,11/21/2011 9:51,12.75,12349.0,Italy
572121,23371,SET 36 COLOUR PENCILS SPACEBOY ,6,10/20/2011 19:51,1.25,17092.0,United Kingdom
573377,22195,LARGE HEART MEASURING SPOONS,2,10/30/2011 13:51,1.65,14653.0,United Kingdom
539226,21791,VINTAGE HEADS AND TAILS CARD GAME ,12,12/16/2010 13:05,1.25,14309.0,United Kingdom
556288,22817,CARD SUKI BIRTHDAY,12,6/10/2011 9:23,0.42,13426.0,United Kingdom
570700,22697,GREEN REGENCY TEACUP AND SAUCER,6,10/12/2011 9:29,2.95,14156.0,EIRE
574544,22028,PENNY FARTHING BIRTHDAY CARD,12,11/4/2011 14:49,0.42,17084.0,United Kingdom
561223,21259,VICTORIAN SEWING BOX SMALL ,2,7/26/2011 9:51,5.95,15358.0,United Kingdom
569668,23410,CURIO CABINET LINEN AND LACE ,6,10/5/2011 13:47,8.15,16040.0,United Kingdom
571676,85032A,ROMANTIC IMAGES GIFT WRAP SET,1,10/18/2011 13:29,0.65,16910.0,United Kingdom
560209,22956,36 FOIL HEART CAKE CASES,2,7/15/2011 14:05,2.1,15004.0,United Kingdom
572617,23534,WALL ART STOP FOR TEA ,3,10/25/2011 11:52,5.95,18272.0,United Kingdom
577082,22909,SET OF 20 VINTAGE CHRISTMAS NAPKINS,12,11/17/2011 15:31,0.85,15811.0,United Kingdom
557801,23308,SET OF 60 VINTAGE LEAF CAKE CASES ,24,6/23/2011 10:14,0.55,13319.0,United Kingdom
570847,84945,MULTI COLOUR SILVER T-LIGHT HOLDER,12,10/12/2011 14:42,0.85,17737.0,United Kingdom
555383,21424,WOODLAND STORAGE BOX LARGE ,2,6/2/2011 15:13,2.95,12517.0,Germany
542098,21915,RED  HARMONICA IN BOX ,12,1/25/2011 13:04,1.25,16531.0,United Kingdom
563680,23326,HANGING MINI COLOURED BOTTLES,48,8/18/2011 12:06,0.63,18272.0,United Kingdom
576172,22197,POPCORN HOLDER,100,11/14/2011 11:00,0.72,15482.0,United Kingdom
547412,22537,MAGIC DRAWING SLATE DINOSAUR,24,3/23/2011 9:42,0.42,12399.0,Belgium
545681,22138,BAKING SET 9 PIECE RETROSPOT ,2,3/6/2011 11:28,4.95,16923.0,United Kingdom
551159,23126,FELTCRAFT GIRL AMELIE KIT,4,4/26/2011 15:02,4.95,16203.0,United Kingdom
539036,10135,COLOURING PENCILS BROWN TUBE,20,12/15/2010 14:35,0.42,14913.0,United Kingdom
578846,22546,MINI JIGSAW PURDEY,6,11/25/2011 17:27,0.42,17757.0,United Kingdom
581345,47566,PARTY BUNTING,5,12/8/2011 12:15,4.95,17315.0,United Kingdom
567854,22489,PACK OF 12 TRADITIONAL CRAYONS,24,9/22/2011 13:37,0.42,14038.0,United Kingdom
569491,23283,DOORMAT VINTAGE LEAF,2,10/4/2011 13:25,8.25,14056.0,United Kingdom
553732,23172,REGENCY TEA PLATE PINK,12,5/19/2011 8:27,1.65,12481.0,Germany
573904,23509,MINI PLAYING CARDS FUN FAIR ,1,11/1/2011 14:54,0.42,14505.0,United Kingdom
564531,21576,LETS GO SHOPPING COTTON TOTE BAG,6,8/25/2011 15:04,2.25,12624.0,France
551518,22729,ALARM CLOCK BAKELIKE ORANGE,1,5/1/2011 11:36,3.75,15708.0,United Kingdom
542152,22189,CREAM HEART CARD HOLDER,4,1/26/2011 10:33,3.95,13534.0,United Kingdom
543282,22168,ORGANISER WOOD ANTIQUE WHITE ,1,2/6/2011 16:08,8.5,12956.0,United Kingdom
C570996,23376,PACK OF 12 VINTAGE CHRISTMAS TISSUE,-24,10/13/2011 12:02,0.39,14849.0,United Kingdom
564710,22961,JAM MAKING SET PRINTED,24,8/28/2011 10:21,1.45,15625.0,United Kingdom
580025,21328,BALLOONS  WRITING SET ,1,12/1/2011 11:53,1.65,15021.0,United Kingdom
575919,22685,FRENCH BLUE METAL DOOR SIGN 0,8,11/11/2011 17:00,1.25,15311.0,United Kingdom
575753,22419,LIPSTICK PEN RED,4,11/11/2011 10:41,0.42,17841.0,United Kingdom
559804,22030,SWALLOWS GREETING CARD,12,7/12/2011 14:17,0.42,17405.0,United Kingdom
561876,23301,GARDENERS KNEELING PAD KEEP CALM ,6,7/31/2011 12:08,1.65,14472.0,United Kingdom
539250,84819,DANISH ROSE ROUND SEWING BOX,16,12/16/2010 13:44,0.85,15157.0,United Kingdom
C575224,23582,VINTAGE DOILY JUMBO BAG RED ,-100,11/9/2011 11:41,1.79,17511.0,United Kingdom
546365,22331,WOODLAND PARTY BAG + STICKER SET,8,3/11/2011 11:35,1.65,12520.0,Germany
561917,21054,NURSE'S BAG SOFT TOY,1,8/1/2011 11:57,8.95,16904.0,United Kingdom
581433,22697,GREEN REGENCY TEACUP AND SAUCER,6,12/8/2011 15:54,2.95,14911.0,EIRE
546528,20725,LUNCH BAG RED RETROSPOT,100,3/14/2011 13:04,1.45,15311.0,United Kingdom
550352,22796,PHOTO FRAME 3 CLASSIC HANGING,1,4/18/2011 10:21,9.95,16719.0,United Kingdom
552446,22729,ALARM CLOCK BAKELIKE ORANGE,4,5/9/2011 13:28,3.75,16729.0,United Kingdom
552293,21977,PACK OF 60 PINK PAISLEY CAKE CASES,24,5/8/2011 14:05,0.55,16232.0,United Kingdom
564330,22189,CREAM HEART CARD HOLDER,6,8/24/2011 13:57,3.95,13411.0,United Kingdom
563925,22950,36 DOILIES VINTAGE CHRISTMAS,2,8/21/2011 14:42,1.45,13610.0,United Kingdom
551556,23052,RECYCLED ACAPULCO MAT TURQUOISE,2,5/3/2011 10:30,8.25,14191.0,United Kingdom
548551,22662,LUNCH BAG DOLLY GIRL DESIGN,10,4/1/2011 8:56,1.65,14886.0,United Kingdom
566326,22746,POPPY'S PLAYHOUSE LIVINGROOM ,6,9/12/2011 12:11,2.1,16211.0,United Kingdom
570284,23203,JUMBO BAG VINTAGE DOILY ,3,10/10/2011 11:30,2.08,14419.0,United Kingdom
541602,22986,GINGHAM ROSE WRAP,25,1/19/2011 17:17,0.42,17231.0,United Kingdom
542090,22726,ALARM CLOCK BAKELIKE GREEN,10,1/25/2011 12:39,3.75,15518.0,United Kingdom
548987,21671,RED SPOT CERAMIC DRAWER KNOB,6,4/5/2011 12:50,1.25,14535.0,United Kingdom
574672,23192,BUNDLE OF 3 ALPHABET EXERCISE BOOKS,1,11/6/2011 12:25,1.65,13532.0,United Kingdom
554561,23175,REGENCY MILK JUG PINK ,6,5/25/2011 10:35,3.25,13317.0,United Kingdom
544398,22637,PIGGY BANK RETROSPOT ,1,2/18/2011 12:27,2.55,15311.0,United Kingdom
554788,23064,CINDERELLA CHANDELIER ,1,5/26/2011 12:00,49.95,12987.0,United Kingdom
570237,23393,HOME SWEET HOME CUSHION COVER ,1,10/9/2011 14:48,3.75,13212.0,United Kingdom
551414,84946,ANTIQUE SILVER T-LIGHT GLASS,12,4/28/2011 13:35,1.25,15622.0,United Kingdom
546774,21209,MULTICOLOUR HONEYCOMB FAN,4,3/16/2011 15:45,1.65,14505.0,United Kingdom
547938,22699,ROSES REGENCY TEACUP AND SAUCER ,6,3/28/2011 14:33,2.95,13901.0,United Kingdom
562210,84988,SET OF 72 PINK HEART PAPER DOILIES,12,8/3/2011 13:10,1.45,13486.0,United Kingdom
551400,23204,CHARLOTTE BAG APPLES DESIGN,20,4/28/2011 13:18,0.85,17160.0,United Kingdom
574326,22609,PENS ASSORTED SPACEBALL,36,11/4/2011 8:29,0.19,14913.0,United Kingdom
550437,22699,ROSES REGENCY TEACUP AND SAUCER ,6,4/18/2011 12:14,2.95,16923.0,United Kingdom
546682,22424,ENAMEL BREAD BIN CREAM,1,3/16/2011 8:31,12.75,12994.0,United Kingdom
558765,22638,SET OF 4 NAPKIN CHARMS CROWNS ,1,7/3/2011 13:12,2.55,17312.0,United Kingdom
567818,23322,LARGE WHITE HEART OF WICKER,3,9/22/2011 12:41,2.95,14395.0,United Kingdom
553490,21030,SPACE CADET RED,10,5/17/2011 12:44,1.25,13309.0,United Kingdom
552239,23283,DOORMAT VINTAGE LEAVES DESIGN ,1,5/6/2011 16:54,7.95,14056.0,United Kingdom
548711,47591D,PINK FAIRY CAKE CHILDRENS APRON,1,4/3/2011 14:24,1.95,18116.0,United Kingdom
570798,POST,POSTAGE,2,10/12/2011 12:30,18.0,12679.0,France
580613,23438, RED SPOT GIFT BAG LARGE,12,12/5/2011 12:03,1.25,14759.0,United Kingdom
580193,23344,JUMBO BAG 50'S CHRISTMAS ,1,12/2/2011 12:03,2.08,16899.0,United Kingdom
C546903,20886,BOX OF 9 PEBBLE CANDLES,-6,3/17/2011 18:31,1.95,16217.0,United Kingdom
555477,23050,RECYCLED ACAPULCO MAT GREEN,2,6/3/2011 12:26,8.25,12359.0,Cyprus
545571,22321,BIRD DECORATION RED RETROSPOT,12,3/3/2011 16:34,0.85,17700.0,United Kingdom
546133,22179,SET 10 LIGHTS NIGHT OWL,2,3/9/2011 15:20,6.75,14291.0,United Kingdom
553014,21901,"KEY FOB , BACK DOOR ",7,5/12/2011 18:49,0.65,13451.0,United Kingdom
576609,22181,SNOWSTORM PHOTO FRAME FRIDGE MAGNET,8,11/15/2011 16:08,0.85,15556.0,United Kingdom
573151,72741,GRAND CHOCOLATECANDLE,9,10/27/2011 20:09,1.45,17602.0,United Kingdom
553412,22841,ROUND CAKE TIN VINTAGE GREEN,2,5/17/2011 9:40,7.95,14344.0,United Kingdom
579103,21872,GLAMOROUS  MUG,1,11/28/2011 11:39,1.25,18041.0,United Kingdom
570458,22736,RIBBON REEL MAKING SNOWMEN ,5,10/10/2011 15:39,1.65,14535.0,United Kingdom
573411,22382,LUNCH BAG SPACEBOY DESIGN ,10,10/30/2011 16:10,1.65,13870.0,United Kingdom
557759,23173,REGENCY TEAPOT ROSES ,2,6/22/2011 13:52,9.95,14156.0,EIRE
565471,23306,SET OF 36 DOILIES PANTRY DESIGN,12,9/5/2011 10:12,1.45,13931.0,United Kingdom
544944,84997B,CHILDRENS CUTLERY RETROSPOT RED ,5,2/25/2011 10:46,4.15,14541.0,United Kingdom
558992,82552,WASHROOM METAL SIGN,12,7/5/2011 11:36,1.45,14223.0,United Kingdom
572741,22191,IVORY DINER WALL CLOCK,2,10/25/2011 15:47,8.5,14341.0,United Kingdom
569132,23117,POPPY FIELDS CHOPPING BOARD,1,9/30/2011 13:54,4.95,17757.0,United Kingdom
569207,23321,SMALL WHITE HEART OF WICKER,9,10/2/2011 11:04,1.65,17811.0,United Kingdom
578016,22469,HEART OF WICKER SMALL,2,11/22/2011 13:02,1.65,14506.0,United Kingdom
550159,21870,I CAN ONLY PLEASE ONE PERSON MUG,12,4/14/2011 15:46,1.25,14062.0,United Kingdom
558765,21693,SMALL HAMMERED SILVER CANDLEPOT ,6,7/3/2011 13:12,2.95,17312.0,United Kingdom
C563363,23155,KNICKERBOCKERGLORY MAGNET ASSORTED ,-1,8/15/2011 16:20,0.83,15342.0,United Kingdom
572106,23101,SILVER STARS TABLE DECORATION,3,10/20/2011 17:04,0.83,15058.0,United Kingdom
571296,22041,"RECORD FRAME 7"" SINGLE SIZE ",2,10/16/2011 16:13,2.55,13760.0,United Kingdom
580956,20971,PINK BLUE FELT CRAFT TRINKET BOX,1,12/6/2011 14:23,1.25,17841.0,United Kingdom
566634,85152,HAND OVER THE CHOCOLATE   SIGN ,48,9/14/2011 10:42,1.85,13183.0,United Kingdom
577308,22423,REGENCY CAKESTAND 3 TIER,2,11/18/2011 13:14,12.75,15088.0,United Kingdom
C567891,82483,WOOD 2 DRAWER CABINET WHITE FINISH,-1,9/22/2011 15:50,6.95,15296.0,United Kingdom
537624,22026,BANQUET BIRTHDAY  CARD  ,12,12/7/2010 14:41,0.42,12748.0,United Kingdom
575760,20983,12 PENCILS TALL TUBE RED RETROSPOT,2,11/11/2011 10:50,0.85,15965.0,United Kingdom
551893,22722,SET OF 6 SPICE TINS PANTRY DESIGN,4,5/5/2011 10:07,3.95,17675.0,United Kingdom
581027,21931,JUMBO STORAGE BAG SUKI,10,12/7/2011 10:43,2.08,17091.0,United Kingdom
560896,47566B,TEA TIME PARTY BUNTING,4,7/21/2011 17:26,4.95,15623.0,United Kingdom
547850,35971,ROSE FOLKART HEART DECORATIONS,2,3/27/2011 12:06,1.25,14472.0,United Kingdom
575334,23351,ROLL WRAP 50'S CHRISTMAS,12,11/9/2011 13:54,1.25,14493.0,United Kingdom
581376,22554,PLASTERS IN TIN WOODLAND ANIMALS,6,12/8/2011 12:43,1.65,14719.0,United Kingdom
536605,22274,FELTCRAFT DOLL EMILY,6,12/2/2010 8:52,2.95,13715.0,United Kingdom
550626,85132C,CHARLIE AND LOLA FIGURES TINS,2,4/19/2011 14:23,1.95,13184.0,United Kingdom
550911,20749,ASSORTED COLOUR MINI CASES,2,4/21/2011 13:11,7.95,12354.0,Spain
566290,23344,JUMBO BAG 50'S CHRISTMAS ,1,9/11/2011 15:24,2.08,14456.0,United Kingdom
571934,23451,SQUARE MINI PORTRAIT FRAME,6,10/20/2011 8:21,1.95,16170.0,United Kingdom
577748,21137,BLACK RECORD COVER FRAME,20,11/21/2011 14:24,3.75,15159.0,United Kingdom
558539,23173,REGENCY TEAPOT ROSES ,2,6/30/2011 12:14,9.95,16556.0,United Kingdom
543281,21683,MEDIUM MEDINA STAMPED METAL BOWL ,1,2/6/2011 15:34,2.95,14606.0,United Kingdom
578354,23208,LUNCH BAG VINTAGE LEAF DESIGN,10,11/24/2011 10:12,1.65,17139.0,United Kingdom
571824,20723,STRAWBERRY CHARLOTTE BAG,10,10/19/2011 11:49,0.85,12472.0,Germany
549299,21204,DAISIES  HONEYCOMB GARLAND ,12,4/8/2011 8:20,1.65,13995.0,United Kingdom
552180,22951,60 CAKE CASES DOLLY GIRL DESIGN,24,5/6/2011 13:35,0.55,18235.0,United Kingdom
546028,21212,PACK OF 72 RETROSPOT CAKE CASES,24,3/9/2011 8:33,0.55,17049.0,United Kingdom
555133,20981,12 PENCILS TALL TUBE WOODLAND,12,5/31/2011 15:32,0.85,16810.0,United Kingdom
551961,22906,12 MESSAGE CARDS WITH ENVELOPES,12,5/5/2011 12:39,1.65,13883.0,United Kingdom
579001,22296,HEART IVORY TRELLIS LARGE,2,11/27/2011 16:19,1.65,15555.0,United Kingdom
C570290,21232,STRAWBERRY CERAMIC TRINKET BOX,-12,10/10/2011 11:54,1.25,14665.0,United Kingdom
563209,22227,HANGING HEART MIRROR DECORATION ,6,8/14/2011 12:23,0.65,13527.0,United Kingdom
536569,21591,COSY HOUR CIGAR BOX MATCHES ,2,12/1/2010 15:35,1.25,16274.0,United Kingdom
556961,85152,HAND OVER THE CHOCOLATE   SIGN ,288,6/16/2011 9:34,1.85,16276.0,United Kingdom
564482,90030B,RED KUKUI COCONUT SEED NECKLACE,6,8/25/2011 13:40,1.0,13149.0,United Kingdom
558814,20726,LUNCH BAG WOODLAND,10,7/4/2011 11:47,1.65,14049.0,United Kingdom
549732,22670,FRENCH WC SIGN BLUE METAL,12,4/11/2011 16:47,1.25,15615.0,United Kingdom
559814,20725,LUNCH BAG RED RETROSPOT,10,7/12/2011 15:49,1.65,15544.0,United Kingdom
555284,20867,PINK ROSE FABRIC MIRROR,12,6/2/2011 9:37,1.06,14298.0,United Kingdom
566081,23394,POSTE FRANCE CUSHION COVER,4,9/9/2011 10:09,3.75,16293.0,United Kingdom
572903,21811,HANGING HEART WITH BELL,6,10/26/2011 15:17,0.39,17974.0,United Kingdom
553484,85123A,WHITE HANGING HEART T-LIGHT HOLDER,32,5/17/2011 12:21,2.55,14513.0,United Kingdom
543164,22789,T-LIGHT HOLDER SWEETHEART HANGING,4,2/3/2011 19:32,1.95,13208.0,United Kingdom
574670,21899,GARAGE KEY FOB,1,11/6/2011 12:20,0.65,12838.0,United Kingdom
548218,21918,SET 12 KIDS COLOUR  CHALK STICKS,24,3/30/2011 9:36,0.42,13999.0,United Kingdom
556419,22668,PINK BABY BUNTING,5,6/10/2011 12:30,2.95,15411.0,United Kingdom
578041,71477,COLOURED GLASS STAR T-LIGHT HOLDER,2,11/22/2011 14:23,3.95,17338.0,United Kingdom
563739,21179,NO JUNK MAIL METAL SIGN,1,8/18/2011 20:05,0.39,17750.0,United Kingdom
572913,22869,NUMBER TILE COTTAGE GARDEN 1,1,10/26/2011 16:21,1.95,15993.0,United Kingdom
561773,23203,JUMBO BAG DOILEY PATTERNS,1,7/29/2011 12:41,2.08,17841.0,United Kingdom
558063,21358,TOAST ITS - HAPPY BIRTHDAY,6,6/24/2011 15:28,1.25,16395.0,United Kingdom
540498,82494L,WOODEN FRAME ANTIQUE WHITE ,12,1/9/2011 10:06,2.95,17243.0,United Kingdom
576876,21820,GLITTER HEART GARLAND WITH BELLS ,1,11/16/2011 16:42,3.75,16804.0,United Kingdom
545062,22781,GUMBALL MAGAZINE RACK,1,2/27/2011 14:07,7.65,12748.0,United Kingdom
545637,22436,12 COLOURED PARTY BALLOONS,10,3/4/2011 12:16,0.65,15514.0,United Kingdom
545186,47591D,PINK FAIRY CAKE CHILDRENS APRON,2,2/28/2011 15:05,1.95,17841.0,United Kingdom
C570867,22619,SET OF 6 SOLDIER SKITTLES,-4,10/12/2011 16:17,3.75,12607.0,USA
552829,22393,PAPERWEIGHT VINTAGE COLLAGE,2,5/11/2011 13:42,2.55,12748.0,United Kingdom
539579,22111,SCOTTIE DOG HOT WATER BOTTLE,3,12/20/2010 12:51,4.95,16713.0,United Kingdom
562433,85099B,JUMBO BAG RED RETROSPOT,100,8/4/2011 17:40,1.79,17677.0,United Kingdom
542275,21390,FILIGRIS HEART WITH BUTTERFLY,24,1/27/2011 10:18,1.25,13089.0,United Kingdom
572913,22941,CHRISTMAS LIGHTS 10 REINDEER,3,10/26/2011 16:21,8.5,15993.0,United Kingdom
574353,23198,PANTRY MAGNETIC  SHOPPING LIST,12,11/4/2011 10:46,1.45,14659.0,United Kingdom
562652,22112,CHOCOLATE HOT WATER BOTTLE,3,8/8/2011 13:34,4.95,14844.0,United Kingdom
540021,20716,PARTY FOOD SHOPPER BAG,1,1/4/2011 12:51,1.25,17841.0,United Kingdom
549016,22699,ROSES REGENCY TEACUP AND SAUCER ,6,4/5/2011 15:20,2.95,16696.0,United Kingdom
545545,23004,TRAVEL CARD WALLET PANTRY,2,3/3/2011 15:02,0.42,17841.0,United Kingdom
569483,22086,PAPER CHAIN KIT 50'S CHRISTMAS ,12,10/4/2011 12:45,2.95,14057.0,United Kingdom
547871,22560,TRADITIONAL MODELLING CLAY,3,3/27/2011 14:28,1.25,16931.0,United Kingdom
C549666,21166,COOK WITH WINE METAL SIGN ,-1,4/11/2011 12:17,2.08,13113.0,United Kingdom
570482,20728,LUNCH BAG CARS BLUE,2,10/10/2011 17:00,1.65,17459.0,United Kingdom
565994,84969,BOX OF 6 ASSORTED COLOUR TEASPOONS,1,9/8/2011 11:46,4.25,13244.0,United Kingdom
538665,85169A,IVORY LOVE BIRD CANDLE,24,12/13/2010 15:56,0.42,17576.0,United Kingdom
541485,22956,36 FOIL HEART CAKE CASES,1,1/18/2011 13:05,2.1,18118.0,United Kingdom
550447,21326,AGED GLASS SILVER T-LIGHT HOLDER,12,4/18/2011 12:36,0.65,16033.0,United Kingdom
565312,22907,PACK OF 20 NAPKINS PANTRY DESIGN,4,9/2/2011 12:37,0.85,14527.0,United Kingdom
564342,23185,FRENCH STYLE STORAGE JAR JAM,6,8/24/2011 14:53,0.29,16340.0,United Kingdom
547729,16156S,WRAP PINK FAIRY CAKES ,25,3/25/2011 10:52,0.42,15529.0,United Kingdom
548192,85200,BUNNY EGG BOX,6,3/29/2011 15:22,1.25,17364.0,United Kingdom
544368,21720,CAKE SHOP  STICKER SHEET,6,2/18/2011 11:27,0.85,14057.0,United Kingdom
554275,82482,WOODEN PICTURE FRAME WHITE FINISH,2,5/23/2011 13:17,2.55,14903.0,United Kingdom
568895,23199,JUMBO BAG APPLES,4,9/29/2011 13:11,2.08,15356.0,United Kingdom
562616,23550,WRAP ALPHABET POSTER  ,25,8/8/2011 12:28,0.42,14748.0,United Kingdom
580982,23311,VINTAGE CHRISTMAS STOCKING ,2,12/6/2011 16:21,2.55,17861.0,United Kingdom
567856,23205,CHARLOTTE BAG VINTAGE ALPHABET ,10,9/22/2011 13:44,0.85,14077.0,United Kingdom
554842,22514,CHILDS GARDEN SPADE BLUE,6,5/26/2011 18:17,2.1,14740.0,United Kingdom
551715,23049,RECYCLED ACAPULCO MAT RED,2,5/3/2011 15:23,8.25,13102.0,United Kingdom
557484,22055,MINI CAKE STAND  HANGING STRAWBERY,1,6/20/2011 14:36,1.65,14796.0,United Kingdom
570241,90183A,AMBER DROP EARRINGS W LONG BEADS,1,10/9/2011 15:24,2.95,14801.0,United Kingdom
558101,23091,ZINC HERB GARDEN CONTAINER,5,6/26/2011 13:56,6.25,18112.0,United Kingdom
544724,21407,BROWN CHECK CAT DOORSTOP ,6,2/23/2011 10:46,4.25,15605.0,United Kingdom
566818,23188,VINTAGE  2 METER FOLDING RULER,24,9/15/2011 11:20,1.65,13104.0,United Kingdom
580613,21524,DOORMAT SPOTTY HOME SWEET HOME,2,12/5/2011 12:03,8.25,14759.0,United Kingdom
536742,22470,HEART OF WICKER LARGE,1,12/2/2010 13:14,2.95,16916.0,United Kingdom
541844,22380,TOY TIDY SPACEBOY  ,2,1/23/2011 12:19,2.1,16931.0,United Kingdom
563112,22489,PACK OF 12 TRADITIONAL CRAYONS,24,8/12/2011 11:09,0.42,14849.0,United Kingdom
574663,22669,RED BABY BUNTING ,5,11/6/2011 12:04,2.95,13527.0,United Kingdom
570841,23206,LUNCH BAG APPLE DESIGN,10,10/12/2011 14:18,1.65,12553.0,France
540023,22951,60 CAKE CASES DOLLY GIRL DESIGN,2,1/4/2011 12:58,0.55,15039.0,United Kingdom
556041,47566,PARTY BUNTING,1,6/8/2011 12:44,4.95,17954.0,United Kingdom
572703,20766,GARDEN PATH SKETCHBOOK,2,10/25/2011 14:35,3.75,16110.0,United Kingdom
577743,23188,VINTAGE  2 METRE FOLDING RULER,4,11/21/2011 13:44,1.65,17006.0,United Kingdom
563911,22847,BREAD BIN DINER STYLE IVORY,3,8/21/2011 12:39,16.95,16265.0,United Kingdom
574958,22195,LARGE HEART MEASURING SPOONS,12,11/8/2011 10:00,1.65,14050.0,United Kingdom
551727,21627,ELEPHANT CARNIVAL POUFFE,1,5/4/2011 8:40,14.95,14245.0,United Kingdom
545312,84755,COLOUR GLASS T-LIGHT HOLDER HANGING,8,3/1/2011 13:51,0.65,15456.0,United Kingdom
562460,22467,GUMBALL COAT RACK,5,8/5/2011 11:19,2.55,17841.0,United Kingdom
550838,21908,CHOCOLATE THIS WAY METAL SIGN,2,4/21/2011 11:31,2.1,14577.0,United Kingdom
550129,22352,LUNCH BOX WITH CUTLERY RETROSPOT ,6,4/14/2011 13:17,2.55,13001.0,United Kingdom
537369,22411,JUMBO SHOPPER VINTAGE RED PAISLEY,1,12/6/2010 12:41,1.95,17860.0,United Kingdom
546843,23000,TRAVEL CARD WALLET TRANSPORT,24,3/17/2011 12:40,0.42,12472.0,Germany
538346,22389,PAPERWEIGHT SAVE THE PLANET,6,12/10/2010 14:53,2.55,17865.0,United Kingdom
556283,84978,HANGING HEART JAR T-LIGHT HOLDER,12,6/10/2011 8:50,1.25,15628.0,United Kingdom
580956,23241,TREASURE TIN GYMKHANA DESIGN,2,12/6/2011 14:23,2.08,17841.0,United Kingdom
576779,23569,TRADTIONAL ALPHABET STAMP SET,3,11/16/2011 13:25,4.95,14554.0,United Kingdom
569523,22835,HOT WATER BOTTLE I AM SO POORLY,1,10/4/2011 14:41,4.95,16033.0,United Kingdom
578719,22659,LUNCH BOX I LOVE LONDON,1,11/25/2011 11:25,1.95,17348.0,United Kingdom
541414,22851,SET 20 NAPKINS FAIRY CAKES DESIGN ,3,1/17/2011 16:14,0.85,18212.0,United Kingdom
552961,22708,WRAP DOLLY GIRL,25,5/12/2011 12:54,0.42,15489.0,United Kingdom
538687,22423,REGENCY CAKESTAND 3 TIER,16,12/14/2010 9:50,10.95,13324.0,United Kingdom
571054,10135,COLOURING PENCILS BROWN TUBE,1,10/13/2011 13:58,1.25,14234.0,United Kingdom
571942,21408,SPOTTY PINK DUCK DOORSTOP,3,10/20/2011 10:06,4.25,17434.0,United Kingdom
544933,22908,PACK OF 20 NAPKINS RED APPLES,12,2/25/2011 8:44,0.85,12633.0,Germany
547377,22261,FELT EGG COSY WHITE RABBIT ,12,3/22/2011 14:43,0.85,13050.0,United Kingdom
537222,22423,REGENCY CAKESTAND 3 TIER,1,12/5/2010 16:00,12.75,14404.0,United Kingdom
575689,23215,JINGLE BELL HEART ANTIQUE SILVER,12,11/10/2011 16:16,2.08,14829.0,United Kingdom
537405,21217,RED RETROSPOT ROUND CAKE TINS,1,12/6/2010 14:51,9.95,17841.0,United Kingdom
541972,37449,CERAMIC CAKE STAND + HANGING CAKES,2,1/24/2011 13:58,9.95,12935.0,United Kingdom
555264,M,Manual,1,6/1/2011 16:03,3.95,17757.0,United Kingdom
544800,21533,RETROSPOT LARGE MILK JUG,3,2/23/2011 13:45,4.95,15687.0,United Kingdom
565211,20996,JAZZ HEARTS ADDRESS BOOK,24,9/1/2011 17:14,0.19,16638.0,United Kingdom
555719,23050,RECYCLED ACAPULCO MAT GREEN,2,6/6/2011 15:31,8.25,12609.0,Germany
554365,22441,GROW YOUR OWN BASIL IN ENAMEL MUG,12,5/24/2011 10:22,2.1,13089.0,United Kingdom
570517,23209,LUNCH BAG VINTAGE DOILY ,20,10/11/2011 10:41,1.65,13971.0,United Kingdom
574342,22507,MEMO BOARD RETROSPOT  DESIGN,4,11/4/2011 10:10,4.95,13447.0,United Kingdom
547548,22505,MEMO BOARD COTTAGE DESIGN,1,3/23/2011 15:37,4.95,15644.0,United Kingdom
563940,22091,EMPIRE TISSUE BOX,36,8/22/2011 9:30,0.39,17416.0,United Kingdom
566039,20749,ASSORTED COLOUR MINI CASES,2,9/8/2011 13:38,7.95,14223.0,United Kingdom
536846,22794,SWEETHEART WIRE MAGAZINE RACK,2,12/2/2010 19:59,7.95,14573.0,United Kingdom
548909,37448,CERAMIC CAKE DESIGN SPOTTED MUG,48,4/5/2011 8:43,1.25,12779.0,Poland
542731,15039,SANDALWOOD FAN,10,1/31/2011 15:27,0.85,13600.0,United Kingdom
543989,22960,JAM MAKING SET WITH JARS,96,2/15/2011 9:52,3.75,12415.0,Australia
577167,21481,FAWN BLUE HOT WATER BOTTLE,2,11/18/2011 10:41,3.75,16511.0,United Kingdom
542277,22470,HEART OF WICKER LARGE,6,1/27/2011 10:30,2.95,14440.0,United Kingdom
572559,85049A,TRADITIONAL CHRISTMAS RIBBONS,12,10/25/2011 8:44,1.25,12476.0,Germany
571475,21790,VINTAGE SNAP CARDS,6,10/17/2011 14:42,0.85,15033.0,United Kingdom
555948,23093,SMALL PARISIENNE HEART PHOTO FRAME ,8,6/8/2011 10:49,2.49,13752.0,United Kingdom
556917,22629,SPACEBOY LUNCH BOX ,64,6/15/2011 13:37,1.65,12415.0,Australia
549120,21733,RED HANGING HEART T-LIGHT HOLDER,2,4/6/2011 13:28,2.95,14587.0,United Kingdom
577106,85175,CACTI T-LIGHT CANDLES,16,11/17/2011 17:18,0.42,14456.0,United Kingdom
548666,22824,3 TIER SWEETHEART GARDEN SHELF,1,4/1/2011 14:58,35.95,13124.0,United Kingdom
541965,22311,OFFICE MUG WARMER BLACK+SILVER ,6,1/24/2011 13:27,2.95,12625.0,Germany
544643,84378,SET OF 3 HEART COOKIE CUTTERS,12,2/22/2011 11:43,1.25,13038.0,United Kingdom
556905,20652,BLUE POLKADOT LUGGAGE TAG ,1,6/15/2011 13:05,1.25,16904.0,United Kingdom
568056,23236,STORAGE TIN VINTAGE DOILY ,12,9/23/2011 12:55,2.89,12705.0,Germany
567635,23209,LUNCH BAG VINTAGE DOILY ,20,9/21/2011 13:41,1.65,16523.0,United Kingdom
C541861,22796,PHOTO FRAME 3 CLASSIC HANGING,-2,1/23/2011 15:48,9.95,13742.0,United Kingdom
543279,84050,PINK HEART SHAPE EGG FRYING PAN,4,2/6/2011 14:46,1.65,17105.0,United Kingdom
550941,15044C,PURPLE PAPER PARASOL,1,4/21/2011 15:46,2.95,17109.0,United Kingdom
545235,21212,PACK OF 72 RETROSPOT CAKE CASES,24,3/1/2011 10:31,0.55,12683.0,France
545327,22722,SET OF 6 SPICE TINS PANTRY DESIGN,6,3/1/2011 15:16,3.95,13166.0,United Kingdom
C570828,90059D,DIAMANTE HAIR GRIP PACK/2 PERIDOT,-6,10/12/2011 13:15,1.65,14911.0,EIRE
540455,22331,WOODLAND PARTY BAG + STICKER SET,16,1/7/2011 12:07,1.65,12583.0,France
574547,21055,TOOL BOX SOFT TOY ,2,11/4/2011 15:08,8.95,17841.0,United Kingdom
557942,47599A,PINK PARTY BAGS,6,6/23/2011 16:02,2.1,13725.0,United Kingdom
569650,23206,LUNCH BAG APPLE DESIGN,100,10/5/2011 12:44,1.45,12415.0,Australia
538626,22086,PAPER CHAIN KIT 50'S CHRISTMAS ,4,12/13/2010 12:57,2.95,17338.0,United Kingdom
550477,21430,SET/3 RED GINGHAM ROSE STORAGE BOX,3,4/18/2011 14:01,3.75,17338.0,United Kingdom
562789,20719,WOODLAND CHARLOTTE BAG,200,8/9/2011 13:50,0.72,14646.0,Netherlands
551982,23283,DOORMAT VINTAGE LEAVES DESIGN ,1,5/5/2011 13:56,7.95,15023.0,United Kingdom
572870,23305,SET 4 PICNIC CUTLERY BLUEBERRY,24,10/26/2011 13:22,1.95,13408.0,United Kingdom
566450,22956,36 FOIL HEART CAKE CASES,8,9/12/2011 16:12,2.1,15673.0,United Kingdom
566203,22633,HAND WARMER UNION JACK,2,9/9/2011 14:47,2.1,16362.0,United Kingdom
577230,23309,SET OF 60 I LOVE LONDON CAKE CASES ,1,11/18/2011 12:08,0.55,18034.0,United Kingdom
570404,22560,TRADITIONAL MODELLING CLAY,1,10/10/2011 12:50,1.25,16395.0,United Kingdom
568872,22659,LUNCH BOX I LOVE LONDON,12,9/29/2011 12:12,1.95,12372.0,Denmark
564342,21650,ASSORTED TUTTI FRUTTI BRACELET,15,8/24/2011 14:53,0.19,16340.0,United Kingdom
568564,23083,SET 6 PAPER TABLE LANTERN STARS ,1,9/27/2011 17:03,3.75,17576.0,United Kingdom
576201,22563,HAPPY STENCIL CRAFT,1,11/14/2011 12:18,1.25,14606.0,United Kingdom
561685,20726,LUNCH BAG WOODLAND,10,7/28/2011 19:46,1.65,14315.0,United Kingdom
564065,23297,SET 40 HEART SHAPE PETIT FOUR CASES,16,8/22/2011 15:05,1.65,15150.0,United Kingdom
570674,22267,EASTER DECORATION EGG BUNNY ,24,10/11/2011 14:59,0.39,14911.0,EIRE
569219,84247E,PACK OF 12 CHRISTMAS FUN CARDS,1,10/2/2011 13:01,2.95,13558.0,United Kingdom
566560,22131,FOOD CONTAINER SET 3 LOVE HEART ,4,9/13/2011 12:09,1.95,17092.0,United Kingdom
538086,21908,CHOCOLATE THIS WAY METAL SIGN,1,12/9/2010 14:44,2.1,12872.0,United Kingdom
555648,21467,CHERRY CROCHET FOOD COVER,1,6/6/2011 13:46,3.75,14623.0,United Kingdom
564471,21086,SET/6 RED SPOTTY PAPER CUPS,24,8/25/2011 12:26,0.65,12583.0,France
579458,22865,HAND WARMER OWL DESIGN,1,11/29/2011 14:38,2.1,16549.0,United Kingdom
557891,22591,CARDHOLDER GINGHAM CHRISTMAS TREE,6,6/23/2011 14:05,3.25,17652.0,United Kingdom
577690,21484,CHICK GREY HOT WATER BOTTLE,5,11/21/2011 11:34,4.25,12856.0,United Kingdom
547845,22178,VICTORIAN GLASS HANGING T-LIGHT,36,3/27/2011 11:51,1.25,16434.0,United Kingdom
577160,22457,NATURAL SLATE HEART CHALKBOARD ,6,11/18/2011 10:05,2.95,16134.0,United Kingdom
565207,22384,LUNCH BAG PINK POLKADOT,3,9/1/2011 16:46,1.65,16764.0,United Kingdom
568069,22384,LUNCH BAG PINK POLKADOT,10,9/23/2011 14:05,1.65,13336.0,United Kingdom
577524,22155,STAR DECORATION RUSTIC,20,11/20/2011 13:33,0.42,16905.0,United Kingdom
574738,23583,LUNCH BAG PAISLEY PARK  ,3,11/6/2011 16:01,1.65,12748.0,United Kingdom
551566,47566,PARTY BUNTING,50,5/3/2011 11:11,4.15,13113.0,United Kingdom
568382,82494L,WOODEN FRAME ANTIQUE WHITE ,24,9/27/2011 9:33,2.55,13499.0,United Kingdom
547030,85049G,CHOCOLATE BOX RIBBONS ,12,3/20/2011 10:17,1.25,12948.0,United Kingdom
575049,22952,60 CAKE CASES VINTAGE CHRISTMAS,24,11/8/2011 12:13,0.55,12721.0,France
543449,22224,WHITE LOVEBIRD LANTERN,24,2/8/2011 12:12,2.95,16553.0,United Kingdom
564038,22328,ROUND SNACK BOXES SET OF 4 FRUITS ,6,8/22/2011 12:32,2.95,16555.0,United Kingdom
546366,85187,S/12 MINI RABBIT EASTER,1,3/11/2011 11:37,1.65,12748.0,United Kingdom
569923,22948,METAL DECORATION NAUGHTY CHILDREN ,24,10/6/2011 17:43,0.85,16184.0,United Kingdom
552247,21773,DECORATIVE ROSE BATHROOM BOTTLE,2,5/6/2011 19:48,1.25,12748.0,United Kingdom
547206,22284,HEN HOUSE DECORATION,2,3/21/2011 14:18,1.65,16791.0,United Kingdom
538361,21914,BLUE HARMONICA IN BOX ,3,12/10/2010 16:36,1.25,17757.0,United Kingdom
578479,23215,JINGLE BELL HEART ANTIQUE SILVER,12,11/24/2011 12:48,2.08,15858.0,United Kingdom
543527,22662,LUNCH BAG DOLLY GIRL DESIGN,10,2/9/2011 12:08,1.65,15970.0,United Kingdom
536857,22078,RIBBON REEL LACE DESIGN ,3,12/3/2010 10:33,2.1,16883.0,United Kingdom
573770,23382,BOX OF 6 CHRISTMAS CAKE DECORATIONS,4,11/1/2011 10:12,3.75,15214.0,United Kingdom
568047,22960,JAM MAKING SET WITH JARS,6,9/23/2011 12:27,4.25,15075.0,United Kingdom
574530,23481,PEARLISED IVORY HEART SMALL ,2,11/4/2011 14:07,1.25,16887.0,United Kingdom
542192,22964,3 PIECE SPACEBOY COOKIE CUTTER SET,1,1/26/2011 11:27,2.1,14049.0,United Kingdom
562912,85099C,JUMBO  BAG BAROQUE BLACK WHITE,3,8/10/2011 13:15,2.08,15311.0,United Kingdom
563940,23201,JUMBO BAG ALPHABET,10,8/22/2011 9:30,2.08,17416.0,United Kingdom
565921,22865,HAND WARMER OWL DESIGN,24,9/8/2011 9:13,2.1,13889.0,United Kingdom
540473,21094,SET/6 RED SPOTTY PAPER PLATES,6,1/7/2011 14:31,0.85,17284.0,United Kingdom
547651,82613D,METAL SIGN CUPCAKE SINGLE HOOK,1,3/24/2011 12:11,1.25,16904.0,United Kingdom
545232,85206A,CREAM FELT EASTER EGG BASKET,6,3/1/2011 10:19,1.65,15676.0,United Kingdom
548329,21169,YOU'RE CONFUSING ME METAL SIGN ,48,3/30/2011 13:14,1.45,16584.0,United Kingdom
562454,21790,VINTAGE SNAP CARDS,12,8/5/2011 10:31,0.85,15128.0,United Kingdom
572997,22580,ADVENT CALENDAR GINGHAM SACK,2,10/27/2011 11:24,5.95,17878.0,United Kingdom
573891,22352,LUNCH BOX WITH CUTLERY RETROSPOT ,12,11/1/2011 13:56,2.55,12682.0,France
550768,84406B,CREAM CUPID HEARTS COAT HANGER,1,4/20/2011 12:44,4.15,15039.0,United Kingdom
549126,21976,PACK OF 60 MUSHROOM CAKE CASES,1,4/6/2011 14:23,0.55,16031.0,United Kingdom
569894,23437, 50'S CHRISTMAS GIFT BAG LARGE,3,10/6/2011 15:53,1.25,15707.0,United Kingdom
577341,23310,BUBBLEGUM RING ASSORTED,36,11/18/2011 15:00,0.42,16279.0,United Kingdom
567183,16161P,WRAP ENGLISH ROSE ,25,9/18/2011 15:32,0.42,14769.0,United Kingdom
559928,21380,WOODEN HAPPY BIRTHDAY GARLAND,6,7/14/2011 8:52,2.95,12405.0,Finland
538917,21164,HOME SWEET HOME METAL SIGN ,2,12/15/2010 10:57,2.95,17449.0,United Kingdom
569406,21677,HEARTS  STICKERS,24,10/4/2011 9:09,0.85,16253.0,United Kingdom
572866,22065,CHRISTMAS PUDDING TRINKET POT ,10,10/26/2011 13:07,0.39,15005.0,United Kingdom
559864,21654,RIDGED GLASS FINGER BOWL,36,7/13/2011 10:38,0.39,14916.0,United Kingdom
561625,21530,DAIRY MAID TOASTRACK,18,7/28/2011 14:03,0.79,16843.0,United Kingdom
562807,22355,CHARLOTTE BAG SUKI DESIGN,10,8/9/2011 14:57,0.85,16053.0,United Kingdom
553863,21124,SET/10 BLUE POLKADOT PARTY CANDLES,4,5/19/2011 14:05,1.25,13418.0,United Kingdom
542372,21523,DOORMAT FANCY FONT HOME SWEET HOME,10,1/27/2011 13:37,6.75,13078.0,United Kingdom
551561,22569,FELTCRAFT CUSHION BUTTERFLY,4,5/3/2011 10:49,3.75,17422.0,United Kingdom
537399,20669,RED HEART LUGGAGE TAG,2,12/6/2010 14:31,1.25,13030.0,United Kingdom
568168,23131,MISTLETOE HEART WREATH CREAM,3,9/25/2011 12:46,4.15,15799.0,United Kingdom
547962,22464,HANGING METAL HEART LANTERN,12,3/28/2011 15:38,1.65,12957.0,United Kingdom
564439,22932,BAKING MOULD TOFFEE CUP CHOCOLATE,2,8/25/2011 12:12,2.55,12841.0,United Kingdom
550957,84991,60 TEATIME FAIRY CAKE CASES,2,4/21/2011 16:37,0.55,18283.0,United Kingdom
C564960,23035,DRAWER KNOB CERAMIC IVORY,-6,8/31/2011 14:24,1.45,14525.0,United Kingdom
577869,85130C,BEADED CRYSTAL HEART BLUE  LARGE,5,11/22/2011 11:34,0.79,13268.0,United Kingdom
563214,85049F,BABY BOOM RIBBONS ,3,8/14/2011 12:56,1.25,16370.0,United Kingdom
559984,23295,SET OF 12 MINI LOAF BAKING CASES,1,7/14/2011 11:45,0.83,16657.0,United Kingdom
553488,22846,BREAD BIN DINER STYLE RED ,1,5/17/2011 12:40,16.95,18043.0,United Kingdom
546107,84997D,CHILDRENS CUTLERY POLKADOT PINK,2,3/9/2011 12:33,4.15,17238.0,United Kingdom
574657,23241,TREASURE TIN GYMKHANA DESIGN,4,11/6/2011 11:43,2.08,13772.0,United Kingdom
565129,22666,RECIPE BOX PANTRY YELLOW DESIGN,2,9/1/2011 12:41,2.95,15719.0,United Kingdom
575583,23203,JUMBO BAG VINTAGE DOILY ,2,11/10/2011 11:55,2.08,14456.0,United Kingdom
540680,21672,WHITE SPOT RED CERAMIC DRAWER KNOB,12,1/10/2011 16:24,1.25,15311.0,United Kingdom
548450,22200,FRYING PAN PINK POLKADOT,1,3/31/2011 11:20,4.25,15856.0,United Kingdom
572065,22795,SWEETHEART RECIPE BOOK STAND,1,10/20/2011 13:06,6.75,12556.0,Spain
563543,21430,SET/3 RED GINGHAM ROSE STORAGE BOX,2,8/17/2011 12:06,3.75,15039.0,United Kingdom
553088,22457,NATURAL SLATE HEART CHALKBOARD ,6,5/13/2011 11:53,2.95,16180.0,United Kingdom
545447,21977,PACK OF 60 PINK PAISLEY CAKE CASES,24,3/2/2011 16:34,0.55,17426.0,United Kingdom
560736,23068,ALUMINIUM STAMPED HEART,16,7/20/2011 15:33,2.49,15260.0,United Kingdom
563569,22749,FELTCRAFT PRINCESS CHARLOTTE DOLL,4,8/17/2011 14:47,3.75,18257.0,United Kingdom
573038,85034C,3 ROSE MORRIS BOXED CANDLES,1,10/27/2011 13:48,1.25,17545.0,United Kingdom
566451,23040,PAPER LANTERN 9 POINT SNOW STAR ,3,9/12/2011 16:14,5.75,18069.0,United Kingdom
543832,22558,CLOTHES PEGS RETROSPOT PACK 24 ,12,2/14/2011 10:10,1.49,13381.0,United Kingdom
556073,22697,GREEN REGENCY TEACUP AND SAUCER,6,6/8/2011 15:05,2.95,16358.0,United Kingdom
544647,22995,TRAVEL CARD WALLET SUKI,24,2/22/2011 12:13,0.42,14060.0,United Kingdom
562912,22476,EMPIRE UNION JACK TV DINNER TRAY,1,8/10/2011 13:15,4.95,15311.0,United Kingdom
C560540,23229,VINTAGE DONKEY TAIL GAME ,-1,7/19/2011 12:26,3.75,12415.0,Australia
556512,23199,JUMBO BAG APPLES,5,6/13/2011 10:44,2.08,14688.0,United Kingdom
572464,21484,CHICK GREY HOT WATER BOTTLE,1,10/24/2011 13:08,4.25,17081.0,United Kingdom
545045,22957,SET 3 PAPER VINTAGE CHICK PAPER EGG,1,2/27/2011 11:40,2.95,15708.0,United Kingdom
574864,23343,JUMBO BAG VINTAGE CHRISTMAS ,10,11/7/2011 12:29,2.08,14387.0,United Kingdom
555527,23298,SPOTTY BUNTING,50,6/5/2011 11:44,4.15,14364.0,United Kingdom
574338,22596,CHRISTMAS STAR WISH LIST CHALKBOARD,12,11/4/2011 10:05,1.25,14150.0,United Kingdom
579536,22408,MONEY BOX CONFECTIONERY DESIGN,12,11/30/2011 9:53,1.25,12957.0,United Kingdom
539325,37446,MINI CAKE STAND WITH HANGING CAKES,8,12/17/2010 8:20,1.45,13004.0,United Kingdom
556474,21902,"KEY FOB , FRONT  DOOR ",2,6/12/2011 12:01,0.65,16007.0,United Kingdom
C577547,23080,RED METAL BOX TOP SECRET,-1,11/20/2011 14:48,8.25,17841.0,United Kingdom
550956,22383,LUNCH BAG SUKI DESIGN ,2,4/21/2011 16:37,1.65,17179.0,United Kingdom
544903,22690,DOORMAT HOME SWEET HOME BLUE ,2,2/24/2011 13:43,7.95,18065.0,United Kingdom
560650,23550,WRAP ALPHABET POSTER  ,25,7/20/2011 11:38,0.42,15529.0,United Kingdom
554016,21916,SET 12 RETRO WHITE CHALK STICKS,6,5/20/2011 13:14,0.42,13243.0,United Kingdom
574056,21238,RED RETROSPOT CUP,96,11/2/2011 14:09,0.72,14646.0,Netherlands
547687,85152,HAND OVER THE CHOCOLATE   SIGN ,12,3/24/2011 14:52,2.1,15078.0,United Kingdom
540839,22195,LARGE HEART MEASURING SPOONS,2,1/11/2011 15:42,1.65,16791.0,United Kingdom
572095,90081A,LILY BROOCH AMETHYST COLOUR,1,10/20/2011 15:15,4.95,15511.0,United Kingdom
573093,23509,MINI PLAYING CARDS FUN FAIR ,1,10/27/2011 14:38,0.42,18283.0,United Kingdom
564856,23156,SET OF 5 MINI GROCERY MAGNETS,12,8/31/2011 9:11,2.08,12477.0,Germany
563076,22892,SET OF SALT AND PEPPER TOADSTOOLS,72,8/11/2011 16:12,1.06,14646.0,Netherlands
543392,22659,LUNCH BOX I LOVE LONDON,12,2/8/2011 10:15,1.95,16839.0,United Kingdom
556063,47559B,TEA TIME OVEN GLOVE,1,6/8/2011 14:09,1.25,14587.0,United Kingdom
545579,21937,STRAWBERRY   PICNIC BAG,15,3/4/2011 8:10,2.95,17508.0,Greece
580404,23271,CHRISTMAS TABLE SILVER CANDLE SPIKE,16,12/4/2011 12:01,0.83,13596.0,United Kingdom
577595,21908,CHOCOLATE THIS WAY METAL SIGN,1,11/20/2011 16:12,2.1,16399.0,United Kingdom
559984,23307,SET OF 60 PANTRY DESIGN CAKE CASES ,1,7/14/2011 11:45,0.55,16657.0,United Kingdom
578953,22233,JIGSAW RABBIT AND BIRDHOUSE,1,11/27/2011 14:50,0.59,13546.0,United Kingdom
555734,22173,METAL 4 HOOK HANGER FRENCH CHATEAU,16,6/7/2011 8:21,2.95,17696.0,United Kingdom
557007,22605,WOODEN CROQUET GARDEN SET,4,6/16/2011 11:30,12.75,12484.0,Spain
546079,22230,JIGSAW TREE WITH WATERING CAN,2,3/9/2011 11:05,0.85,14534.0,United Kingdom
563744,23291,DOLLY GIRL CHILDRENS CUP,8,8/19/2011 9:35,1.25,13266.0,United Kingdom
547078,15036,ASSORTED COLOURS SILK FAN,24,3/20/2011 14:41,0.75,14408.0,United Kingdom
537144,22865,HAND WARMER OWL DESIGN,3,12/5/2010 13:00,2.1,15880.0,United Kingdom
564753,22674,FRENCH TOILET SIGN BLUE METAL,12,8/30/2011 10:20,1.25,13709.0,United Kingdom
560261,20665,RED RETROSPOT PURSE ,1,7/17/2011 13:35,2.95,12841.0,United Kingdom
574326,21704,BAG 250g SWIRLY MARBLES,12,11/4/2011 8:29,0.85,14913.0,United Kingdom
558096,22989,SET 2 PANTRY DESIGN TEA TOWELS,2,6/26/2011 13:24,3.25,15532.0,United Kingdom
548199,85099F,JUMBO BAG STRAWBERRY,10,3/29/2011 16:12,1.95,16945.0,United Kingdom
579001,22556,PLASTERS IN TIN CIRCUS PARADE ,2,11/27/2011 16:19,1.65,15555.0,United Kingdom
562213,23317,BLUE REFECTORY CLOCK ,1,8/3/2011 13:39,9.95,13975.0,United Kingdom
580734,22138,BAKING SET 9 PIECE RETROSPOT ,3,12/6/2011 8:46,4.95,12766.0,Portugal
542780,21181,PLEASE ONE PERSON METAL SIGN,24,2/1/2011 9:38,2.1,17675.0,United Kingdom
558483,47566,PARTY BUNTING,8,6/30/2011 9:59,4.95,18171.0,United Kingdom
549572,21035,SET/2 RED RETROSPOT TEA TOWELS ,3,4/10/2011 15:32,3.25,17757.0,United Kingdom
542720,22421,LIPSTICK PEN FUSCHIA,12,1/31/2011 14:35,0.42,12778.0,Netherlands
537254,21479,WHITE SKULL HOT WATER BOTTLE ,2,12/6/2010 11:01,3.75,15898.0,United Kingdom
562711,23035,DRAWER KNOB CERAMIC IVORY,2,8/8/2011 14:53,1.45,16788.0,United Kingdom
546922,20713,JUMBO BAG OWLS,10,3/18/2011 9:59,1.95,14110.0,United Kingdom
549991,22728,ALARM CLOCK BAKELIKE PINK,8,4/14/2011 8:13,3.75,18229.0,United Kingdom
560239,20749,ASSORTED COLOUR MINI CASES,2,7/17/2011 11:50,7.95,13507.0,United Kingdom
562602,48188,DOORMAT WELCOME PUPPIES,2,8/8/2011 10:11,7.95,12865.0,Austria
558757,21609,SET 12 LAVENDER  BOTANICAL T-LIGHTS,1,7/3/2011 12:22,2.95,13148.0,United Kingdom
564139,23156,SET OF 5 MINI GROCERY MAGNETS,1,8/23/2011 11:41,2.08,16904.0,United Kingdom
564079,22380,TOY TIDY SPACEBOY  ,5,8/22/2011 15:55,2.1,12627.0,Germany
577252,22562,MONSTERS STENCIL CRAFT,1,11/18/2011 12:22,1.25,18034.0,United Kingdom
550480,21242,RED RETROSPOT PLATE ,10,4/18/2011 14:05,1.69,13069.0,United Kingdom
546122,84751B,BLACK MEDIUM GLASS CAKE STAND,4,3/9/2011 14:32,3.75,15581.0,United Kingdom
563477,22399,MAGNETS PACK OF 4 CHILDHOOD MEMORY,3,8/16/2011 15:39,1.25,17097.0,Spain
550183,22973,CHILDREN'S CIRCUS PARADE MUG,6,4/14/2011 17:58,1.65,14105.0,United Kingdom
562549,22749,FELTCRAFT PRINCESS CHARLOTTE DOLL,2,8/5/2011 16:10,3.75,17092.0,United Kingdom
549322,22960,JAM MAKING SET WITH JARS,6,4/8/2011 10:20,4.25,16558.0,United Kingdom
546554,20726,LUNCH BAG WOODLAND,10,3/15/2011 9:13,1.65,16037.0,United Kingdom
581445,84755,COLOUR GLASS T-LIGHT HOLDER HANGING,16,12/8/2011 17:12,0.65,17405.0,United Kingdom
572652,23233,WRAP POPPIES  DESIGN,25,10/25/2011 12:11,0.42,15805.0,United Kingdom
577483,22469,HEART OF WICKER SMALL,4,11/20/2011 11:50,1.65,14502.0,United Kingdom
548188,21165,BEWARE OF THE CAT METAL SIGN ,4,3/29/2011 15:12,1.69,13263.0,United Kingdom
551471,84970S,HANGING HEART ZINC T-LIGHT HOLDER,2,4/28/2011 16:40,0.85,16370.0,United Kingdom
577500,22931,BAKING MOULD HEART WHITE CHOCOLATE,1,11/20/2011 12:30,2.55,14052.0,United Kingdom
563230,22630,DOLLY GIRL LUNCH BOX,4,8/14/2011 15:39,1.95,15376.0,United Kingdom
571779,22993,SET OF 4 PANTRY JELLY MOULDS,1,10/19/2011 11:27,1.25,12748.0,United Kingdom
567211,22355,CHARLOTTE BAG SUKI DESIGN,5,9/19/2011 11:02,0.85,14159.0,United Kingdom
555524,22698,PINK REGENCY TEACUP AND SAUCER,1,6/5/2011 11:37,2.95,16923.0,United Kingdom
546784,21889,WOODEN BOX OF DOMINOES,12,3/17/2011 9:49,1.25,18189.0,United Kingdom
554494,22730,ALARM CLOCK BAKELIKE IVORY,2,5/24/2011 14:00,3.75,16327.0,United Kingdom
564635,23301,GARDENERS KNEELING PAD KEEP CALM ,24,8/26/2011 12:41,1.65,15615.0,United Kingdom
578270,84673B,BLUE FLY SWAT,4,11/23/2011 13:39,1.63,14096.0,United Kingdom
547358,21080,SET/20 RED RETROSPOT PAPER NAPKINS ,6,3/22/2011 12:25,0.85,15998.0,United Kingdom
541003,22271,FELTCRAFT DOLL ROSIE,6,1/13/2011 10:35,2.95,15835.0,United Kingdom
544100,22197,SMALL POPCORN HOLDER,10,2/16/2011 10:25,0.85,15002.0,United Kingdom
543770,21495,SKULLS AND CROSSBONES WRAP,25,2/11/2011 15:39,0.42,13875.0,United Kingdom
551747,84509G,SET OF 4 FAIRY CAKE PLACEMATS ,48,5/4/2011 11:00,1.25,14298.0,United Kingdom
537623,84968F,SET OF 16 VINTAGE SKY BLUE CUTLERY,1,12/7/2010 14:31,12.75,15858.0,United Kingdom
541783,22962,JAM JAR WITH PINK LID,12,1/21/2011 11:55,0.85,16618.0,United Kingdom
580956,82613B,"METAL SIGN,CUPCAKE SINGLE HOOK",1,12/6/2011 14:23,1.25,17841.0,United Kingdom
540701,22077,6 RIBBONS RUSTIC CHARM,24,1/11/2011 9:48,1.65,15640.0,United Kingdom
577610,23084,RABBIT NIGHT LIGHT,6,11/21/2011 9:55,2.08,15373.0,United Kingdom
554963,21212,PACK OF 72 RETROSPOT CAKE CASES,24,5/27/2011 15:32,0.55,14625.0,United Kingdom
572475,23351,ROLL WRAP 50'S CHRISTMAS,2,10/24/2011 13:37,1.25,15271.0,United Kingdom
560033,23245,SET OF 3 REGENCY CAKE TINS,8,7/14/2011 13:28,4.95,12388.0,Australia
577055,84978,HANGING HEART JAR T-LIGHT HOLDER,36,11/17/2011 14:22,1.06,15189.0,United Kingdom
565432,21621,VINTAGE UNION JACK BUNTING,2,9/4/2011 13:16,8.5,16241.0,United Kingdom
544484,20972,PINK CREAM FELT CRAFT TRINKET BOX ,12,2/21/2011 11:10,1.25,15321.0,United Kingdom
553009,22936,BAKING MOULD ROSE WHITE CHOCOLATE,2,5/12/2011 16:52,3.25,13601.0,United Kingdom
551525,21212,PACK OF 72 RETROSPOT CAKE CASES,24,5/1/2011 12:37,0.55,14667.0,United Kingdom
565918,21890,S/6 WOODEN SKITTLES IN COTTON BAG,1,9/7/2011 16:27,3.25,13249.0,United Kingdom
554494,84970S,HANGING HEART ZINC T-LIGHT HOLDER,7,5/24/2011 14:00,0.85,16327.0,United Kingdom
554080,20972,PINK CREAM FELT CRAFT TRINKET BOX ,3,5/22/2011 11:42,1.25,16931.0,United Kingdom
563584,22654,DELUXE SEWING KIT ,3,8/17/2011 16:48,5.95,15122.0,United Kingdom
550327,20752,BLUE POLKADOT WASHING UP GLOVES,6,4/17/2011 13:07,2.1,12878.0,United Kingdom
560244,85071B,RED CHARLIE+LOLA PERSONAL DOORSIGN,3,7/17/2011 12:14,0.39,16931.0,United Kingdom
561517,21929,JUMBO BAG PINK VINTAGE PAISLEY,10,7/27/2011 15:17,2.08,18226.0,United Kingdom
575384,22834,HAND WARMER BABUSHKA DESIGN,12,11/9/2011 15:17,2.1,17690.0,United Kingdom
561632,23315,IVORY REFECTORY CLOCK,4,7/28/2011 14:30,9.95,15639.0,United Kingdom
567204,22625,RED KITCHEN SCALES,2,9/19/2011 10:43,8.5,15365.0,United Kingdom
569514,85049E,SCANDINAVIAN REDS RIBBONS,24,10/4/2011 13:56,1.25,15228.0,United Kingdom
550626,21385,IVORY HANGING DECORATION  HEART,10,4/19/2011 14:23,0.85,13184.0,United Kingdom
579692,21175,GIN AND TONIC DIET METAL SIGN,48,11/30/2011 14:05,2.08,12433.0,Norway
565754,21669,BLUE STRIPE CERAMIC DRAWER KNOB,12,9/6/2011 13:11,1.25,15462.0,United Kingdom
564052,22398,MAGNETS PACK OF 4 SWALLOWS,2,8/22/2011 13:40,0.39,15033.0,United Kingdom
545447,85150,LADIES & GENTLEMEN METAL SIGN,6,3/2/2011 16:34,2.55,17426.0,United Kingdom
578094,23352,ROLL WRAP 50'S RED CHRISTMAS ,1,11/22/2011 17:23,1.25,16261.0,United Kingdom
572910,21915,RED  HARMONICA IN BOX ,6,10/26/2011 15:58,1.25,15990.0,United Kingdom
573347,85099B,JUMBO BAG RED RETROSPOT,1,10/30/2011 12:26,2.08,13137.0,United Kingdom
555542,22838,3 TIER CAKE TIN RED AND CREAM,2,6/5/2011 12:51,14.95,15108.0,European Community
566817,23199,JUMBO BAG APPLES,30,9/15/2011 10:53,2.08,16160.0,United Kingdom
565411,23286,BLUE VINTAGE SPOT BEAKER,6,9/4/2011 11:22,0.85,13772.0,United Kingdom
545057,22568,FELTCRAFT CUSHION OWL,4,2/27/2011 12:49,3.75,13630.0,United Kingdom
560212,84580,MOUSE TOY WITH PINK T-SHIRT,3,7/15/2011 14:58,3.75,14722.0,United Kingdom
574959,22952,60 CAKE CASES VINTAGE CHRISTMAS,4,11/8/2011 10:09,0.55,17886.0,United Kingdom
556126,23202,JUMBO BAG VINTAGE LEAF,10,6/9/2011 10:23,2.08,14911.0,EIRE
544803,21067,VINTAGE RED TEATIME MUG,3,2/23/2011 14:29,1.25,14606.0,United Kingdom
572657,71459,HANGING JAM JAR T-LIGHT HOLDERS,12,10/25/2011 12:27,0.85,15615.0,United Kingdom
552039,84988,SET OF 72 PINK HEART PAPER DOILIES,12,5/6/2011 8:10,1.45,13081.0,United Kingdom
573915,21446,12 RED ROSE PEG PLACE SETTINGS,1,11/1/2011 15:55,1.25,15511.0,United Kingdom
574547,22578,WOODEN STAR CHRISTMAS SCANDINAVIAN,5,11/4/2011 15:08,0.29,17841.0,United Kingdom
570793,22761,CHEST 7 DRAWER MA CAMPAGNE,2,10/12/2011 12:08,24.95,12444.0,Norway
549880,21318,GLASS CHALICE BLUE SMALL ,36,4/12/2011 15:30,0.39,15932.0,United Kingdom
575211,85099F,JUMBO BAG STRAWBERRY,2,11/9/2011 10:39,2.08,17377.0,United Kingdom
566734,23197,SKETCHBOOK MAGNETIC SHOPPING LIST,1,9/14/2011 14:09,1.45,16910.0,United Kingdom
549257,22352,LUNCH BOX WITH CUTLERY RETROSPOT ,1,4/7/2011 12:29,2.55,14465.0,United Kingdom
572294,21211,SET OF 72 SKULL PAPER  DOILIES,4,10/23/2011 13:10,1.45,13471.0,United Kingdom
577286,85150,LADIES & GENTLEMEN METAL SIGN,1,11/18/2011 12:39,2.55,14606.0,United Kingdom
556777,21937,STRAWBERRY   PICNIC BAG,5,6/14/2011 12:31,2.95,14426.0,United Kingdom
552358,85185B,PINK HORSE SOCK PUPPET,12,5/9/2011 12:20,2.95,15673.0,United Kingdom
541796,22970,LONDON BUS COFFEE MUG,12,1/21/2011 13:55,2.55,14092.0,United Kingdom
555106,23173,REGENCY TEAPOT ROSES ,4,5/31/2011 14:14,9.95,12790.0,Netherlands
581074,84029G,KNITTED UNION FLAG HOT WATER BOTTLE,8,12/7/2011 11:27,4.25,15568.0,United Kingdom
C580968,23485,BOTANICAL GARDENS WALL CLOCK ,-1,12/6/2011 14:57,25.0,15622.0,United Kingdom
568895,82583,HOT BATHS METAL SIGN,5,9/29/2011 13:11,2.1,15356.0,United Kingdom
568152,22835,HOT WATER BOTTLE I AM SO POORLY,4,9/25/2011 11:40,4.95,16480.0,United Kingdom
565209,20754,RETROSPOT RED WASHING UP GLOVES,1,9/1/2011 16:59,2.1,15910.0,United Kingdom
537144,20764,ABSTRACT CIRCLES SKETCHBOOK ,1,12/5/2010 13:00,3.75,15880.0,United Kingdom
558460,21464,DISCO BALL ROTATOR BATTERY OPERATED,4,6/29/2011 14:53,4.25,16779.0,United Kingdom
551869,22562,MONSTERS STENCIL CRAFT,10,5/4/2011 16:36,1.25,16767.0,United Kingdom
574700,22646,CERAMIC STRAWBERRY CAKE MONEY BANK,8,11/6/2011 13:53,1.45,16033.0,United Kingdom
551351,85230G,ORANGE VOTIVE CANDLE,144,4/28/2011 10:20,0.21,14298.0,United Kingdom
547359,20723,STRAWBERRY CHARLOTTE BAG,2,3/22/2011 12:27,0.85,15719.0,United Kingdom
559535,15056BL,EDWARDIAN PARASOL BLACK,1,7/10/2011 12:16,5.95,17841.0,United Kingdom
560996,22151,PLACE SETTING WHITE HEART,24,7/22/2011 13:53,0.42,17625.0,United Kingdom
574682,23339,EGG FRYING PAN BLUE ,1,11/6/2011 12:44,2.08,14963.0,United Kingdom
C562367,22203,MILK PAN RED RETROSPOT,-1,8/4/2011 14:03,3.75,17811.0,United Kingdom
571099,15036,ASSORTED COLOURS SILK FAN,60,10/13/2011 15:43,0.83,13911.0,United Kingdom
560207,85135B,BLUE DRAGONFLY HELICOPTER,2,7/15/2011 13:57,7.95,15301.0,United Kingdom
560539,21155,RED RETROSPOT PEG BAG,5,7/19/2011 12:19,2.55,16745.0,United Kingdom
581426,21218,RED SPOTTY BISCUIT TIN,1,12/8/2011 15:31,3.75,17757.0,United Kingdom
579491,22457,NATURAL SLATE HEART CHALKBOARD ,3,11/29/2011 15:23,2.95,14723.0,United Kingdom
544824,22844,VINTAGE CREAM DOG FOOD CONTAINER,2,2/24/2011 9:32,8.5,17139.0,United Kingdom
571653,22534,MAGIC DRAWING SLATE SPACEBOY ,24,10/18/2011 12:17,0.36,14298.0,United Kingdom
538810,22119,PEACE WOODEN BLOCK LETTERS,1,12/14/2010 12:18,6.95,14871.0,United Kingdom
562711,85036C,ROSE 1 WICK MORRIS BOXED CANDLE,1,8/8/2011 14:53,4.25,16788.0,United Kingdom
568143,22029,SPACEBOY BIRTHDAY CARD,12,9/25/2011 11:28,0.42,13266.0,United Kingdom
569918,22812,PACK 3 BOXES CHRISTMAS PANNETONE,12,10/6/2011 17:03,1.95,15766.0,United Kingdom
537135,22951,60 CAKE CASES DOLLY GIRL DESIGN,1,12/5/2010 12:35,0.55,17059.0,United Kingdom
574346,21888,BINGO SET,8,11/4/2011 10:23,3.75,17930.0,United Kingdom
576658,21588,RETROSPOT GIANT TUBE MATCHES,2,11/16/2011 11:05,2.55,14534.0,United Kingdom
552563,21878,PACK OF 6 SANDCASTLE FLAGS ASSORTED,24,5/10/2011 11:54,0.85,17597.0,United Kingdom
566235,23110,PARISIENNE KEY CABINET ,2,9/11/2011 11:17,5.75,15636.0,United Kingdom
548622,22794,SWEETHEART WIRE MAGAZINE RACK,2,4/1/2011 12:09,7.95,13636.0,United Kingdom
574143,51014A,"FEATHER PEN,HOT PINK",84,11/3/2011 11:27,0.39,18041.0,United Kingdom
551715,23054,RECYCLED ACAPULCO MAT LAVENDER,2,5/3/2011 15:23,8.25,13102.0,United Kingdom
556906,21588,RETROSPOT GIANT TUBE MATCHES,12,6/15/2011 13:07,2.55,12843.0,United Kingdom
545459,84832,ZINC WILLIE WINKIE  CANDLE STICK,1,3/2/2011 17:21,0.85,17576.0,United Kingdom
541970,22622,BOX OF VINTAGE ALPHABET BLOCKS,4,1/24/2011 13:48,9.95,15179.0,United Kingdom
579100,22382,LUNCH BAG SPACEBOY DESIGN ,10,11/28/2011 11:27,1.65,13004.0,United Kingdom
562792,84927F,PSYCHEDELIC TILE HOOK,5,8/9/2011 14:18,0.39,17634.0,United Kingdom
536796,16258A,SWIRLY CIRCULAR RUBBERS IN BAG,1,12/2/2010 15:46,0.42,15574.0,United Kingdom
576196,22585,PACK OF 6 BIRDY GIFT TAGS,24,11/14/2011 12:07,1.25,17658.0,United Kingdom
565478,23203,JUMBO BAG VINTAGE DOILY ,2,9/5/2011 11:18,2.08,15005.0,United Kingdom
552322,21928,JUMBO BAG SCANDINAVIAN BLUE PAISLEY,10,5/9/2011 9:16,2.08,17049.0,United Kingdom
563209,23332,IVORY WICKER HEART LARGE,6,8/14/2011 12:23,1.65,13527.0,United Kingdom
545227,22203,MILK PAN RED RETROSPOT,4,3/1/2011 9:35,3.75,12428.0,Finland
562542,85049E,SCANDINAVIAN REDS RIBBONS,3,8/5/2011 15:40,1.25,17377.0,United Kingdom
580089,23084,RABBIT NIGHT LIGHT,18,12/1/2011 14:34,2.08,14732.0,United Kingdom
569360,22469,HEART OF WICKER SMALL,4,10/3/2011 14:59,1.65,14653.0,United Kingdom
561712,84970S,HANGING HEART ZINC T-LIGHT HOLDER,12,7/29/2011 11:49,0.85,14499.0,United Kingdom
544824,22652,TRAVEL SEWING KIT,10,2/24/2011 9:32,1.65,17139.0,United Kingdom
573749,84970L,SINGLE HEART ZINC T-LIGHT HOLDER,12,11/1/2011 9:26,1.04,17389.0,United Kingdom
580654,51014A,"FEATHER PEN,HOT PINK",12,12/5/2011 13:37,0.39,15854.0,United Kingdom
547898,21937,STRAWBERRY   PICNIC BAG,5,3/28/2011 11:49,2.95,16523.0,United Kingdom
548714,22283,6 EGG HOUSE PAINTED WOOD,1,4/3/2011 15:07,7.95,17337.0,United Kingdom
571279,85152,HAND OVER THE CHOCOLATE   SIGN ,3,10/16/2011 12:54,2.1,16466.0,United Kingdom
563908,22171,3 HOOK PHOTO SHELF ANTIQUE WHITE,1,8/21/2011 12:21,8.5,18109.0,United Kingdom
580518,21850,BLUE  DIAMANTE PEN IN GIFT BOX,1,12/4/2011 14:45,4.95,13435.0,United Kingdom
559813,22666,RECIPE BOX PANTRY YELLOW DESIGN,12,7/12/2011 15:42,2.95,18272.0,United Kingdom
570458,22961,JAM MAKING SET PRINTED,4,10/10/2011 15:39,1.45,14535.0,United Kingdom
565724,22699,ROSES REGENCY TEACUP AND SAUCER ,6,9/6/2011 11:53,2.95,16168.0,United Kingdom
559106,23006,TRAVEL CARD WALLET FLOWER MEADOW,2,7/6/2011 11:10,0.42,15889.0,United Kingdom
547846,21314,SMALL GLASS HEART TRINKET POT,8,3/27/2011 11:59,2.1,18071.0,United Kingdom
570852,22191,IVORY DINER WALL CLOCK,2,10/12/2011 14:48,8.5,13078.0,United Kingdom
570826,16169E,WRAP 50'S  CHRISTMAS,25,10/12/2011 13:14,0.42,16753.0,United Kingdom
555704,84970S,HANGING HEART ZINC T-LIGHT HOLDER,12,6/6/2011 15:06,0.85,14944.0,United Kingdom
542898,22083,PAPER CHAIN KIT RETROSPOT,1,2/1/2011 14:01,2.95,16110.0,United Kingdom
580527,22055,MINI CAKE STAND  HANGING STRAWBERY,2,12/4/2011 15:19,0.39,13736.0,United Kingdom
545071,21078,SET/20 STRAWBERRY PAPER NAPKINS ,2,2/27/2011 15:59,0.85,15996.0,United Kingdom
557466,20677,PINK POLKADOT BOWL,16,6/20/2011 13:08,1.25,13815.0,Germany
560033,23298,SPOTTY BUNTING,6,7/14/2011 13:28,4.95,12388.0,Australia
558765,21034,REX CASH+CARRY JUMBO SHOPPER,1,7/3/2011 13:12,0.95,17312.0,United Kingdom
572186,23130,MISTLETOE HEART WREATH GREEN,4,10/21/2011 10:55,4.15,16497.0,United Kingdom
553187,23203,JUMBO BAG DOILEY PATTERNS,5,5/15/2011 12:53,2.08,16809.0,United Kingdom
546912,21245,GREEN POLKADOT PLATE ,2,3/17/2011 20:12,1.69,15861.0,United Kingdom
566290,20752,BLUE POLKADOT WASHING UP GLOVES,1,9/11/2011 15:24,2.1,14456.0,United Kingdom
573904,23220,REINDEER HEART DECORATION GOLD,5,11/1/2011 14:54,0.83,14505.0,United Kingdom
564727,22630,DOLLY GIRL LUNCH BOX,1,8/28/2011 12:31,1.95,16686.0,United Kingdom
563532,21172,PARTY METAL SIGN ,96,8/17/2011 11:04,1.25,17511.0,United Kingdom
557896,21558,SKULL LUNCH BOX WITH CUTLERY ,1,6/23/2011 14:22,2.55,17611.0,United Kingdom
574709,22313,OFFICE MUG WARMER PINK,12,11/6/2011 14:14,2.95,17768.0,United Kingdom
563574,23236,STORAGE TIN VINTAGE DOILY ,6,8/17/2011 15:05,2.89,15827.0,United Kingdom
562535,23083,SET 6 PAPER TABLE LANTERN STARS ,6,8/5/2011 14:50,3.75,13200.0,United Kingdom
580852,23581,JUMBO BAG PAISLEY PARK,10,12/6/2011 11:53,2.08,16790.0,United Kingdom
539142,21257,VICTORIAN SEWING BOX MEDIUM,2,12/16/2010 11:35,7.95,14849.0,United Kingdom
538051,22945,CHRISTMAS METAL TAGS ASSORTED ,12,12/9/2010 13:24,0.85,18041.0,United Kingdom
558362,22624,IVORY KITCHEN SCALES,24,6/28/2011 15:14,7.65,16029.0,United Kingdom
570117,23310,BUBBLEGUM RING ASSORTED,72,10/7/2011 12:42,0.42,15815.0,United Kingdom
547945,21456,2 PICTURE BOOK EGGS EASTER CHICKS,12,3/28/2011 14:59,1.25,14851.0,United Kingdom
571837,23493,VINTAGE DOILY TRAVEL SEWING KIT,3,10/19/2011 12:11,1.95,16470.0,United Kingdom
560856,23229,VINTAGE DONKEY TAIL GAME ,6,7/21/2011 13:06,3.75,16607.0,United Kingdom
540955,82551,LAUNDRY 15C METAL SIGN,3,1/12/2011 13:27,1.45,14715.0,United Kingdom
565150,23433,HANGING QUILTED PATCHWORK APPLES,48,9/1/2011 14:26,0.72,14298.0,United Kingdom
566048,23203,JUMBO BAG VINTAGE DOILY ,10,9/8/2011 14:21,2.08,16558.0,United Kingdom
544066,15036,ASSORTED COLOURS SILK FAN,48,2/15/2011 13:53,0.75,12971.0,United Kingdom
568592,20725,LUNCH BAG RED RETROSPOT,10,9/28/2011 10:42,1.65,17469.0,United Kingdom
580907,21733,RED HANGING HEART T-LIGHT HOLDER,6,12/6/2011 13:13,2.95,13507.0,United Kingdom
544466,21080,SET/20 RED RETROSPOT PAPER NAPKINS ,1,2/20/2011 15:43,0.85,14606.0,United Kingdom
553911,22437,SET OF 9 BLACK SKULL BALLOONS,5,5/19/2011 19:02,0.85,18168.0,United Kingdom
541251,21034,REX CASH+CARRY JUMBO SHOPPER,2,1/16/2011 13:25,0.95,15046.0,United Kingdom
562369,22457,NATURAL SLATE HEART CHALKBOARD ,12,8/4/2011 14:12,2.95,17584.0,United Kingdom
578921,22630,DOLLY GIRL LUNCH BOX,1,11/27/2011 11:57,1.95,13596.0,United Kingdom
541265,47503A,ASS FLORAL PRINT MULTI SCREWDRIVER,2,1/16/2011 16:23,1.25,17609.0,United Kingdom
550478,22666,RECIPE BOX PANTRY YELLOW DESIGN,6,4/18/2011 14:01,2.95,15755.0,United Kingdom
565407,22536,MAGIC DRAWING SLATE PURDEY,3,9/4/2011 11:00,0.42,16983.0,United Kingdom
570442,21754,HOME BUILDING BLOCK WORD,2,10/10/2011 14:37,6.25,16549.0,United Kingdom
550781,79030G,TUMBLER NEW ENGLAND,24,4/20/2011 13:43,0.39,13097.0,United Kingdom
544102,22768,FAMILY PHOTO FRAME CORNICE,1,2/16/2011 10:32,9.95,14665.0,United Kingdom
569236,22778,GLASS CLOCHE SMALL,1,10/2/2011 15:49,3.95,14432.0,United Kingdom
577256,22138,BAKING SET 9 PIECE RETROSPOT ,6,11/18/2011 12:25,4.95,15530.0,United Kingdom
550785,22423,REGENCY CAKESTAND 3 TIER,1,4/20/2011 14:02,12.75,15517.0,United Kingdom
568162,22726,ALARM CLOCK BAKELIKE GREEN,4,9/25/2011 12:32,3.75,14194.0,United Kingdom
577483,21165,BEWARE OF THE CAT METAL SIGN ,1,11/20/2011 11:50,1.69,14502.0,United Kingdom
549279,22136,LOVE HEART SOCK HANGER,1,4/7/2011 13:16,1.65,16469.0,United Kingdom
543355,21755,LOVE BUILDING BLOCK WORD,2,2/7/2011 13:50,5.95,16033.0,United Kingdom
566085,23206,LUNCH BAG APPLE DESIGN,1,9/9/2011 10:12,1.65,17841.0,United Kingdom
572242,23080,RED METAL BOX TOP SECRET,2,10/21/2011 15:36,8.25,15677.0,United Kingdom
572219,85089,CANDY SPOT BUNNY,4,10/21/2011 13:17,2.95,17463.0,United Kingdom
560577,85099B,JUMBO BAG RED RETROSPOT,10,7/19/2011 15:07,2.08,18223.0,United Kingdom
560590,22729,ALARM CLOCK BAKELIKE ORANGE,4,7/19/2011 15:55,3.75,12560.0,Germany
553417,23110,PARISIENNE KEY CABINET ,2,5/17/2011 10:08,5.75,13871.0,United Kingdom
572286,23100,SILVER BELLS TABLE DECORATION,12,10/23/2011 12:18,1.25,16434.0,United Kingdom
569493,23215,JINGLE BELL HEART ANTIQUE SILVER,12,10/4/2011 13:35,2.08,13317.0,United Kingdom
561869,22470,HEART OF WICKER LARGE,2,7/31/2011 11:38,2.95,16764.0,United Kingdom
565447,22979,PANTRY WASHING UP BRUSH,12,9/4/2011 15:20,1.45,14107.0,United Kingdom
539322,82484,WOOD BLACK BOARD ANT WHITE FINISH,4,12/16/2010 19:22,6.45,14713.0,United Kingdom
578814,22551,PLASTERS IN TIN SPACEBOY,1,11/25/2011 13:40,1.65,12748.0,United Kingdom
571213,23531,WALL ART BIG LOVE ,3,10/14/2011 12:55,6.95,13995.0,United Kingdom
570672,84821,DANISH ROSE DELUXE COASTER,12,10/11/2011 14:52,0.85,12536.0,France
544355,21988,PACK OF 6 SKULL PAPER PLATES,12,2/18/2011 10:53,0.85,12714.0,France
536522,84968C,SET OF 16 VINTAGE PISTACHIO CUTLERY,1,12/1/2010 12:49,12.75,15012.0,United Kingdom
558101,23017,APOTHECARY MEASURING JAR,2,6/26/2011 13:56,12.5,18112.0,United Kingdom
552531,22193,RED DINER WALL CLOCK,4,5/10/2011 9:35,8.5,13742.0,United Kingdom
C546997,22398,MAGNETS PACK OF 4 SWALLOWS,-6,3/18/2011 13:32,1.25,12748.0,United Kingdom
556434,22178,VICTORIAN GLASS HANGING T-LIGHT,24,6/10/2011 14:06,1.25,14895.0,United Kingdom
576251,22928,YELLOW GIANT GARDEN THERMOMETER,4,11/14/2011 13:51,5.95,16207.0,United Kingdom
562539,23275,SET OF 3 HANGING OWLS OLLIE BEAK,1,8/5/2011 15:30,1.25,17220.0,United Kingdom
553184,48138,DOORMAT UNION FLAG,1,5/15/2011 12:33,7.95,13232.0,United Kingdom
556245,22917,HERB MARKER ROSEMARY,1,6/9/2011 16:10,0.65,17841.0,United Kingdom
574880,23300,GARDENERS KNEELING PAD CUP OF TEA ,5,11/7/2011 13:25,1.65,18016.0,United Kingdom
557628,21564,PINK  HEART SHAPE LOVE BUCKET ,2,6/21/2011 14:31,2.95,15311.0,United Kingdom
578265,85048,15CM CHRISTMAS GLASS BALL 20 LIGHTS,12,11/23/2011 13:28,6.95,13018.0,United Kingdom
565384,22487,WHITE WOOD GARDEN PLANT LADDER,1,9/2/2011 15:45,9.95,13507.0,United Kingdom
562379,22492,MINI PAINT SET VINTAGE ,36,8/4/2011 15:17,0.65,15134.0,United Kingdom
557894,23166,MEDIUM CERAMIC TOP STORAGE JAR,6,6/23/2011 14:13,1.25,14818.0,United Kingdom
554016,22839,3 TIER CAKE TIN GREEN AND CREAM,1,5/20/2011 13:14,14.95,13243.0,United Kingdom
548737,20725,LUNCH BAG RED RETROSPOT,20,4/4/2011 11:18,1.65,12682.0,France
561329,84969,BOX OF 6 ASSORTED COLOUR TEASPOONS,1,7/26/2011 13:57,4.25,15044.0,United Kingdom
569229,23401,RUSTIC MIRROR WITH LACE HEART,2,10/2/2011 14:56,6.25,14502.0,United Kingdom
573335,21260,FIRST AID TIN,1,10/30/2011 11:35,3.25,15059.0,United Kingdom
575694,72351A,SET/6 TURQUOISE BUTTERFLY T-LIGHTS,2,11/10/2011 16:38,2.1,12748.0,United Kingdom
541115,22629,SPACEBOY LUNCH BOX ,12,1/13/2011 15:34,1.95,12578.0,Italy
562528,22654,DELUXE SEWING KIT ,3,8/5/2011 13:52,5.95,12610.0,Italy
579069,21172,PARTY METAL SIGN ,12,11/28/2011 10:31,1.45,14911.0,EIRE
567662,21647,ASSORTED TUTTI FRUTTI LARGE PURSE,4,9/21/2011 15:12,2.1,17758.0,United Kingdom
556915,79160,HEART SHAPE WIRELESS DOORBELL,1,6/15/2011 13:35,2.1,15036.0,United Kingdom
547382,22178,VICTORIAN GLASS HANGING T-LIGHT,6,3/22/2011 15:31,1.25,15457.0,United Kingdom
536401,22768,FAMILY PHOTO FRAME CORNICE,1,12/1/2010 11:21,9.95,15862.0,United Kingdom
547026,22617,BAKING SET SPACEBOY DESIGN,3,3/18/2011 17:07,4.95,14633.0,United Kingdom
550662,20725,LUNCH BAG RED RETROSPOT,10,4/20/2011 9:29,1.65,15078.0,United Kingdom
550617,21156,RETROSPOT CHILDRENS APRON,8,4/19/2011 13:03,1.95,13376.0,United Kingdom
548859,22427,ENAMEL FLOWER JUG CREAM,1,4/4/2011 13:32,5.95,13668.0,United Kingdom
536819,22898,CHILDRENS APRON APPLES DESIGN,8,12/2/2010 17:12,1.95,13402.0,United Kingdom
558558,21934,SKULL SHOULDER BAG,2,6/30/2011 13:17,1.65,17841.0,United Kingdom
572306,21673,WHITE SPOT BLUE CERAMIC DRAWER KNOB,3,10/23/2011 15:11,1.45,17841.0,United Kingdom
563166,22423,REGENCY CAKESTAND 3 TIER,16,8/12/2011 12:37,10.95,18092.0,United Kingdom
537334,22436,12 COLOURED PARTY BALLOONS,2,12/6/2010 12:06,0.65,16719.0,United Kingdom
548642,22294,HEART FILIGREE DOVE  SMALL,48,4/1/2011 13:00,1.25,17287.0,United Kingdom
568189,23288,GREEN VINTAGE SPOT BEAKER,8,9/25/2011 14:36,0.85,14757.0,United Kingdom
573576,22561,WOODEN SCHOOL COLOURING SET,1,10/31/2011 14:09,3.29,14096.0,United Kingdom
559509,21714,CITRONELLA CANDLE GARDEN POT,1,7/8/2011 15:25,1.25,15920.0,United Kingdom
568163,22909,SET OF 20 VINTAGE CHRISTMAS NAPKINS,1,9/25/2011 12:34,0.85,14540.0,United Kingdom
576599,22602,RETROSPOT WOODEN HEART DECORATION,28,11/15/2011 15:06,0.85,14544.0,United Kingdom
C564488,22791,T-LIGHT GLASS FLUTED ANTIQUE,-12,8/25/2011 14:12,1.25,16859.0,United Kingdom
578757,84378,SET OF 3 HEART COOKIE CUTTERS,1,11/25/2011 11:41,1.45,12748.0,United Kingdom
565584,84818,DANISH ROSE PHOTO FRAME,24,9/5/2011 13:10,0.79,14243.0,United Kingdom
555550,22456,NATURAL SLATE CHALKBOARD LARGE ,18,6/5/2011 13:29,4.25,15245.0,United Kingdom
540859,22930,BAKING MOULD HEART MILK CHOCOLATE,3,1/12/2011 10:58,2.55,17965.0,United Kingdom
565594,22386,JUMBO BAG PINK POLKADOT,10,9/5/2011 14:11,2.08,13510.0,United Kingdom
569565,23206,LUNCH BAG APPLE DESIGN,10,10/5/2011 9:52,1.65,16722.0,United Kingdom
566495,22994,TRAVEL CARD WALLET RETROSPOT,6,9/13/2011 11:14,0.42,15529.0,United Kingdom
563429,23328,SET 6 SCHOOL MILK BOTTLES IN CRATE,4,8/16/2011 11:48,3.75,13999.0,United Kingdom
542192,22493,PAINT YOUR OWN CANVAS SET,3,1/26/2011 11:27,1.65,14049.0,United Kingdom
547223,17021,NAMASTE SWAGAT INCENSE,18,3/21/2011 15:10,0.3,12867.0,United Kingdom
568676,22728,ALARM CLOCK BAKELIKE PINK,4,9/28/2011 13:43,3.75,18242.0,United Kingdom
545023,21094,SET/6 RED SPOTTY PAPER PLATES,12,2/25/2011 14:25,0.85,12921.0,United Kingdom
577785,23370,SET 36 COLOURING PENCILS DOILY,6,11/21/2011 16:25,1.25,16369.0,United Kingdom
538371,22560,TRADITIONAL MODELLING CLAY,5,12/12/2010 11:07,1.25,15570.0,United Kingdom
567656,90166,PINK & WHITE ROSEBUD RING,1,9/21/2011 14:40,4.15,14096.0,United Kingdom
539836,82494L,WOODEN FRAME ANTIQUE WHITE ,1,12/22/2010 13:46,2.95,17894.0,United Kingdom
562688,23308,SET OF 60 VINTAGE LEAF CAKE CASES ,6,8/8/2011 13:53,0.55,13869.0,United Kingdom
579447,20668,DISCO BALL CHRISTMAS DECORATION,24,11/29/2011 13:46,0.12,14390.0,United Kingdom
554131,23107,WHITE HEARTS WIRE PLANT POT HOLDER,8,5/23/2011 9:43,2.89,13988.0,United Kingdom
577029,23123,COCKTAIL SWORDS 50 PIECES,6,11/17/2011 12:59,0.83,15563.0,United Kingdom
573362,20750,RED RETROSPOT MINI CASES,2,10/30/2011 13:06,7.95,12597.0,Spain
543006,22667,RECIPE BOX RETROSPOT ,1,2/2/2011 12:53,2.95,17975.0,United Kingdom
579470,22997,TRAVEL CARD WALLET UNION JACK,3,11/29/2011 15:06,0.42,16549.0,United Kingdom
575898,22098,BOUDOIR SQUARE TISSUE BOX,3,11/11/2011 15:08,0.39,16368.0,United Kingdom
573999,21930,JUMBO STORAGE BAG SKULLS,10,11/2/2011 11:43,2.08,12779.0,Poland
560833,22586,FELTCRAFT HAIRBAND PINK AND BLUE,2,7/21/2011 12:14,0.85,16891.0,United Kingdom
543114,21618,4 WILDFLOWER BOTANICAL CANDLES,6,2/3/2011 13:26,3.75,14156.0,EIRE
544292,20750,RED RETROSPOT MINI CASES,1,2/17/2011 12:33,7.95,16745.0,United Kingdom
548621,22899,CHILDREN'S APRON DOLLY GIRL ,2,4/1/2011 11:54,2.1,16960.0,United Kingdom
536406,85123A,WHITE HANGING HEART T-LIGHT HOLDER,8,12/1/2010 11:33,2.55,17850.0,United Kingdom
540979,22896,PEG BAG APPLES DESIGN,6,1/12/2011 15:06,2.55,15727.0,United Kingdom
579499,84536A,ENGLISH ROSE NOTEBOOK A7 SIZE,16,11/29/2011 15:59,0.42,17682.0,United Kingdom
578068,23275,SET OF 3 HANGING OWLS OLLIE BEAK,6,11/22/2011 15:45,1.25,14505.0,United Kingdom
564090,23121,PACK OF 6 COCKTAIL PARASOL STRAWS,24,8/23/2011 9:53,0.42,17041.0,United Kingdom
544463,85205B,PINK FELT EASTER RABBIT GARLAND,2,2/20/2011 14:31,2.55,12988.0,United Kingdom
558630,22411,JUMBO SHOPPER VINTAGE RED PAISLEY,10,6/30/2011 18:07,2.08,15615.0,United Kingdom
544106,22488,NATURAL SLATE RECTANGLE CHALKBOARD,6,2/16/2011 10:47,1.65,14530.0,United Kingdom
546118,21523,DOORMAT FANCY FONT HOME SWEET HOME,10,3/9/2011 14:14,6.75,13078.0,United Kingdom
554098,22907,PACK OF 20 NAPKINS PANTRY DESIGN,8,5/22/2011 13:01,0.85,14769.0,United Kingdom
561610,22320,BIRDS MOBILE VINTAGE DESIGN,3,7/28/2011 12:28,5.95,16076.0,United Kingdom
570180,20971,PINK BLUE FELT CRAFT TRINKET BOX,12,10/7/2011 14:28,1.25,17509.0,United Kingdom
545408,21217,RED RETROSPOT ROUND CAKE TINS,6,3/2/2011 12:10,9.95,15067.0,United Kingdom
540993,20728,LUNCH BAG CARS BLUE,10,1/13/2011 9:23,1.65,13284.0,United Kingdom
554315,46000S,POLYESTER FILLER PAD 40x40cm,2,5/23/2011 15:29,1.45,16086.0,United Kingdom
572127,22423,REGENCY CAKESTAND 3 TIER,2,10/21/2011 9:20,12.75,14911.0,EIRE
568660,21745,GAOLERS KEYS DECORATIVE GARDEN ,4,9/28/2011 12:33,3.75,15134.0,United Kingdom
571843,23568,EGG CUP HENRIETTA HEN CREAM ,144,10/19/2011 12:28,1.04,16684.0,United Kingdom
560723,22962,JAM JAR WITH PINK LID,1,7/20/2011 13:53,0.85,16464.0,United Kingdom
541021,22722,SET OF 6 SPICE TINS PANTRY DESIGN,24,1/13/2011 12:03,3.45,13093.0,United Kingdom
558089,23032,DRAWER KNOB CRACKLE GLAZE IVORY,12,6/26/2011 12:36,1.65,13505.0,Switzerland
577545,23212,HEART WREATH DECORATION WITH BELL,1,11/20/2011 14:43,1.25,16931.0,United Kingdom
544349,22424,ENAMEL BREAD BIN CREAM,3,2/18/2011 10:03,12.75,16713.0,United Kingdom
580504,22734,SET OF 6 RIBBONS VINTAGE CHRISTMAS,2,12/4/2011 13:32,2.89,17936.0,United Kingdom
C555475,85040A,S/4 PINK FLOWER CANDLES IN BOWL,-1,6/3/2011 12:11,1.65,18232.0,United Kingdom
546927,22725,ALARM CLOCK BAKELIKE CHOCOLATE,12,3/18/2011 10:15,3.75,16672.0,United Kingdom
545183,22485,SET OF 2 WOODEN MARKET CRATES,2,2/28/2011 14:59,12.75,15570.0,United Kingdom
554917,22771,CLEAR DRAWER KNOB ACRYLIC EDWARDIAN,12,5/27/2011 12:29,1.25,15104.0,United Kingdom
544337,20727,LUNCH BAG  BLACK SKULL.,10,2/18/2011 8:34,1.65,13425.0,United Kingdom
557223,23200,JUMBO BAG PEARS,10,6/17/2011 13:17,2.08,13647.0,United Kingdom
572104,23284,DOORMAT KEEP CALM AND COME IN,2,10/20/2011 16:21,7.95,15469.0,United Kingdom
576581,84879,ASSORTED COLOUR BIRD ORNAMENT,16,11/15/2011 14:15,1.69,15955.0,United Kingdom
539760,21291,SMALL POLKADOT CHOCOLATE GIFT BAG ,16,12/21/2010 17:16,0.85,17400.0,United Kingdom
568047,23129,HEART SHAPED HOLLY WREATH,12,9/23/2011 12:27,4.15,15075.0,United Kingdom
573406,21481,FAWN BLUE HOT WATER BOTTLE,4,10/30/2011 15:57,3.75,14112.0,United Kingdom
545073,21527,RED RETROSPOT TRADITIONAL TEAPOT ,2,2/28/2011 9:26,7.95,14036.0,United Kingdom
570857,23094,LE GRAND TRAY CHIC SET,1,10/12/2011 15:06,12.5,15555.0,United Kingdom
581237,23552,BICYCLE PUNCTURE REPAIR KIT ,1,12/8/2011 10:40,2.08,15443.0,United Kingdom
573332,17003,BROCADE RING PURSE ,36,10/30/2011 11:28,0.39,15059.0,United Kingdom
549790,22149,FELTCRAFT 6 FLOWER FRIENDS,6,4/12/2011 12:02,2.1,16172.0,United Kingdom
568165,22499,WOODEN UNION JACK BUNTING,4,9/25/2011 12:42,5.95,17131.0,United Kingdom
540157,20675,BLUE POLKADOT BOWL,1,1/5/2011 11:41,1.25,15311.0,United Kingdom
574308,20766,GARDEN PATH SKETCHBOOK,1,11/3/2011 16:45,3.75,16409.0,United Kingdom
571105,22141,CHRISTMAS CRAFT TREE TOP ANGEL,2,10/13/2011 16:01,2.1,17614.0,United Kingdom
570875,22627,MINT KITCHEN SCALES,2,10/12/2011 17:00,8.5,12667.0,Finland
556194,22378,WALL TIDY RETROSPOT ,15,6/9/2011 12:20,2.1,12483.0,Sweden
573245,22577,WOODEN HEART CHRISTMAS SCANDINAVIAN,10,10/28/2011 12:08,0.29,17841.0,United Kingdom
556245,22964,3 PIECE SPACEBOY COOKIE CUTTER SET,1,6/9/2011 16:10,2.1,17841.0,United Kingdom
568966,21745,GAOLERS KEYS DECORATIVE GARDEN ,12,9/29/2011 15:52,3.75,14681.0,United Kingdom
542228,21175,GIN + TONIC DIET METAL SIGN,6,1/26/2011 13:37,2.1,13113.0,United Kingdom
541258,22795,SWEETHEART RECIPE BOOK STAND,3,1/16/2011 15:30,6.75,13634.0,United Kingdom
571286,23332,IVORY WICKER HEART LARGE,4,10/16/2011 14:35,1.65,14547.0,United Kingdom
547649,20679,EDWARDIAN PARASOL RED,2,3/24/2011 12:02,5.95,18118.0,United Kingdom
571903,22147,FELTCRAFT BUTTERFLY HEARTS,12,10/19/2011 14:40,1.45,15754.0,United Kingdom
559928,22627,MINT KITCHEN SCALES,2,7/14/2011 8:52,8.5,12405.0,Finland
561689,22300,COFFEE MUG DOG + BALL DESIGN,12,7/29/2011 9:01,2.55,15942.0,United Kingdom
577090,22608,PENS ASSORTED FUNKY JEWELED ,72,11/17/2011 16:02,0.19,13828.0,United Kingdom
568650,22986,WRAP GINGHAM ROSE ,25,9/28/2011 11:56,0.42,13505.0,Switzerland
557322,22382,LUNCH BAG SPACEBOY DESIGN ,30,6/20/2011 9:04,1.65,17444.0,Canada
549906,22292,HANGING CHICK  YELLOW DECORATION,2,4/12/2011 16:28,1.45,14998.0,United Kingdom
566788,23173,REGENCY TEAPOT ROSES ,12,9/15/2011 10:31,8.15,14306.0,United Kingdom
574276,23177,TREASURE ISLAND BOOK BOX,150,11/3/2011 14:39,1.95,17857.0,United Kingdom
541795,22931,BAKING MOULD HEART WHITE CHOCOLATE,2,1/21/2011 13:47,2.55,14692.0,United Kingdom
570177,23077,DOUGHNUT LIP GLOSS ,20,10/7/2011 14:17,1.25,17509.0,United Kingdom
558768,22427,ENAMEL FLOWER JUG CREAM,1,7/3/2011 13:33,5.95,15952.0,United Kingdom
568703,21557,SET OF 6 FUNKY BEAKERS,1,9/28/2011 15:21,2.95,12748.0,United Kingdom
565865,22398,MAGNETS PACK OF 4 SWALLOWS,12,9/7/2011 15:07,0.39,12637.0,France
539050,20961,STRAWBERRY BATH SPONGE ,1,12/15/2010 16:21,1.25,12577.0,France
568655,22852,DOG BOWL VINTAGE CREAM,4,9/28/2011 12:20,4.25,17611.0,United Kingdom
575007,21114,LAVENDER SCENTED FABRIC HEART,10,11/8/2011 11:20,1.25,14140.0,United Kingdom
573183,21867,PINK UNION JACK  LUGGAGE TAG,1,10/28/2011 11:33,1.25,15028.0,United Kingdom
561894,23080,RED METAL BOX TOP SECRET,1,7/31/2011 15:00,8.25,14456.0,United Kingdom
576217,22113,GREY HEART HOT WATER BOTTLE,2,11/14/2011 12:56,4.25,17081.0,United Kingdom
542933,84375,SET OF 20 KIDS COOKIE CUTTERS,48,2/2/2011 10:56,2.1,14411.0,United Kingdom
580306,20713,JUMBO BAG OWLS,10,12/2/2011 14:29,2.08,14250.0,United Kingdom
554372,23165,LARGE CERAMIC TOP STORAGE JAR,12,5/24/2011 10:50,1.65,13842.0,United Kingdom
540258,21156,RETROSPOT CHILDRENS APRON,80,1/6/2011 8:52,1.65,14045.0,United Kingdom
575725,21498,RED RETROSPOT WRAP ,25,11/10/2011 18:46,0.42,13098.0,United Kingdom
558684,23124,18PC WOODEN CUTLERY SET DISPOSABLE,16,7/1/2011 11:29,1.25,14016.0,EIRE
546509,21556,CERAMIC STRAWBERRY MONEY BOX,6,3/14/2011 12:15,2.55,14911.0,EIRE
545901,22629,SPACEBOY LUNCH BOX ,3,3/7/2011 17:52,1.95,15834.0,United Kingdom
565261,22333,RETROSPOT PARTY BAG + STICKER SET,8,9/2/2011 10:53,1.65,12474.0,Germany
574555,23300,GARDENERS KNEELING PAD CUP OF TEA ,5,11/4/2011 15:29,1.65,16426.0,United Kingdom
568207,35970,ZINC FOLKART SLEIGH BELLS,12,9/25/2011 15:34,1.69,15150.0,United Kingdom
573774,23206,LUNCH BAG APPLE DESIGN,50,11/1/2011 10:27,1.45,16029.0,United Kingdom
557217,22037,ROBOT BIRTHDAY CARD,12,6/17/2011 12:30,0.42,17426.0,United Kingdom
572720,21080,SET/20 RED RETROSPOT PAPER NAPKINS ,2,10/25/2011 15:04,0.85,13978.0,United Kingdom
581420,22326,ROUND SNACK BOXES SET OF4 WOODLAND ,6,12/8/2011 15:09,2.95,16358.0,United Kingdom
562430,84380,SET OF 3 BUTTERFLY COOKIE CUTTERS,2,8/4/2011 17:26,1.25,18109.0,United Kingdom
558705,23202,JUMBO BAG VINTAGE LEAF,1,7/1/2011 12:52,2.08,12748.0,United Kingdom
548617,21430,SET/3 RED GINGHAM ROSE STORAGE BOX,4,4/1/2011 11:50,3.75,16592.0,United Kingdom
567818,22152,PLACE SETTING WHITE STAR,12,9/22/2011 12:41,0.42,14395.0,United Kingdom
568069,23401,RUSTIC MIRROR WITH LACE HEART,2,9/23/2011 14:05,6.25,13336.0,United Kingdom
543913,22624,IVORY KITCHEN SCALES,1,2/14/2011 13:11,8.5,17591.0,United Kingdom
580865,22557,PLASTERS IN TIN VINTAGE PAISLEY ,1,12/6/2011 11:58,1.65,17914.0,United Kingdom
553527,20685,DOORMAT RED RETROSPOT,10,5/17/2011 14:57,6.75,15123.0,United Kingdom
537224,22294,HEART FILIGREE DOVE  SMALL,7,12/5/2010 16:24,1.25,13174.0,United Kingdom
546542,22115,METAL SIGN EMPIRE TEA,1,3/14/2011 15:13,2.95,13263.0,United Kingdom
543277,21122,SET/10 PINK POLKADOT PARTY CANDLES,2,2/6/2011 14:33,1.25,15808.0,United Kingdom
548152,22222,CAKE PLATE LOVEBIRD WHITE,3,3/29/2011 13:04,4.95,17398.0,United Kingdom
558367,22433,WATERING CAN GREEN DINOSAUR,2,6/28/2011 15:31,1.95,16550.0,United Kingdom
C573321,23014,GLASS APOTHECARY BOTTLE ELIXIR,-1,10/30/2011 10:35,3.95,14546.0,United Kingdom
571301,85099B,JUMBO BAG RED RETROSPOT,10,10/17/2011 8:59,2.08,15218.0,United Kingdom
555508,21172,PARTY METAL SIGN ,9,6/3/2011 16:45,1.45,16880.0,United Kingdom
580635,23399,HOME SWEET HOME HANGING HEART,1,12/5/2011 12:30,0.85,14649.0,United Kingdom
545227,22204,MILK PAN BLUE POLKADOT,8,3/1/2011 9:35,3.75,12428.0,Finland
566929,22752,SET 7 BABUSHKA NESTING BOXES,24,9/15/2011 15:21,7.65,17428.0,United Kingdom
555125,21929,JUMBO BAG PINK VINTAGE PAISLEY,10,5/31/2011 15:26,2.08,13481.0,United Kingdom
C549783,22060,LARGE CAKE STAND HANGING HEARTS,-5,4/12/2011 11:50,3.95,16558.0,United Kingdom
545049,84971S,SMALL HEART FLOWERS HOOK ,13,2/27/2011 11:53,0.85,15046.0,United Kingdom
542777,22137,BATHROOM SET LOVE HEART DESIGN,6,2/1/2011 8:31,2.95,14911.0,EIRE
573150,22086,PAPER CHAIN KIT 50'S CHRISTMAS ,2,10/27/2011 20:07,2.95,15014.0,United Kingdom
575333,23529,DOLLY GIRL WALL ART,6,11/9/2011 13:54,3.75,13209.0,United Kingdom
549240,22966,GINGERBREAD MAN COOKIE CUTTER,4,4/7/2011 11:37,1.25,15910.0,United Kingdom
579881,22398,MAGNETS PACK OF 4 SWALLOWS,12,11/30/2011 17:22,0.39,12429.0,Denmark
581221,23212,HEART WREATH DECORATION WITH BELL,36,12/8/2011 9:40,1.25,17856.0,United Kingdom
570420,21524,DOORMAT SPOTTY HOME SWEET HOME,1,10/10/2011 13:33,8.25,17841.0,United Kingdom
560726,85032C,CURIOUS IMAGES GIFT WRAP SET,1,7/20/2011 14:16,0.65,17962.0,United Kingdom
575318,23265,SET OF 3 WOODEN TREE DECORATIONS,12,11/9/2011 13:17,1.25,14921.0,United Kingdom
545709,22962,JAM JAR WITH PINK LID,12,3/7/2011 9:49,0.85,12708.0,Germany
576054,21913,VINTAGE SEASIDE JIGSAW PUZZLES,1,11/13/2011 14:55,3.75,15787.0,United Kingdom
571312,23243,SET OF TEA COFFEE SUGAR TINS PANTRY,4,10/17/2011 10:42,4.95,12474.0,Germany
567306,22569,FELTCRAFT CUSHION BUTTERFLY,24,9/19/2011 13:32,3.39,12752.0,Norway
564049,22893,MINI CAKE STAND T-LIGHT HOLDER,3,8/22/2011 13:30,0.42,17585.0,United Kingdom
559000,22055,MINI CAKE STAND  HANGING STRAWBERY,1,7/5/2011 12:15,1.65,14099.0,United Kingdom
541112,22523,CHILDS GARDEN FORK PINK,12,1/13/2011 15:17,0.85,18085.0,United Kingdom
575340,22047,EMPIRE GIFT WRAP,25,11/9/2011 14:31,0.42,15485.0,United Kingdom
559804,22714,CARD BIRTHDAY COWBOY,12,7/12/2011 14:17,0.42,17405.0,United Kingdom
571906,22112,CHOCOLATE HOT WATER BOTTLE,3,10/19/2011 14:55,4.95,14297.0,United Kingdom
564342,22083,PAPER CHAIN KIT RETROSPOT,2,8/24/2011 14:53,2.95,16340.0,United Kingdom
565221,82483,WOOD 2 DRAWER CABINET WHITE FINISH,16,9/1/2011 18:49,5.95,16525.0,United Kingdom
555536,22625,RED KITCHEN SCALES,2,6/5/2011 12:28,8.5,17675.0,United Kingdom
568692,23393,HOME SWEET HOME CUSHION COVER ,4,9/28/2011 14:48,3.75,13901.0,United Kingdom
570488,22617,BAKING SET SPACEBOY DESIGN,2,10/10/2011 17:12,10.79,14096.0,United Kingdom
570179,22082,RIBBON REEL STRIPES DESIGN ,10,10/7/2011 14:27,1.65,17509.0,United Kingdom
551834,23145,ZINC T-LIGHT HOLDER STAR LARGE,12,5/4/2011 13:13,0.95,16610.0,United Kingdom
552265,23044,PAPER LANTERN 9 POINT HOLLY STAR S,4,5/8/2011 11:41,4.15,14161.0,United Kingdom
540907,84997B,RED 3 PIECE RETROSPOT CUTLERY SET,6,1/12/2011 11:52,3.75,13488.0,United Kingdom
556264,22699,ROSES REGENCY TEACUP AND SAUCER ,6,6/9/2011 18:42,2.95,16107.0,United Kingdom
538488,20713,JUMBO BAG OWLS,2,12/12/2010 12:41,1.95,13715.0,United Kingdom
544198,22084,PAPER CHAIN KIT EMPIRE,12,2/17/2011 9:53,2.95,12971.0,United Kingdom
572457,22326,ROUND SNACK BOXES SET OF4 WOODLAND ,18,10/24/2011 12:44,2.95,12594.0,Italy
555284,84549,CROCHET WHITE RABBIT KEYRING ,24,6/2/2011 9:37,1.45,14298.0,United Kingdom
554994,21035,SET/2 RED RETROSPOT TEA TOWELS ,2,5/29/2011 14:18,3.25,14606.0,United Kingdom
555931,21447,12 IVORY ROSE PEG PLACE SETTINGS,12,6/8/2011 8:31,1.25,17828.0,Malta
563950,23306,SET OF 36 DOILIES PANTRY DESIGN,12,8/22/2011 10:39,1.45,12471.0,Germany
560025,20719,WOODLAND CHARLOTTE BAG,1,7/14/2011 13:00,0.85,18283.0,United Kingdom
545871,23233,WRAP POPPIES  DESIGN,25,3/7/2011 14:51,0.42,17092.0,United Kingdom
567183,22915,ASSORTED BOTTLE TOP  MAGNETS ,6,9/18/2011 15:32,0.42,14769.0,United Kingdom
564219,20676,RED RETROSPOT BOWL,72,8/24/2011 9:30,1.06,16422.0,United Kingdom
537888,22587,FELTCRAFT HAIRBAND RED AND BLUE,12,12/9/2010 10:04,0.85,15358.0,United Kingdom
580611,21993,FLORAL FOLK STATIONERY SET,1,12/5/2011 11:49,1.25,12748.0,United Kingdom
552575,20975,12 PENCILS SMALL TUBE RED RETROSPOT,24,5/10/2011 12:25,0.65,14397.0,United Kingdom
581334,23263,SET OF 3 WOODEN HEART DECORATIONS,12,12/8/2011 12:07,1.25,17841.0,United Kingdom
569231,22338,STAR DECORATION PAINTED ZINC ,24,10/2/2011 15:18,0.19,13379.0,United Kingdom
546553,21166,COOK WITH WINE METAL SIGN ,12,3/15/2011 8:52,2.08,13499.0,United Kingdom
541280,22971,QUEENS GUARD COFFEE MUG,6,1/17/2011 11:57,2.55,15296.0,United Kingdom
571809,23313,VINTAGE CHRISTMAS BUNTING,1,10/19/2011 11:44,4.95,15039.0,United Kingdom
570498,23217,LAUREL HEART ANTIQUE SILVER,12,10/11/2011 9:10,1.25,16136.0,United Kingdom
553537,22197,SMALL POPCORN HOLDER,12,5/17/2011 15:25,0.85,14032.0,United Kingdom
546912,22446,PIN CUSHION BABUSHKA PINK,3,3/17/2011 20:12,3.35,15861.0,United Kingdom
572316,23185,FRENCH STYLE STORAGE JAR JAM,4,10/23/2011 16:13,0.29,17836.0,United Kingdom
548864,22091,EMPIRE TISSUE BOX,2,4/4/2011 14:00,1.25,15756.0,United Kingdom
559774,84978,HANGING HEART JAR T-LIGHT HOLDER,4,7/12/2011 11:37,1.25,18122.0,United Kingdom
555943,22554,PLASTERS IN TIN WOODLAND ANIMALS,24,6/8/2011 10:15,1.65,13520.0,Switzerland
539411,84970S,HANGING HEART ZINC T-LIGHT HOLDER,12,12/17/2010 13:29,0.85,14243.0,United Kingdom
544336,22072,RED RETROSPOT TEA CUP AND SAUCER ,1,2/17/2011 19:36,3.75,13230.0,United Kingdom
561352,22910,PAPER CHAIN KIT VINTAGE CHRISTMAS,40,7/26/2011 14:41,2.55,18094.0,United Kingdom
539297,22149,FELTCRAFT 6 FLOWER FRIENDS,6,12/16/2010 17:20,2.1,17691.0,United Kingdom
562540,21162,TOXIC AREA  DOOR HANGER ,3,8/5/2011 15:38,0.39,17400.0,United Kingdom
546261,84507B,STRIPES DESIGN MONKEY DOLL,1,3/10/2011 15:01,2.55,17841.0,United Kingdom
568831,23329,DECORATIVE WICKER HEART LARGE,12,9/29/2011 11:35,1.65,16059.0,United Kingdom
547866,23078,ICE CREAM PEN LIP GLOSS ,48,3/27/2011 13:21,1.25,14878.0,United Kingdom
573999,23198,PANTRY MAGNETIC  SHOPPING LIST,12,11/2/2011 11:43,1.45,12779.0,Poland
577141,23546,WRAP PAISLEY PARK ,25,11/18/2011 9:11,0.42,13269.0,United Kingdom
573029,47310M,SMALL POP BOX FUNKY MONKEY,1,10/27/2011 13:33,1.25,14971.0,United Kingdom
576339,21912,VINTAGE SNAKES & LADDERS,2,11/14/2011 15:27,7.46,14096.0,United Kingdom
578088,22483,RED GINGHAM TEDDY BEAR ,1,11/22/2011 16:47,2.95,16376.0,United Kingdom
537659,85064,CREAM SWEETHEART LETTER RACK,160,12/7/2010 16:43,3.88,18102.0,United Kingdom
576339,47593B,SCOTTIE DOGS BABY BIB,1,11/14/2011 15:27,0.83,14096.0,United Kingdom
559134,22557,PLASTERS IN TIN VINTAGE PAISLEY ,12,7/6/2011 13:14,1.65,12700.0,France
575202,23085,ANTIQUE SILVER BAUBLE LAMP  ,2,11/9/2011 10:14,10.4,13018.0,United Kingdom
557010,48116,DOORMAT MULTICOLOUR STRIPE,2,6/16/2011 11:48,7.95,14289.0,United Kingdom
576689,23506,MINI PLAYING CARDS SPACEBOY ,6,11/16/2011 12:18,0.42,16657.0,United Kingdom
555949,20725,LUNCH BAG RED RETROSPOT,10,6/8/2011 10:50,1.65,16626.0,United Kingdom
581412,22070,SMALL RED RETROSPOT MUG IN BOX ,2,12/8/2011 14:38,3.75,14415.0,United Kingdom
577504,21212,PACK OF 72 RETROSPOT CAKE CASES,1,11/20/2011 12:36,0.55,14159.0,United Kingdom
544803,85040A,S/4 PINK FLOWER CANDLES IN BOWL,1,2/23/2011 14:29,1.65,14606.0,United Kingdom
579552,21733,RED HANGING HEART T-LIGHT HOLDER,32,11/30/2011 10:54,2.55,16210.0,United Kingdom
576065,23681,LUNCH BAG RED VINTAGE DOILY,2,11/13/2011 15:42,1.65,15005.0,United Kingdom
581057,21703,BAG 125g SWIRLY MARBLES,12,12/7/2011 11:03,0.42,16817.0,United Kingdom
545658,22989,SET 2 PANTRY DESIGN TEA TOWELS,2,3/4/2011 14:13,3.25,14670.0,United Kingdom
572134,21620,SET OF 4 ROSE BOTANICAL CANDLES,12,10/21/2011 10:13,1.25,12500.0,Germany
559893,21673,WHITE SPOT BLUE CERAMIC DRAWER KNOB,4,7/13/2011 12:06,1.25,14498.0,United Kingdom
544169,22570,FELTCRAFT CUSHION RABBIT,4,2/16/2011 13:44,3.75,13078.0,United Kingdom
538903,21386,IVORY HANGING DECORATION  EGG,12,12/15/2010 10:17,0.85,13496.0,United Kingdom
539215,21623,VINTAGE UNION JACK MEMOBOARD,1,12/16/2010 12:42,9.95,15574.0,United Kingdom
573576,21090,SET/6 COLLAGE PAPER PLATES,9,10/31/2011 14:09,0.83,14096.0,United Kingdom
571102,23284,DOORMAT KEEP CALM AND COME IN,4,10/13/2011 15:50,7.95,16570.0,United Kingdom
580653,85099B,JUMBO BAG RED RETROSPOT,10,12/5/2011 13:34,2.08,17706.0,United Kingdom
576406,23550,WRAP ALPHABET POSTER  ,25,11/15/2011 11:17,0.42,13692.0,United Kingdom
540060,48187,DOORMAT NEW ENGLAND,2,1/4/2011 14:40,7.95,14732.0,United Kingdom
575129,23312,VINTAGE CHRISTMAS GIFT SACK,6,11/8/2011 14:30,4.15,13110.0,United Kingdom
565995,21705,BAG 500g SWIRLY MARBLES,24,9/8/2011 11:48,1.65,16076.0,United Kingdom
577049,22210,WOOD STAMP SET BEST WISHES,1,11/17/2011 13:58,0.83,17397.0,United Kingdom
550835,21623,VINTAGE UNION JACK MEMOBOARD,2,4/21/2011 10:52,9.95,15034.0,United Kingdom
568833,22975,SPACEBOY CHILDRENS EGG CUP,12,9/29/2011 11:39,1.25,17348.0,United Kingdom
544717,22149,FELTCRAFT 6 FLOWER FRIENDS,12,2/23/2011 10:44,2.1,18172.0,United Kingdom
544074,85188A,GREEN METAL SWINGING BUNNY,12,2/15/2011 14:49,0.85,14156.0,EIRE
567323,22419,LIPSTICK PEN RED,8,9/19/2011 14:23,0.42,17557.0,United Kingdom
557764,21673,WHITE SPOT BLUE CERAMIC DRAWER KNOB,24,6/22/2011 14:21,1.25,13089.0,United Kingdom
551584,22607,WOODEN ROUNDERS GARDEN SET ,2,5/3/2011 11:22,9.95,15620.0,United Kingdom
558200,82582,AREA PATROLLED METAL SIGN,2,6/27/2011 13:00,2.1,15976.0,United Kingdom
541850,84457,SET/3 RABBITS FLOWER SKIPPPING ROPE,1,1/23/2011 13:58,0.85,14224.0,United Kingdom
537395,21100,CHARLIE AND LOLA CHARLOTTE BAG,1,12/6/2010 14:05,1.65,15356.0,United Kingdom
536761,21155,RED RETROSPOT PEG BAG,6,12/2/2010 14:30,2.1,13491.0,United Kingdom
563161,20727,LUNCH BAG  BLACK SKULL.,10,8/12/2011 12:15,1.65,14790.0,United Kingdom
561246,21172,PARTY METAL SIGN ,12,7/26/2011 11:38,1.45,16951.0,United Kingdom
563615,21679,SKULLS  STICKERS,12,8/18/2011 9:01,0.85,16945.0,United Kingdom
567880,23202,JUMBO BAG VINTAGE LEAF,10,9/22/2011 14:56,2.08,15398.0,United Kingdom
544167,22730,ALARM CLOCK BAKELIKE IVORY,4,2/16/2011 13:14,3.75,14755.0,United Kingdom
544887,21722,SWEET PUDDING STICKER SHEET,8,2/24/2011 11:54,0.85,17364.0,United Kingdom
570410,22745,POPPY'S PLAYHOUSE BEDROOM ,3,10/10/2011 13:04,2.1,16776.0,United Kingdom
542534,22605,WOODEN CROQUET GARDEN SET,3,1/28/2011 13:27,14.95,13707.0,United Kingdom
555477,23202,JUMBO BAG VINTAGE LEAF,10,6/3/2011 12:26,2.08,12359.0,Cyprus
574700,22112,CHOCOLATE HOT WATER BOTTLE,2,11/6/2011 13:53,4.95,16033.0,United Kingdom
562213,23301,GARDENERS KNEELING PAD KEEP CALM ,2,8/3/2011 13:39,1.65,13975.0,United Kingdom
567180,22440,BALLOON WATER BOMB PACK OF 35,6,9/18/2011 14:56,0.42,17802.0,United Kingdom
550834,22979,PANTRY WASHING UP BRUSH,1,4/21/2011 10:51,1.45,14730.0,United Kingdom
542932,22692,DOORMAT WELCOME TO OUR HOME,4,2/2/2011 10:54,7.95,13089.0,United Kingdom
577741,23480,MINI LIGHTS WOODLAND MUSHROOMS,4,11/21/2011 13:40,3.75,12921.0,United Kingdom
552561,23298,SPOTTY BUNTING,9,5/10/2011 11:49,4.95,17581.0,United Kingdom
576924,23499,SET 12 VINTAGE DOILY CHALK ,24,11/17/2011 10:53,0.42,17419.0,United Kingdom
554368,84978,HANGING HEART JAR T-LIGHT HOLDER,24,5/24/2011 10:33,1.25,13267.0,United Kingdom
553151,21390,FILIGRIS HEART WITH BUTTERFLY,24,5/13/2011 14:53,1.25,13089.0,United Kingdom
576081,23204,CHARLOTTE BAG APPLES DESIGN,10,11/14/2011 8:16,0.85,15203.0,United Kingdom
540692,21520,BOOZE & WOMEN GREETING CARD ,12,1/11/2011 9:12,0.42,14320.0,United Kingdom
558461,23240,SET OF 4 KNICK KNACK TINS DOILEY ,2,6/29/2011 15:03,4.15,13263.0,United Kingdom
573096,84378,SET OF 3 HEART COOKIE CUTTERS,12,10/27/2011 14:40,1.45,14004.0,United Kingdom
580397,21535,RED RETROSPOT SMALL MILK JUG,1,12/4/2011 11:24,2.55,13558.0,United Kingdom
581192,22897,OVEN MITT APPLES DESIGN,2,12/7/2011 17:05,1.45,15883.0,United Kingdom
565854,22629,SPACEBOY LUNCH BOX ,12,9/7/2011 13:22,1.95,12490.0,France
563369,35651,VINTAGE BEAD PINK SCARF ,12,8/16/2011 9:25,1.65,13394.0,United Kingdom
546440,82494L,WOODEN FRAME ANTIQUE WHITE ,6,3/14/2011 10:31,2.95,16871.0,United Kingdom
575054,23108,SET OF 10 LED DOLLY LIGHTS,2,11/8/2011 12:18,6.25,16945.0,United Kingdom
537254,20765,CHRYSANTHEMUM SKETCHBOOK ,1,12/6/2010 11:01,3.75,15898.0,United Kingdom
556415,23050,RECYCLED ACAPULCO MAT GREEN,6,6/10/2011 12:19,8.25,12409.0,Switzerland
553351,22197,SMALL POPCORN HOLDER,20,5/16/2011 13:35,0.85,18118.0,United Kingdom
575063,22470,HEART OF WICKER LARGE,3,11/8/2011 12:32,2.95,16764.0,United Kingdom
556063,20728,LUNCH BAG CARS BLUE,2,6/8/2011 14:09,1.65,14587.0,United Kingdom
547062,35810B,ENAMEL BLUE RIM COFFEE CONTAINER,3,3/20/2011 13:28,0.83,16728.0,United Kingdom
560453,16219,HOUSE SHAPE PENCIL SHARPENER,12,7/19/2011 9:52,0.21,13209.0,United Kingdom
561092,23263,SET OF 3 WOODEN HEART DECORATIONS,12,7/25/2011 9:58,1.25,17054.0,United Kingdom
557957,23244,ROUND STORAGE TIN VINTAGE LEAF,2,6/23/2011 19:20,1.95,13969.0,United Kingdom
551250,22664,TOY TIDY DOLLY GIRL DESIGN,1,4/27/2011 12:00,2.1,17841.0,United Kingdom
C564751,22768,FAMILY PHOTO FRAME CORNICE,-1,8/30/2011 10:06,9.95,17828.0,Malta
540489,84755,COLOUR GLASS T-LIGHT HOLDER HANGING,16,1/7/2011 16:32,0.65,13593.0,United Kingdom
553721,22460,EMBOSSED GLASS TEALIGHT HOLDER,24,5/18/2011 16:37,1.25,16570.0,United Kingdom
562439,22493,PAINT YOUR OWN CANVAS SET,360,8/4/2011 18:06,1.45,12931.0,United Kingdom
540953,22332,SKULLS PARTY BAG + STICKER SET,1,1/12/2011 13:16,1.65,14587.0,United Kingdom
556970,23089,GLASS BON BON JAR,12,6/16/2011 10:18,1.65,13082.0,United Kingdom
564346,23329,DECORATIVE WICKER HEART LARGE,12,8/24/2011 14:54,1.65,15727.0,United Kingdom
569579,21166,COOK WITH WINE METAL SIGN ,12,10/5/2011 11:06,2.08,17666.0,United Kingdom
542711,85049D,BRIGHT BLUES RIBBONS ,1,1/31/2011 13:19,1.25,17894.0,United Kingdom
553922,23298,SPOTTY BUNTING,3,5/20/2011 9:24,4.95,17926.0,United Kingdom
576269,23194,GYMKHANA TREASURE BOOK BOX,8,11/14/2011 14:23,2.25,12762.0,Portugal
537844,85174,S/4 CACTI CANDLES,1,12/8/2010 15:17,4.95,17999.0,United Kingdom
552695,22652,TRAVEL SEWING KIT,10,5/10/2011 15:31,1.65,16320.0,Unspecified
577038,22720,SET OF 3 CAKE TINS PANTRY DESIGN ,2,11/17/2011 13:30,4.95,14796.0,United Kingdom
571033,22544,MINI JIGSAW SPACEBOY,24,10/13/2011 12:46,0.42,14251.0,United Kingdom
570488,21524,DOORMAT SPOTTY HOME SWEET HOME,1,10/10/2011 17:12,16.63,14096.0,United Kingdom
570836,23168,CLASSIC CAFE SUGAR DISPENSER,12,10/12/2011 13:55,1.25,17410.0,United Kingdom
543907,22195,LARGE HEART MEASURING SPOONS,1,2/14/2011 12:16,1.65,17346.0,United Kingdom
572233,21559,STRAWBERRY LUNCH BOX WITH CUTLERY,60,10/21/2011 14:41,2.1,14646.0,Netherlands
540353,22665,RECIPE BOX BLUE SKETCHBOOK DESIGN,1,1/6/2011 14:53,2.95,13764.0,United Kingdom
561068,21754,HOME BUILDING BLOCK WORD,3,7/24/2011 14:33,5.95,13116.0,United Kingdom
548169,47559B,TEA TIME OVEN GLOVE,7,3/29/2011 13:48,1.25,14680.0,United Kingdom
537781,21375,LARGE CAMPHOR WOOD FIELD MUSHROOM ,1,12/8/2010 12:46,5.45,17341.0,United Kingdom
542107,22083,PAPER CHAIN KIT RETROSPOT,1,1/25/2011 13:38,2.95,16222.0,United Kingdom
547902,22720,SET OF 3 CAKE TINS PANTRY DESIGN ,1,3/28/2011 11:58,4.95,17765.0,United Kingdom
C580179,21231,SWEETHEART CERAMIC TRINKET BOX,-3,12/2/2011 11:58,1.25,13352.0,United Kingdom
579196,82483,WOOD 2 DRAWER CABINET WHITE FINISH,1,11/28/2011 15:54,14.13,14096.0,United Kingdom
536638,22502,PICNIC BASKET WICKER SMALL,4,12/2/2010 11:41,5.95,16244.0,United Kingdom
559933,22704,WRAP RED APPLES ,25,7/14/2011 9:54,0.42,16719.0,United Kingdom
578041,21154,RED RETROSPOT OVEN GLOVE ,4,11/22/2011 14:23,1.25,17338.0,United Kingdom
558893,23119,PACK OF 6 LARGE FRUIT STRAWS ,12,7/4/2011 15:49,0.62,17581.0,United Kingdom
581395,22982,PANTRY PASTRY BRUSH,2,12/8/2011 13:18,1.25,16892.0,United Kingdom
556521,82581,TOILET METAL SIGN,2,6/13/2011 11:15,0.55,14573.0,United Kingdom
550643,20823,GOLD WINE GOBLET,4,4/19/2011 16:14,0.79,18116.0,United Kingdom
543978,22045,SPACEBOY GIFT WRAP,25,2/14/2011 15:37,0.42,12867.0,United Kingdom
C554266,23199,JUMBO BAG APPLES,-2,5/23/2011 12:48,2.08,12474.0,Germany
550357,22789,T-LIGHT HOLDER SWEETHEART HANGING,8,4/18/2011 10:35,1.95,16617.0,United Kingdom
556104,84970L,SINGLE HEART ZINC T-LIGHT HOLDER,12,6/8/2011 16:34,0.95,13875.0,United Kingdom
581402,23557,LANDMARK FRAME BAKER STREET ,1,12/8/2011 13:45,12.5,14653.0,United Kingdom
546509,21527,RED RETROSPOT TRADITIONAL TEAPOT ,2,3/14/2011 12:15,7.95,14911.0,EIRE
569823,23539,WALL ART LOVES' SECRET ,1,10/6/2011 12:15,5.95,16895.0,United Kingdom
574011,22694,WICKER STAR ,6,11/2/2011 11:52,2.1,16884.0,United Kingdom
576689,20726,LUNCH BAG WOODLAND,1,11/16/2011 12:18,1.65,16657.0,United Kingdom
562125,22905,CALENDAR IN SEASON DESIGN,2,8/2/2011 17:29,2.95,17887.0,United Kingdom
575607,21147,JINGLE BELLS TREE DECORATION,4,11/10/2011 12:37,2.46,14096.0,United Kingdom
562670,22796,PHOTO FRAME 3 CLASSIC HANGING,2,8/8/2011 13:42,9.95,14911.0,EIRE
573311,22627,MINT KITCHEN SCALES,1,10/28/2011 16:45,8.5,14071.0,United Kingdom
543737,22168,ORGANISER WOOD ANTIQUE WHITE ,2,2/11/2011 12:45,8.5,12477.0,Germany
543162,22722,SET OF 6 SPICE TINS PANTRY DESIGN,2,2/3/2011 18:08,3.95,17507.0,United Kingdom
557956,23203,JUMBO BAG DOILEY PATTERNS,3,6/23/2011 19:20,2.08,18283.0,United Kingdom
571502,21922,UNION STRIPE WITH FRINGE  HAMMOCK,4,10/17/2011 15:18,7.95,14422.0,United Kingdom
580396,22993,SET OF 4 PANTRY JELLY MOULDS,1,12/4/2011 11:00,1.25,13838.0,United Kingdom
571296,23319,BOX OF 6 MINI 50'S CRACKERS,1,10/16/2011 16:13,2.49,13760.0,United Kingdom
578233,23434,3 RAFFIA RIBBONS 50'S CHRISTMAS ,10,11/23/2011 12:20,0.79,14049.0,United Kingdom
556964,85123A,WHITE HANGING HEART T-LIGHT HOLDER,6,6/16/2011 9:46,2.95,16145.0,United Kingdom
569843,21990,MODERN FLORAL STATIONERY SET,2,10/6/2011 13:29,1.25,14449.0,United Kingdom
536639,22637,PIGGY BANK RETROSPOT ,6,12/2/2010 11:45,2.55,15111.0,United Kingdom
577058,82613C,"METAL SIGN,CUPCAKE SINGLE HOOK",1,11/17/2011 14:29,1.25,18122.0,United Kingdom
542584,22902,TOTE BAG I LOVE LONDON,3,1/28/2011 15:21,2.1,18016.0,United Kingdom
555003,POST,POSTAGE,1,5/31/2011 9:36,15.0,12787.0,Netherlands
563613,23307,SET OF 60 PANTRY DESIGN CAKE CASES ,24,8/18/2011 8:49,0.55,12688.0,Israel
555340,21034,REX CASH+CARRY JUMBO SHOPPER,1,6/2/2011 11:33,0.95,13334.0,United Kingdom
579605,22555,PLASTERS IN TIN STRONGMAN,6,11/30/2011 12:01,1.65,15024.0,United Kingdom
546915,21136,PAINTED METAL PEARS ASSORTED,8,3/18/2011 8:31,1.69,15695.0,United Kingdom
557960,23300,GARDENERS KNEELING PAD CUP OF TEA ,1,6/23/2011 19:46,1.65,15453.0,United Kingdom
557518,47593B,SCOTTIE DOGS BABY BIB,1,6/20/2011 17:14,0.39,15280.0,United Kingdom
557406,21930,JUMBO STORAGE BAG SKULLS,5,6/20/2011 11:30,2.08,15747.0,United Kingdom
562430,22666,RECIPE BOX PANTRY YELLOW DESIGN,2,8/4/2011 17:26,2.95,18109.0,United Kingdom
572280,22729,ALARM CLOCK BAKELIKE ORANGE,1,10/23/2011 11:05,3.75,16007.0,United Kingdom
581476,22667,RECIPE BOX RETROSPOT ,24,12/9/2011 8:48,2.55,12433.0,Norway
568699,21756,BATH BUILDING BLOCK WORD,3,9/28/2011 14:58,6.25,12352.0,Norway
563022,84673A,PINK FLY SWAT,4,8/11/2011 13:34,0.65,17248.0,United Kingdom
555508,21901,"KEY FOB , BACK DOOR ",4,6/3/2011 16:45,0.65,16880.0,United Kingdom
571183,23154,SET OF 4 JAM JAR MAGNETS,2,10/14/2011 11:08,2.08,14796.0,United Kingdom
577106,23080,RED METAL BOX TOP SECRET,1,11/17/2011 17:18,8.25,14456.0,United Kingdom
549711,21912,VINTAGE SNAKES & LADDERS,4,4/11/2011 14:07,3.75,13654.0,United Kingdom
538903,22169,FAMILY ALBUM WHITE PICTURE FRAME,2,12/15/2010 10:17,8.5,13496.0,United Kingdom
578999,20767,BLUE PAISLEY JOURNAL ,1,11/27/2011 16:08,2.55,17595.0,United Kingdom
542647,48138,DOORMAT UNION FLAG,4,1/31/2011 11:46,7.95,18245.0,United Kingdom
552731,22704,WRAP RED APPLES ,25,5/11/2011 10:43,0.42,12372.0,Denmark
564536,23341,PINK DINER WALL CLOCK,1,8/25/2011 15:12,8.5,13159.0,United Kingdom
558442,21407,BROWN CHECK CAT DOORSTOP ,1,6/29/2011 13:10,4.25,15537.0,United Kingdom
546784,22426,ENAMEL WASH BOWL CREAM,4,3/17/2011 9:49,3.75,18189.0,United Kingdom
561661,22906,12 MESSAGE CARDS WITH ENVELOPES,1,7/28/2011 16:21,1.65,12743.0,Unspecified
544102,22796,PHOTO FRAME 3 CLASSIC HANGING,2,2/16/2011 10:32,9.95,14665.0,United Kingdom
549101,84978,HANGING HEART JAR T-LIGHT HOLDER,10,4/6/2011 11:34,1.25,14606.0,United Kingdom
549148,22411,JUMBO SHOPPER VINTAGE RED PAISLEY,5,4/6/2011 15:31,2.08,14534.0,United Kingdom
564188,22508,DOORSTOP RETROSPOT HEART,2,8/23/2011 15:33,3.75,13140.0,United Kingdom
544271,21238,RED RETROSPOT CUP,8,2/17/2011 11:46,0.85,17083.0,United Kingdom
556926,22904,CALENDAR PAPER CUT DESIGN,1,6/15/2011 14:26,2.95,16324.0,United Kingdom
573360,21754,HOME BUILDING BLOCK WORD,1,10/30/2011 12:51,6.25,15748.0,United Kingdom
537653,22867,HAND WARMER BIRD DESIGN,4,12/7/2010 15:54,2.1,17897.0,United Kingdom
581449,22865,HAND WARMER OWL DESIGN,1,12/8/2011 17:37,2.1,12748.0,United Kingdom
555547,21544,SKULLS  WATER TRANSFER TATTOOS ,12,6/5/2011 13:13,0.85,12681.0,France
558542,22173,METAL 4 HOOK HANGER FRENCH CHATEAU,4,6/30/2011 12:23,2.95,13593.0,United Kingdom
563911,23345, DOLLY GIRL BEAKER,12,8/21/2011 12:39,1.25,16265.0,United Kingdom
573407,22077,6 RIBBONS RUSTIC CHARM,1,10/30/2011 15:58,1.95,18067.0,United Kingdom
549558,22638,SET OF 4 NAPKIN CHARMS CROWNS ,1,4/10/2011 13:21,2.55,15058.0,United Kingdom
553055,23170,REGENCY TEA PLATE ROSES ,12,5/13/2011 10:35,1.65,16618.0,United Kingdom
572668,21524,DOORMAT SPOTTY HOME SWEET HOME,1,10/25/2011 13:07,8.25,18045.0,United Kingdom
559866,22549,PICTURE DOMINOES,12,7/13/2011 10:43,1.45,15795.0,United Kingdom
573578,23215,JINGLE BELL HEART ANTIQUE SILVER,24,10/31/2011 14:13,2.08,16018.0,United Kingdom
540642,22629,SPACEBOY LUNCH BOX ,24,1/10/2011 13:22,1.95,12681.0,France
558996,20750,RED RETROSPOT MINI CASES,2,7/5/2011 12:11,7.95,13085.0,United Kingdom
568203,35970,ZINC FOLKART SLEIGH BELLS,12,9/25/2011 15:15,1.69,13435.0,United Kingdom
563090,22983,CARD BILLBOARD FONT,12,8/11/2011 17:00,0.42,16186.0,United Kingdom
565726,23208,LUNCH BAG VINTAGE LEAF DESIGN,10,9/6/2011 11:58,1.65,14360.0,United Kingdom
546502,22429,ENAMEL MEASURING JUG CREAM,1,3/14/2011 11:46,4.25,16005.0,United Kingdom
559863,23146,TRIPLE HOOK ANTIQUE IVORY ROSE,2,7/13/2011 10:33,3.29,15039.0,United Kingdom
566213,23021,GLASS BONNE JAM JAR,4,9/9/2011 15:09,4.15,14895.0,United Kingdom
564437,23207,LUNCH BAG ALPHABET DESIGN,10,8/25/2011 12:10,1.65,13320.0,United Kingdom
562101,23204,CHARLOTTE BAG APPLES DESIGN,10,8/2/2011 14:04,0.85,13850.0,United Kingdom
567798,21622,VINTAGE UNION JACK CUSHION COVER,6,9/22/2011 12:00,4.95,13089.0,United Kingdom
575897,22560,TRADITIONAL MODELLING CLAY,24,11/11/2011 14:53,1.25,15492.0,United Kingdom
578926,22144,CHRISTMAS CRAFT LITTLE FRIENDS,1,11/27/2011 12:24,2.1,18156.0,United Kingdom
562153,23191,BUNDLE OF 3 RETRO NOTE BOOKS,48,8/3/2011 11:21,1.45,14088.0,United Kingdom
555568,84828,JUNGLE POPSICLES ICE LOLLY MOULDS,5,6/5/2011 15:25,1.25,17589.0,United Kingdom
545518,85186A,EASTER BUNNY GARLAND OF FLOWERS,48,3/3/2011 12:24,0.42,18218.0,United Kingdom
577542,22577,WOODEN HEART CHRISTMAS SCANDINAVIAN,10,11/20/2011 14:33,0.29,13565.0,United Kingdom
563175,23287,RED VINTAGE SPOT BEAKER,36,8/12/2011 14:02,0.85,14855.0,United Kingdom
549117,21398,RED POLKADOT COFFEE  MUG,48,4/6/2011 12:56,0.39,13491.0,United Kingdom
557961,23209,LUNCH BAG DOILEY PATTERN ,10,6/24/2011 8:40,1.65,18257.0,United Kingdom
575760,23356,LOVE HOT WATER BOTTLE,2,11/11/2011 10:50,5.95,15965.0,United Kingdom
577785,22617,BAKING SET SPACEBOY DESIGN,1,11/21/2011 16:25,4.95,16369.0,United Kingdom
555545,20727,LUNCH BAG  BLACK SKULL.,10,6/5/2011 13:08,1.65,17735.0,United Kingdom
576112,23256,CHILDRENS CUTLERY SPACEBOY ,4,11/14/2011 10:34,4.15,14902.0,United Kingdom
559173,16161P,WRAP ENGLISH ROSE ,25,7/7/2011 10:03,0.42,12540.0,Spain
578108,51014L,"FEATHER PEN,LIGHT PINK",72,11/23/2011 9:20,0.39,14912.0,Italy
566025,22726,ALARM CLOCK BAKELIKE GREEN,1,9/8/2011 12:55,3.75,17634.0,United Kingdom
538369,22941,CHRISTMAS LIGHTS 10 REINDEER,2,12/12/2010 11:06,8.5,17251.0,United Kingdom
542791,84988,SET OF 72 PINK HEART PAPER DOILIES,9,2/1/2011 10:47,1.45,15039.0,United Kingdom
571496,84992,72 SWEETHEART FAIRY CAKE CASES,24,10/17/2011 15:02,0.55,13265.0,United Kingdom
572287,48185,DOORMAT FAIRY CAKE,1,10/23/2011 12:26,8.25,15584.0,United Kingdom
578509,22334,DINOSAUR PARTY BAG + STICKER SET,8,11/24/2011 13:17,1.65,12705.0,Germany
569866,22577,WOODEN HEART CHRISTMAS SCANDINAVIAN,14,10/6/2011 14:50,0.29,12757.0,Portugal
572613,22423,REGENCY CAKESTAND 3 TIER,2,10/25/2011 11:28,12.75,15345.0,United Kingdom
537781,22030,SWALLOWS GREETING CARD,12,12/8/2010 12:46,0.42,17341.0,United Kingdom
579427,22667,RECIPE BOX RETROSPOT ,2,11/29/2011 13:04,2.95,16479.0,United Kingdom
556537,21417,COCKLE SHELL DISH,12,6/13/2011 12:38,2.1,17725.0,United Kingdom
571227,84792,ENCHANTED BIRD COATHANGER 5 HOOK,8,10/14/2011 13:54,4.65,12477.0,Germany
573364,22695,WICKER WREATH SMALL,4,10/30/2011 13:09,1.45,14710.0,United Kingdom
562587,20749,ASSORTED COLOUR MINI CASES,4,8/7/2011 14:34,7.95,15640.0,United Kingdom
573415,72817,SET OF 2 CHRISTMAS DECOUPAGE CANDLE,2,10/30/2011 16:17,0.79,13607.0,United Kingdom
550332,22060,LARGE CAKE STAND HANGING HEARTS,1,4/17/2011 13:53,3.95,13474.0,United Kingdom
549911,16161U,WRAP SUKI AND FRIENDS,25,4/13/2011 8:26,0.42,14060.0,United Kingdom
577696,22074,6 RIBBONS SHIMMERING PINKS ,1,11/21/2011 11:57,1.65,16406.0,United Kingdom
553873,85099B,JUMBO BAG RED RETROSPOT,20,5/19/2011 14:42,2.08,14859.0,United Kingdom
559200,21232,STRAWBERRY CERAMIC TRINKET BOX,8,7/7/2011 10:36,1.25,13291.0,United Kingdom
542275,22720,SET OF 3 CAKE TINS PANTRY DESIGN ,6,1/27/2011 10:18,4.95,13089.0,United Kingdom
576860,21991,BOHEMIAN COLLAGE STATIONERY SET,3,11/16/2011 15:58,1.25,17602.0,United Kingdom
544278,22745,POPPY'S PLAYHOUSE BEDROOM ,6,2/17/2011 12:01,2.1,15382.0,United Kingdom
563755,22402,MAGNETS PACK OF 4 VINTAGE COLLAGE,12,8/19/2011 10:58,0.39,17612.0,United Kingdom
566866,21181,PLEASE ONE PERSON METAL SIGN,48,9/15/2011 12:55,1.85,13694.0,United Kingdom
542908,22804,CANDLEHOLDER PINK HANGING HEART,12,2/1/2011 15:24,2.95,13110.0,United Kingdom
575602,23209,LUNCH BAG VINTAGE DOILY ,2,11/10/2011 12:27,1.65,17059.0,United Kingdom
559807,22675,FRENCH KITCHEN SIGN BLUE METAL,2,7/12/2011 14:48,1.25,17841.0,United Kingdom
556462,21155,RED RETROSPOT PEG BAG,1,6/12/2011 10:46,2.55,14450.0,United Kingdom
571684,21809,CHRISTMAS HANGING TREE WITH BELL,2,10/18/2011 14:11,0.39,16730.0,United Kingdom
549548,21041,RED RETROSPOT OVEN GLOVE DOUBLE,1,4/10/2011 11:35,2.95,13548.0,United Kingdom
566562,22732,3D VINTAGE CHRISTMAS STICKERS ,12,9/13/2011 12:18,1.25,17365.0,United Kingdom
561035,21694,SMALL REGAL  SILVER CANDLEPOT ,96,7/24/2011 11:52,2.55,17312.0,United Kingdom
555872,17136A,BLUE STONES ON WIRE FOR CANDLE,24,6/7/2011 15:04,0.08,13395.0,United Kingdom
545140,POST,POSTAGE,2,2/28/2011 12:08,15.0,12464.0,Belgium
550331,21383,PACK OF 12 STICKY BUNNIES,1,4/17/2011 13:43,0.65,15555.0,United Kingdom
564181,23169,CLASSIC GLASS COOKIE JAR,6,8/23/2011 14:53,4.15,13862.0,United Kingdom
577483,23378,PACK OF 12 50'S CHRISTMAS TISSUES,4,11/20/2011 11:50,0.39,14502.0,United Kingdom
563533,21932,SCANDINAVIAN PAISLEY PICNIC BAG,2,8/17/2011 11:14,1.65,16241.0,United Kingdom
556484,84991,60 TEATIME FAIRY CAKE CASES,6,6/12/2011 13:17,0.55,16938.0,United Kingdom
540953,20682,RED RETROSPOT CHILDRENS UMBRELLA,2,1/12/2011 13:16,3.25,14587.0,United Kingdom
574707,22728,ALARM CLOCK BAKELIKE PINK,2,11/6/2011 14:08,3.75,17107.0,United Kingdom
566717,21380,WOODEN HAPPY BIRTHDAY GARLAND,1,9/14/2011 12:14,2.95,17841.0,United Kingdom
C580597,23302,KNEELING MAT HOUSEWORK  DESIGN,-6,12/5/2011 11:02,0.79,16360.0,United Kingdom
575607,22798,ANTIQUE GLASS DRESSING TABLE POT,2,11/10/2011 12:37,5.79,14096.0,United Kingdom
563739,22994,TRAVEL CARD WALLET RETROSPOT,24,8/18/2011 20:05,0.42,17750.0,United Kingdom
C559939,84688,BEACH HUT DESIGN BLACKBOARD,-12,7/14/2011 10:19,4.25,14426.0,United Kingdom
537915,22623,BOX OF VINTAGE JIGSAW BLOCKS ,3,12/9/2010 10:55,4.95,12797.0,Portugal
572294,20754,RETROSPOT RED WASHING UP GLOVES,6,10/23/2011 13:10,2.1,13471.0,United Kingdom
581334,84920,PINK FLOWER FABRIC PONY,3,12/8/2011 12:07,3.75,17841.0,United Kingdom
568663,23427,STOOL HOME SWEET HOME ,2,9/28/2011 12:46,12.5,14440.0,United Kingdom
546774,21195,PINK  HONEYCOMB PAPER BALL ,2,3/16/2011 15:45,2.1,14505.0,United Kingdom
538832,21494,ROTATING LEAVES T-LIGHT HOLDER,12,12/14/2010 13:03,1.25,17158.0,United Kingdom
559707,POST,POSTAGE,2,7/12/2011 10:04,40.0,12358.0,Austria
566053,21975,PACK OF 60 DINOSAUR CAKE CASES,2,9/8/2011 14:57,0.55,14410.0,United Kingdom
544909,85170B,SET/6 BLACK BIRD T-LIGHT CANDLES,24,2/24/2011 14:32,0.85,14298.0,United Kingdom
537773,22150,3 STRIPEY MICE FELTCRAFT,2,12/8/2010 12:36,1.95,16016.0,United Kingdom
549305,22429,ENAMEL MEASURING JUG CREAM,4,4/8/2011 8:40,4.25,15189.0,United Kingdom
574657,23343,JUMBO BAG VINTAGE CHRISTMAS ,7,11/6/2011 11:43,2.08,13772.0,United Kingdom
562772,21259,VICTORIAN SEWING BOX SMALL ,1,8/9/2011 12:07,5.95,13097.0,United Kingdom
549448,21832,CHOCOLATE CALCULATOR,12,4/8/2011 14:07,1.65,13078.0,United Kingdom
547058,20726,LUNCH BAG WOODLAND,10,3/20/2011 12:44,1.65,14232.0,United Kingdom
578284,23367,SET 12 COLOUR PENCILS SPACEBOY ,16,11/23/2011 13:56,0.65,14385.0,United Kingdom
569246,21928,JUMBO BAG SCANDINAVIAN BLUE PAISLEY,1,10/3/2011 9:57,4.13,14096.0,United Kingdom
575516,22834,HAND WARMER BABUSHKA DESIGN,12,11/10/2011 10:45,2.1,17340.0,United Kingdom
545045,21755,LOVE BUILDING BLOCK WORD,2,2/27/2011 11:40,5.95,15708.0,United Kingdom
555604,20728,LUNCH BAG CARS BLUE,10,6/6/2011 11:37,1.65,16612.0,United Kingdom
566269,85185B,PINK HORSE SOCK PUPPET,1,9/11/2011 13:39,2.95,17864.0,United Kingdom
C554532,47566,PARTY BUNTING,-4,5/24/2011 17:32,4.95,14194.0,United Kingdom
572096,22776,SWEETHEART 3 TIER CAKE STAND ,1,10/20/2011 15:20,9.95,16813.0,United Kingdom
571303,23263,SET OF 3 WOODEN HEART DECORATIONS,12,10/17/2011 9:36,1.25,13875.0,United Kingdom
567183,22662,LUNCH BAG DOLLY GIRL DESIGN,4,9/18/2011 15:32,1.65,14769.0,United Kingdom
549670,21188,3D HEARTS  HONEYCOMB PAPER GARLAND,12,4/11/2011 12:45,2.95,16168.0,United Kingdom
574726,22151,PLACE SETTING WHITE HEART,24,11/6/2011 14:56,0.42,14664.0,United Kingdom
567959,20719,WOODLAND CHARLOTTE BAG,40,9/23/2011 9:13,0.85,12516.0,Germany
546092,15056N,EDWARDIAN PARASOL NATURAL,3,3/9/2011 11:54,5.95,17138.0,United Kingdom
570983,23048,SET OF 10 LANTERNS FAIRY LIGHT STAR,2,10/13/2011 11:57,4.15,14963.0,United Kingdom
558963,85123A,WHITE HANGING HEART T-LIGHT HOLDER,32,7/5/2011 10:57,2.55,14235.0,United Kingdom
560601,21967,PACK OF 12 SKULL TISSUES,1,7/19/2011 17:17,0.29,16764.0,United Kingdom
575482,22983,CARD BILLBOARD FONT,12,11/9/2011 16:33,0.42,15916.0,United Kingdom
566396,23174,REGENCY SUGAR BOWL GREEN,12,9/12/2011 12:51,4.15,14292.0,United Kingdom
555400,22847,BREAD BIN DINER STYLE IVORY,9,6/2/2011 17:50,14.95,14088.0,United Kingdom
570448,16161P,WRAP ENGLISH ROSE ,25,10/10/2011 14:55,0.42,13224.0,United Kingdom
547871,84519B,CARROT CHARLIE+LOLA COASTER SET,3,3/27/2011 14:28,1.25,16931.0,United Kingdom
560503,23207,LUNCH BAG ALPHABET DESIGN,10,7/19/2011 11:40,1.65,17682.0,United Kingdom
538657,21524,DOORMAT SPOTTY HOME SWEET HOME,2,12/13/2010 15:26,7.95,15867.0,United Kingdom
570671,23240,SET OF 4 KNICK KNACK TINS DOILY ,6,10/11/2011 14:51,4.15,16171.0,United Kingdom
573347,21124,SET/10 BLUE POLKADOT PARTY CANDLES,2,10/30/2011 12:26,1.25,13137.0,United Kingdom
569136,22564,ALPHABET STENCIL CRAFT,2,9/30/2011 14:41,1.25,15834.0,United Kingdom
538856,22951,60 CAKE CASES DOLLY GIRL DESIGN,24,12/14/2010 13:51,0.55,14057.0,United Kingdom
544307,22713,CARD I LOVE LONDON ,24,2/17/2011 14:04,0.42,15903.0,United Kingdom
548011,22382,LUNCH BAG SPACEBOY DESIGN ,200,3/29/2011 11:14,1.45,14646.0,Netherlands
578068,23138,SINGLE WIRE HOOK IVORY HEART,2,11/22/2011 15:45,1.45,14505.0,United Kingdom
575692,20974,12 PENCILS SMALL TUBE SKULL,5,11/10/2011 16:27,0.65,12508.0,France
574694,22423,REGENCY CAKESTAND 3 TIER,2,11/6/2011 13:36,12.75,12381.0,Norway
565329,22505,MEMO BOARD COTTAGE DESIGN,1,9/2/2011 13:54,4.95,14606.0,United Kingdom
580647,22816,CARD MOTORBIKE SANTA,12,12/5/2011 13:14,0.42,14083.0,United Kingdom
558619,84879,ASSORTED COLOUR BIRD ORNAMENT,8,6/30/2011 16:28,1.69,14401.0,United Kingdom
565971,23343,JUMBO BAG VINTAGE CHRISTMAS ,3,9/8/2011 11:27,2.08,13571.0,United Kingdom
550971,22568,FELTCRAFT CUSHION OWL,4,4/21/2011 17:03,3.75,13482.0,United Kingdom
538171,22748,POPPY'S PLAYHOUSE KITCHEN,2,12/9/2010 20:01,2.1,17530.0,United Kingdom
575583,21992,VINTAGE PAISLEY STATIONERY SET,1,11/10/2011 11:55,1.25,14456.0,United Kingdom
553859,21275,ZINC TOP  2 DOOR WOODEN SHELF ,1,5/19/2011 13:35,16.95,14505.0,United Kingdom
573076,23126,FELTCRAFT GIRL AMELIE KIT,4,10/27/2011 14:05,4.95,13488.0,United Kingdom
553143,21955,DOORMAT UNION JACK GUNS AND ROSES,2,5/13/2011 13:15,7.95,12695.0,France
572058,23174,REGENCY SUGAR BOWL GREEN,1,10/20/2011 12:43,4.15,18252.0,United Kingdom
557263,21509,COWBOYS AND INDIANS BIRTHDAY CARD ,72,6/19/2011 11:08,0.36,14646.0,Netherlands
547195,21121,SET/10 RED POLKADOT PARTY CANDLES,24,3/21/2011 12:42,1.25,17204.0,United Kingdom
570197,21669,BLUE STRIPE CERAMIC DRAWER KNOB,1,10/7/2011 15:45,1.45,13755.0,United Kingdom
554948,22750,FELTCRAFT PRINCESS LOLA DOLL,4,5/27/2011 14:29,3.75,14447.0,United Kingdom
544067,20762,GREEN FERN SKETCHBOOK ,3,2/15/2011 14:02,3.75,16431.0,United Kingdom
548792,21976,PACK OF 60 MUSHROOM CAKE CASES,2,4/4/2011 12:42,0.55,14711.0,United Kingdom
569692,85099F,JUMBO BAG STRAWBERRY,10,10/5/2011 15:17,2.08,14389.0,United Kingdom
542719,22251,BIRDHOUSE DECORATION MAGIC GARDEN,1,1/31/2011 14:18,1.25,17619.0,United Kingdom
561888,23293,SET OF 12 FAIRY CAKE BAKING CASES,8,7/31/2011 13:36,0.83,14092.0,United Kingdom
560875,23201,JUMBO BAG ALPHABET,10,7/21/2011 15:12,2.08,13562.0,United Kingdom
548740,22087,PAPER BUNTING WHITE LACE,6,4/4/2011 11:34,2.95,13319.0,United Kingdom
561113,21672,WHITE SPOT RED CERAMIC DRAWER KNOB,10,7/25/2011 12:09,1.25,17841.0,United Kingdom
564856,22507,MEMO BOARD RETROSPOT  DESIGN,12,8/31/2011 9:11,4.95,12477.0,Germany
572075,22751,FELTCRAFT PRINCESS OLIVIA DOLL,4,10/20/2011 13:55,3.75,16846.0,United Kingdom
544193,85232A,SET/3 POLKADOT STACKING TINS,3,2/17/2011 8:23,4.95,12431.0,Belgium
572283,22578,WOODEN STAR CHRISTMAS SCANDINAVIAN,4,10/23/2011 11:42,0.29,15000.0,United Kingdom
561917,23199,JUMBO BAG APPLES,1,8/1/2011 11:57,2.08,16904.0,United Kingdom
570839,20984,12 PENCILS TALL TUBE POSY,24,10/12/2011 14:08,0.29,14911.0,EIRE
570501,22086,PAPER CHAIN KIT 50'S CHRISTMAS ,12,10/11/2011 9:23,2.95,14857.0,United Kingdom
553412,22597,MUSICAL ZINC HEART DECORATION ,12,5/17/2011 9:40,0.85,14344.0,United Kingdom
571747,22158,3 HEARTS HANGING DECORATION RUSTIC,8,10/19/2011 10:59,2.95,13849.0,United Kingdom
571926,22382,LUNCH BAG SPACEBOY DESIGN ,20,10/19/2011 16:41,1.65,16722.0,United Kingdom
553752,62043B,BLUE CHECK BAG W HANDLE 34X20CM,2,5/19/2011 10:20,0.83,14896.0,United Kingdom
573377,22725,ALARM CLOCK BAKELIKE CHOCOLATE,1,10/30/2011 13:51,3.75,14653.0,United Kingdom
541214,35004C,SET OF 3 COLOURED  FLYING DUCKS,3,1/14/2011 13:41,5.45,15570.0,United Kingdom
577696,85036C,ROSE 1 WICK MORRIS BOXED CANDLE,1,11/21/2011 11:57,1.25,16406.0,United Kingdom
573348,23109,PACK OF SIX LED TEA LIGHTS,1,10/30/2011 12:27,2.89,14487.0,United Kingdom
579263,23498,CLASSIC BICYCLE CLIPS ,12,11/29/2011 9:14,1.45,13599.0,United Kingdom
575919,21530,DAIRY MAID TOASTRACK,5,11/11/2011 17:00,0.79,15311.0,United Kingdom
555570,22427,ENAMEL FLOWER JUG CREAM,3,6/5/2011 15:36,5.95,15152.0,United Kingdom
554306,84997A,CHILDRENS CUTLERY POLKADOT GREEN ,4,5/23/2011 14:59,4.15,15734.0,United Kingdom
544481,84978,HANGING HEART JAR T-LIGHT HOLDER,12,2/21/2011 10:36,1.25,18155.0,United Kingdom
560271,22960,JAM MAKING SET WITH JARS,1,7/17/2011 14:51,4.25,16474.0,United Kingdom
574287,23045,PAPER LANTERN 5 POINT STAR MOON ,1,11/3/2011 15:09,4.15,14723.0,United Kingdom
538035,21907,I'M ON HOLIDAY METAL SIGN,2,12/9/2010 13:03,2.1,16065.0,United Kingdom
547662,22654,DELUXE SEWING KIT ,2,3/24/2011 13:12,5.95,14085.0,United Kingdom
564896,22383,LUNCH BAG SUKI DESIGN ,10,8/31/2011 11:06,1.65,13726.0,United Kingdom
569228,85032B,BLOSSOM IMAGES GIFT WRAP SET,12,10/2/2011 14:47,0.65,15547.0,United Kingdom
552316,22383,LUNCH BAG SUKI DESIGN ,10,5/8/2011 16:11,1.65,15674.0,United Kingdom
544303,21977,PACK OF 60 PINK PAISLEY CAKE CASES,1,2/17/2011 13:28,0.55,18116.0,United Kingdom
C569119,84978,HANGING HEART JAR T-LIGHT HOLDER,-1,9/30/2011 12:57,1.25,14194.0,United Kingdom
574920,22384,LUNCH BAG PINK POLKADOT,10,11/7/2011 16:34,1.65,13985.0,United Kingdom
568797,85099B,JUMBO BAG RED RETROSPOT,200,9/29/2011 10:22,1.75,13694.0,United Kingdom
565585,20713,JUMBO BAG OWLS,10,9/5/2011 13:22,2.08,16172.0,United Kingdom
571556,23199,JUMBO BAG APPLES,10,10/18/2011 9:24,2.08,12662.0,Germany
581486,22561,WOODEN SCHOOL COLOURING SET,12,12/9/2011 9:38,1.65,17001.0,United Kingdom
555930,22851,SET 20 NAPKINS FAIRY CAKES DESIGN ,12,6/8/2011 8:26,0.85,14745.0,United Kingdom
546944,48138,DOORMAT UNION FLAG,2,3/18/2011 11:13,7.95,14701.0,United Kingdom
558758,84817,DANISH ROSE DECORATIVE PLATE,12,7/3/2011 12:27,2.1,17939.0,United Kingdom
569246,21935,SUKI  SHOULDER BAG,1,10/3/2011 9:57,1.63,14096.0,United Kingdom
574102,84832,ZINC WILLIE WINKIE  CANDLE STICK,12,11/3/2011 10:27,0.85,16128.0,United Kingdom
579497,21903,MAN FLU METAL SIGN,1,11/29/2011 15:39,2.1,14349.0,United Kingdom
556115,22161,HEART DECORATION RUSTIC HANGING ,24,6/9/2011 9:39,0.19,15241.0,United Kingdom
547078,82600,NO SINGING METAL SIGN,12,3/20/2011 14:41,2.1,14408.0,United Kingdom
576920,16161P,WRAP ENGLISH ROSE ,25,11/17/2011 10:49,0.42,13871.0,United Kingdom
560212,20702,PINK PADDED MOBILE,1,7/15/2011 14:58,4.25,14722.0,United Kingdom
539053,79321,CHILLI LIGHTS,1,12/15/2010 16:32,4.95,16725.0,United Kingdom
558467,22624,IVORY KITCHEN SCALES,1,6/29/2011 15:22,8.5,17757.0,United Kingdom
559921,22100,SKULLS SQUARE TISSUE BOX,1,7/13/2011 15:42,0.39,13667.0,United Kingdom
568531,22571,ROCKING HORSE RED CHRISTMAS ,6,9/27/2011 13:49,0.85,16713.0,United Kingdom
576927,23291,DOLLY GIRL CHILDRENS CUP,8,11/17/2011 11:02,1.25,12567.0,France
560018,21213,PACK OF 72 SKULL CAKE CASES,1,7/14/2011 12:52,0.55,15987.0,United Kingdom
548176,22464,HANGING METAL HEART LANTERN,6,3/29/2011 14:20,1.65,13439.0,United Kingdom
568191,21504,SKULLS GREETING CARD,12,9/25/2011 14:37,0.42,16655.0,United Kingdom
567472,23206,LUNCH BAG APPLE DESIGN,1,9/20/2011 12:47,1.65,15039.0,United Kingdom
576832,22630,DOLLY GIRL LUNCH BOX,12,11/16/2011 15:01,1.95,13102.0,United Kingdom
555405,22505,MEMO BOARD COTTAGE DESIGN,4,6/2/2011 19:17,4.95,17531.0,United Kingdom
549272,82582,AREA PATROLLED METAL SIGN,72,4/7/2011 12:59,1.85,17133.0,United Kingdom
568992,23162,REGENCY TEA STRAINER,8,9/29/2011 16:48,3.75,17218.0,United Kingdom
562042,22961,JAM MAKING SET PRINTED,36,8/2/2011 10:19,1.45,13075.0,United Kingdom
556776,23203,JUMBO BAG DOILEY PATTERNS,1,6/14/2011 12:24,2.08,14730.0,United Kingdom
571046,21851,LILAC DIAMANTE PEN IN GIFT BOX,3,10/13/2011 13:35,4.95,18096.0,United Kingdom
572760,22138,BAKING SET 9 PIECE RETROSPOT ,9,10/26/2011 8:30,4.95,16225.0,United Kingdom
537850,22563,HAPPY STENCIL CRAFT,12,12/8/2010 15:38,1.25,16722.0,United Kingdom
577795,21933,PINK VINTAGE PAISLEY PICNIC BAG,1,11/21/2011 16:50,1.65,13246.0,United Kingdom
560996,22766,PHOTO FRAME CORNICE,2,7/22/2011 13:53,2.95,17625.0,United Kingdom
574481,22992,REVOLVER WOODEN RULER ,1,11/4/2011 12:45,1.95,18022.0,United Kingdom
562574,22548,HEADS AND TAILS SPORTING FUN,2,8/7/2011 12:42,1.25,14903.0,United Kingdom
581404,23399,HOME SWEET HOME HANGING HEART,6,12/8/2011 13:47,0.85,13680.0,United Kingdom
545721,21238,RED RETROSPOT CUP,9,3/7/2011 10:52,0.85,15039.0,United Kingdom
568066,22809,SET OF 6 T-LIGHTS SANTA,1,9/23/2011 13:48,2.95,14529.0,United Kingdom
575499,22086,PAPER CHAIN KIT 50'S CHRISTMAS ,12,11/10/2011 9:56,2.95,16003.0,United Kingdom
565479,23242,TREASURE TIN BUFFALO BILL ,6,9/5/2011 11:19,2.08,13999.0,United Kingdom
560079,22564,ALPHABET STENCIL CRAFT,12,7/14/2011 16:12,1.25,15521.0,United Kingdom
571214,23081,GREEN METAL BOX ARMY SUPPLIES,2,10/14/2011 12:56,8.25,14390.0,United Kingdom
547874,85212,MINI PAINTED GARDEN DECORATION ,12,3/27/2011 15:39,0.85,14476.0,United Kingdom
539653,82613C,"METAL SIGN,CUPCAKE SINGLE HOOK",20,12/20/2010 16:50,0.42,13564.0,United Kingdom
542102,20685,DOORMAT RED RETROSPOT,10,1/25/2011 13:26,6.75,12744.0,Singapore
574310,46000S,POLYESTER FILLER PAD 40x40cm,1,11/3/2011 16:56,1.45,13467.0,United Kingdom
556056,20702,PINK PADDED MOBILE,2,6/8/2011 13:35,4.25,17841.0,United Kingdom
552883,21929,JUMBO BAG PINK VINTAGE PAISLEY,100,5/12/2011 10:13,1.79,14646.0,Netherlands
556578,23239,SET OF 4 KNICK KNACK TINS POPPIES,6,6/13/2011 14:13,4.15,12472.0,Germany
551349,22553,PLASTERS IN TIN SKULLS,12,4/28/2011 10:03,1.65,14740.0,United Kingdom
546062,22981,PANTRY APPLE CORER,2,3/9/2011 10:51,1.45,16221.0,United Kingdom
580523,22791,T-LIGHT GLASS FLUTED ANTIQUE,12,12/4/2011 15:00,1.25,17827.0,United Kingdom
573270,23293,SET OF 12 FAIRY CAKE BAKING CASES,8,10/28/2011 13:00,0.83,17418.0,United Kingdom
541241,82494L,WOODEN FRAME ANTIQUE WHITE ,1,1/16/2011 11:08,2.95,13782.0,United Kingdom
536856,22697,GREEN REGENCY TEACUP AND SAUCER,6,12/3/2010 10:26,2.95,13370.0,United Kingdom
576147,23583,LUNCH BAG PAISLEY PARK  ,20,11/14/2011 10:49,1.65,16303.0,United Kingdom
536747,22633,HAND WARMER UNION JACK,6,12/2/2010 13:44,2.1,17802.0,United Kingdom
563076,22667,RECIPE BOX RETROSPOT ,24,8/11/2011 16:12,2.55,14646.0,Netherlands
579188,23320,GIANT 50'S CHRISTMAS CRACKER,6,11/28/2011 15:34,2.89,12748.0,United Kingdom
543535,22927,GREEN GIANT GARDEN THERMOMETER,1,2/9/2011 13:37,5.95,17537.0,United Kingdom
552277,21034,REX CASH+CARRY JUMBO SHOPPER,1,5/8/2011 12:34,0.95,13642.0,United Kingdom
577813,22301,COFFEE MUG CAT + BIRD DESIGN,12,11/22/2011 9:06,2.55,14297.0,United Kingdom
572285,23351,ROLL WRAP 50'S CHRISTMAS,4,10/23/2011 12:16,1.25,14698.0,United Kingdom
571747,23396,LE JARDIN BOTANIQUE CUSHION COVER,4,10/19/2011 10:59,3.75,13849.0,United Kingdom
558892,21208,PASTEL COLOUR HONEYCOMB FAN,12,7/4/2011 15:46,0.39,17581.0,United Kingdom
548920,84950,ASSORTED COLOUR T-LIGHT HOLDER,12,4/5/2011 10:19,0.65,13018.0,United Kingdom
556942,22741,FUNKY DIVA PEN,48,6/15/2011 16:42,0.85,14222.0,United Kingdom
563201,22996,TRAVEL CARD WALLET VINTAGE TICKET,1,8/14/2011 10:52,0.42,13838.0,United Kingdom
552952,22710,WRAP I LOVE LONDON ,25,5/12/2011 12:10,0.42,13837.0,United Kingdom
549730,84077,WORLD WAR 2 GLIDERS ASSTD DESIGNS,48,4/11/2011 16:35,0.29,15867.0,United Kingdom
551289,20728,LUNCH BAG CARS BLUE,30,4/27/2011 14:18,1.65,18226.0,United Kingdom
537395,21876,POTTERING MUG,1,12/6/2010 14:05,1.25,15356.0,United Kingdom
543040,82580,BATHROOM METAL SIGN,2,2/2/2011 17:06,0.55,17337.0,United Kingdom
541875,21786,POLKADOT RAIN HAT ,24,1/24/2011 10:01,0.42,16558.0,United Kingdom
553200,22102,MIRROR MOSAIC T-LIGHT HOLDER ,12,5/15/2011 15:14,1.65,16034.0,United Kingdom
570652,84832,ZINC WILLIE WINKIE  CANDLE STICK,24,10/11/2011 13:45,0.85,17863.0,United Kingdom
560876,22558,CLOTHES PEGS RETROSPOT PACK 24 ,12,7/21/2011 15:14,1.65,12626.0,Germany
566734,22895,SET OF 2 TEA TOWELS APPLE AND PEARS,1,9/14/2011 14:09,3.25,16910.0,United Kingdom
577511,22938,CUPCAKE LACE PAPER SET 6,3,11/20/2011 12:53,1.95,17561.0,United Kingdom
537047,22809,SET OF 6 T-LIGHTS SANTA,2,12/5/2010 11:02,2.95,13069.0,United Kingdom
538814,22548,HEADS AND TAILS SPORTING FUN,4,12/14/2010 12:30,1.25,15983.0,United Kingdom
577557,23067,HANGING ENGRAVED METAL HEART,1,11/20/2011 15:36,4.15,15426.0,United Kingdom
571846,20992,JAZZ HEARTS PURSE NOTEBOOK,2,10/19/2011 12:35,0.39,17841.0,United Kingdom
536406,20679,EDWARDIAN PARASOL RED,6,12/1/2010 11:33,4.95,17850.0,United Kingdom
571284,23284,DOORMAT KEEP CALM AND COME IN,2,10/16/2011 14:07,8.25,14562.0,United Kingdom
576064,22507,MEMO BOARD RETROSPOT  DESIGN,2,11/13/2011 15:37,4.95,12508.0,France
C543469,21896,POTTING SHED TWINE,-1,2/8/2011 14:55,1.85,12709.0,Germany
551276,21533,RETROSPOT LARGE MILK JUG,2,4/27/2011 13:06,4.95,16016.0,United Kingdom
545690,22921,HERB MARKER CHIVES ,3,3/6/2011 12:46,0.65,13263.0,United Kingdom
560861,22537,MAGIC DRAWING SLATE DINOSAUR,1,7/21/2011 13:37,0.42,17660.0,United Kingdom
561617,21670,BLUE SPOT CERAMIC DRAWER KNOB,12,7/28/2011 13:05,1.25,18237.0,United Kingdom
557789,21246,RED RETROSPOT BIG BOWL,6,6/22/2011 16:32,4.95,12379.0,Belgium
545000,22720,SET OF 3 CAKE TINS PANTRY DESIGN ,6,2/25/2011 12:37,4.95,15281.0,United Kingdom
579170,21213,PACK OF 72 SKULL CAKE CASES,1,11/28/2011 14:26,0.55,17811.0,United Kingdom
572746,21175,GIN + TONIC DIET METAL SIGN,2,10/25/2011 16:30,2.55,13263.0,United Kingdom
562526,22197,POPCORN HOLDER,10,8/5/2011 13:46,0.85,16880.0,United Kingdom
539410,79321,CHILLI LIGHTS,24,12/17/2010 13:17,4.25,16353.0,United Kingdom
541660,22508,DOORSTOP RETROSPOT HEART,2,1/20/2011 12:20,3.75,17787.0,United Kingdom
561113,22481,BLACK TEA TOWEL CLASSIC DESIGN,1,7/25/2011 12:09,1.25,17841.0,United Kingdom
545238,22750,FELTCRAFT PRINCESS LOLA DOLL,4,3/1/2011 11:02,3.75,15241.0,United Kingdom
547498,37444C,PINK BREAKFAST CUP AND SAUCER ,1,3/23/2011 12:24,0.39,15021.0,United Kingdom
575491,22493,PAINT YOUR OWN CANVAS SET,3,11/9/2011 17:47,1.65,15531.0,United Kingdom
539488,22539,MINI JIGSAW DOLLY GIRL,24,12/20/2010 9:37,0.42,12377.0,Switzerland
546236,22230,JIGSAW TREE WITH WATERING CAN,12,3/10/2011 12:48,0.85,12370.0,Cyprus
568046,22273,FELTCRAFT DOLL MOLLY,1,9/23/2011 12:16,2.95,18118.0,United Kingdom
575368,22809,SET OF 6 T-LIGHTS SANTA,1,11/9/2011 15:07,2.95,14482.0,United Kingdom
553228,22545,MINI JIGSAW BUNNIES,24,5/16/2011 10:48,0.42,16496.0,United Kingdom
539985,22666,RECIPE BOX PANTRY YELLOW DESIGN,24,12/23/2010 15:16,2.55,15856.0,United Kingdom
537200,21892,TRADITIONAL WOODEN CATCH CUP GAME ,1,12/5/2010 14:17,1.25,15867.0,United Kingdom
545221,20967,GREY FLORAL FELTCRAFT SHOULDER BAG,4,3/1/2011 8:35,3.75,14740.0,United Kingdom
547069,23004,TRAVEL CARD WALLET PANTRY,4,3/20/2011 13:52,0.42,16710.0,United Kingdom
569849,85099B,JUMBO BAG RED RETROSPOT,10,10/6/2011 13:49,2.08,15264.0,United Kingdom
568671,23352,ROLL WRAP 50'S RED CHRISTMAS ,12,9/28/2011 13:13,1.25,13139.0,United Kingdom
565931,23289,DOLLY GIRL CHILDRENS BOWL,8,9/8/2011 10:35,1.25,12683.0,France
571640,23005,TRAVEL CARD WALLET I LOVE LONDON,96,10/18/2011 12:01,0.42,17203.0,United Kingdom
551850,22829,SWEETHEART WIRE WALL TIDY,2,5/4/2011 14:33,9.95,13731.0,United Kingdom
545685,22555,PLASTERS IN TIN STRONGMAN,1,3/6/2011 11:55,1.65,14499.0,United Kingdom
568710,22766,PHOTO FRAME CORNICE,3,9/28/2011 15:42,2.95,14649.0,United Kingdom
571247,23427,STOOL HOME SWEET HOME ,2,10/14/2011 16:04,12.5,15826.0,United Kingdom
545459,84800L,LARGE WHITE/PINK ROSE ART FLOWER,6,3/2/2011 17:21,2.12,17576.0,United Kingdom
558630,84755,COLOUR GLASS T-LIGHT HOLDER HANGING,16,6/30/2011 18:07,0.65,15615.0,United Kingdom
539859,21194,PINK  HONEYCOMB PAPER FAN,15,12/22/2010 16:23,2.1,17905.0,United Kingdom
557793,85019A,ROMANTIC IMAGES NOTEBOOK SET,4,6/22/2011 17:30,1.25,14998.0,United Kingdom
562535,22792,FLUTED ANTIQUE CANDLE HOLDER,12,8/5/2011 14:50,0.85,13200.0,United Kingdom
572459,C2,CARRIAGE,1,10/24/2011 12:53,50.0,14911.0,EIRE
556891,23240,SET OF 4 KNICK KNACK TINS DOILEY ,6,6/15/2011 12:48,4.15,17581.0,United Kingdom
577736,16235,RECYCLED PENCIL WITH RABBIT ERASER,20,11/21/2011 13:20,0.21,14606.0,United Kingdom
558875,84836,ZINC METAL HEART DECORATION,12,7/4/2011 13:35,1.25,13301.0,United Kingdom
542103,85206A,CREAM FELT EASTER EGG BASKET,6,1/25/2011 13:26,1.65,13198.0,United Kingdom
580693,85131D,BEADED CRYSTAL HEART PINK ON STICK,12,12/5/2011 15:59,1.25,15690.0,United Kingdom
568526,23110,PARISIENNE KEY CABINET ,4,9/27/2011 13:04,5.75,17656.0,United Kingdom
561882,22188,BLACK HEART CARD HOLDER,4,7/31/2011 12:52,3.95,13388.0,United Kingdom
556494,22970,LONDON BUS COFFEE MUG,3,6/12/2011 14:57,2.55,17802.0,United Kingdom
574740,22815,CARD PSYCHEDELIC APPLES,24,11/6/2011 16:07,0.42,12357.0,Switzerland
574170,35471D,SET OF 3 BIRD LIGHT PINK FEATHER ,6,11/3/2011 11:43,0.39,16221.0,United Kingdom
563613,21239,PINK  POLKADOT CUP,24,8/18/2011 8:49,0.85,12688.0,Israel
571283,23186,FRENCH STYLE STORAGE JAR CAFE ,6,10/16/2011 13:51,0.29,16533.0,United Kingdom
577748,22965,3 TRADITIONAl BISCUIT CUTTERS  SET,12,11/21/2011 14:24,2.1,15159.0,United Kingdom
C554540,23142,IVORY WIRE KITCHEN ORGANISER,-1,5/24/2011 17:49,9.15,15125.0,United Kingdom
579472,23328,SET 6 SCHOOL MILK BOTTLES IN CRATE,2,11/29/2011 15:09,3.75,13521.0,United Kingdom
559510,23299,FOOD COVER WITH BEADS SET 2 ,6,7/8/2011 15:29,3.75,14961.0,United Kingdom
567905,21977,PACK OF 60 PINK PAISLEY CAKE CASES,24,9/22/2011 16:37,0.55,12952.0,United Kingdom
556780,22301,COFFEE MUG CAT + BIRD DESIGN,6,6/14/2011 12:46,2.55,14524.0,United Kingdom
562560,22744,MAKE YOUR OWN MONSOON CARD KIT,6,8/5/2011 17:12,2.95,14156.0,EIRE
553546,22109,FULL ENGLISH BREAKFAST PLATE,144,5/17/2011 15:42,3.39,12415.0,Australia
577171,22383,LUNCH BAG SUKI DESIGN ,10,11/18/2011 10:52,1.65,17159.0,United Kingdom
566290,23129,HEART SHAPED HOLLY WREATH,1,9/11/2011 15:24,4.15,14456.0,United Kingdom
560300,21289,LARGE STRIPES CHOCOLATE GIFT BAG,16,7/18/2011 10:29,1.25,14911.0,EIRE
561113,22666,RECIPE BOX PANTRY YELLOW DESIGN,1,7/25/2011 12:09,2.95,17841.0,United Kingdom
570284,22633,HAND WARMER UNION JACK,1,10/10/2011 11:30,2.1,14419.0,United Kingdom
541259,22371,AIRLINE BAG VINTAGE TOKYO 78,1,1/16/2011 15:38,4.25,14404.0,United Kingdom
570225,22110,BIRD HOUSE HOT WATER BOTTLE,2,10/9/2011 13:15,2.55,16595.0,United Kingdom
C551018,21424,WOODLAND STORAGE BOX LARGE ,-1,4/26/2011 11:19,2.95,12705.0,Germany
537624,21367,MIRRORED WALL ART GENTS,1,12/7/2010 14:41,2.55,12748.0,United Kingdom
575728,22175,PINK OWL SOFT TOY,6,11/10/2011 19:40,2.95,14911.0,EIRE
536824,85123A,WHITE HANGING HEART T-LIGHT HOLDER,160,12/2/2010 17:24,2.55,13798.0,United Kingdom
562778,21907,I'M ON HOLIDAY METAL SIGN,12,8/9/2011 12:55,2.1,17591.0,United Kingdom
548808,22560,TRADITIONAL MODELLING CLAY,3,4/4/2011 12:55,1.25,17774.0,United Kingdom
539212,82482,WOODEN PICTURE FRAME WHITE FINISH,6,12/16/2010 12:20,2.55,17146.0,United Kingdom
575339,23434,3 RAFFIA RIBBONS 50'S CHRISTMAS ,10,11/9/2011 14:29,0.79,15555.0,United Kingdom
564632,21519,GIN & TONIC DIET GREETING CARD ,12,8/26/2011 11:58,0.42,16556.0,United Kingdom
545469,22928,YELLOW GIANT GARDEN THERMOMETER,2,3/3/2011 10:09,5.95,17646.0,United Kingdom
573300,22377,BOTTLE BAG RETROSPOT ,2,10/28/2011 16:10,2.1,16049.0,United Kingdom
540515,22948,METAL DECORATION NAUGHTY CHILDREN ,4,1/9/2011 11:54,0.85,15059.0,United Kingdom
541302,21361,LOVE LARGE WOOD LETTERS ,1,1/17/2011 14:18,12.75,13769.0,United Kingdom
577167,22910,PAPER CHAIN KIT VINTAGE CHRISTMAS,1,11/18/2011 10:41,2.95,16511.0,United Kingdom
552039,22896,PEG BAG APPLES DESIGN,6,5/6/2011 8:10,2.55,13081.0,United Kingdom
536464,84879,ASSORTED COLOUR BIRD ORNAMENT,8,12/1/2010 12:23,1.69,17968.0,United Kingdom
550324,22178,VICTORIAN GLASS HANGING T-LIGHT,24,4/17/2011 13:02,1.25,12997.0,United Kingdom
543538,22487,WHITE WOOD GARDEN PLANT LADDER,1,2/9/2011 13:57,9.95,16143.0,United Kingdom
550297,23207,LUNCH BAG ALPHABET DESIGN,3,4/15/2011 15:58,1.65,14056.0,United Kingdom
568058,23436,VINTAGE CHRISTMAS GIFT BAG LARGE ,24,9/23/2011 12:58,1.25,18188.0,United Kingdom
560571,23206,LUNCH BAG APPLE DESIGN,20,7/19/2011 14:29,1.65,17735.0,United Kingdom
578255,22635,CHILDS BREAKFAST SET DOLLY GIRL ,1,11/23/2011 12:58,9.95,14675.0,United Kingdom
547068,20978,36 PENCILS TUBE SKULLS,16,3/20/2011 13:48,1.25,13985.0,United Kingdom
547898,48111,DOORMAT 3 SMILEY CATS,4,3/28/2011 11:49,7.95,16523.0,United Kingdom
543264,82600,NO SINGING METAL SIGN,5,2/4/2011 16:34,2.1,13069.0,United Kingdom
547658,22173,METAL 4 HOOK HANGER FRENCH CHATEAU,1,3/24/2011 13:04,2.95,13736.0,United Kingdom
562890,20723,STRAWBERRY CHARLOTTE BAG,10,8/10/2011 12:11,0.85,14191.0,United Kingdom
578946,22114,HOT WATER BOTTLE TEA AND SYMPATHY,1,11/27/2011 13:47,4.25,16005.0,United Kingdom
559656,82581,TOILET METAL SIGN,12,7/11/2011 12:57,0.55,13675.0,United Kingdom
570118,22746,POPPY'S PLAYHOUSE LIVINGROOM ,6,10/7/2011 12:44,2.1,13276.0,United Kingdom
573905,23254,CHILDRENS CUTLERY DOLLY GIRL ,1,11/1/2011 15:06,4.15,16971.0,United Kingdom
575631,23503,PLAYING CARDS KEEP CALM & CARRY ON,1,11/10/2011 13:41,1.25,15184.0,United Kingdom
572934,POST,POSTAGE,4,10/27/2011 10:18,40.0,12610.0,Italy
543914,22491,PACK OF 12 COLOURED PENCILS,2,2/14/2011 13:19,0.85,14715.0,United Kingdom
570598,23270,SET OF 2 CERAMIC PAINTED HEARTS ,12,10/11/2011 11:55,1.45,14175.0,United Kingdom
538198,22451,SILK PURSE BABUSHKA RED,12,12/10/2010 11:01,3.35,17827.0,United Kingdom
C573756,22423,REGENCY CAKESTAND 3 TIER,-3,11/1/2011 9:46,10.95,17865.0,United Kingdom
560118,21012,ANTIQUE ALL GLASS CANDLESTICK,6,7/15/2011 10:21,2.1,16818.0,United Kingdom
568061,21428,SET3 BOOK BOX GREEN GINGHAM FLOWER ,1,9/23/2011 13:12,4.25,16910.0,United Kingdom
543815,82580,BATHROOM METAL SIGN,2,2/13/2011 15:18,0.55,17255.0,United Kingdom
541932,22692,DOORMAT WELCOME TO OUR HOME,20,1/24/2011 11:39,6.75,14439.0,Greece
551560,23162,REGENCY TEA STRAINER,48,5/3/2011 10:43,3.29,16133.0,United Kingdom
554935,84987,SET OF 36 TEATIME PAPER DOILIES,12,5/27/2011 13:30,1.45,14338.0,United Kingdom
574239,23203,JUMBO BAG VINTAGE DOILY ,20,11/3/2011 12:43,2.08,14849.0,United Kingdom
540473,22811,SET OF 6 T-LIGHTS CACTI ,2,1/7/2011 14:31,2.95,17284.0,United Kingdom
572307,23058,CHRISTMAS HANGING SNOWFLAKE,12,10/23/2011 15:23,0.79,16905.0,United Kingdom
549235,22900, SET 2 TEA TOWELS I LOVE LONDON ,4,4/7/2011 11:16,3.25,15530.0,United Kingdom
574698,20726,LUNCH BAG WOODLAND,10,11/6/2011 13:48,1.65,14039.0,United Kingdom
550773,21260,FIRST AID TIN,6,4/20/2011 13:15,3.25,17567.0,United Kingdom
553505,21754,HOME BUILDING BLOCK WORD,6,5/17/2011 13:27,5.95,12949.0,United Kingdom
575985,22395,PAPERWEIGHT VINTAGE PAISLEY,1,11/13/2011 14:09,2.55,17841.0,United Kingdom
539446,POST,POSTAGE,9,12/17/2010 15:58,18.0,12705.0,Germany
565219,23346,SPACEBOY BEAKER,12,9/1/2011 18:07,1.25,14420.0,United Kingdom
561200,85170D,SET/6 PINK BIRD T-LIGHT CANDLES,6,7/25/2011 15:01,2.1,13695.0,United Kingdom
552703,23068,ALUMINIUM STAMPED HEART,4,5/10/2011 16:00,2.49,14462.0,United Kingdom
546437,23051,RECYCLED ACAPULCO MAT BLUE,2,3/14/2011 9:46,8.25,16807.0,United Kingdom
553572,22722,SET OF 6 SPICE TINS PANTRY DESIGN,4,5/18/2011 9:37,3.95,18223.0,United Kingdom
562776,21217,RED RETROSPOT ROUND CAKE TINS,2,8/9/2011 12:23,9.95,14180.0,United Kingdom
558860,82616B,FRAPPUCINO SCARF KNITTING KIT,2,7/4/2011 12:18,1.25,17975.0,United Kingdom
546670,21212,PACK OF 72 RETROSPOT CAKE CASES,6,3/15/2011 15:37,0.55,13451.0,United Kingdom
568782,22139,RETROSPOT TEA SET CERAMIC 11 PC ,6,9/29/2011 8:53,4.95,13985.0,United Kingdom
564432,22698,PINK REGENCY TEACUP AND SAUCER,6,8/25/2011 11:40,2.95,13517.0,United Kingdom
548670,22659,LUNCH BOX I LOVE LONDON,3,4/1/2011 15:37,1.95,15356.0,United Kingdom
560979,20723,STRAWBERRY CHARLOTTE BAG,10,7/22/2011 12:21,0.85,15232.0,United Kingdom
562576,21915,RED  HARMONICA IN BOX ,2,8/7/2011 13:08,1.25,15518.0,United Kingdom
560833,84882,GREEN WIRE STANDING CANDLE HOLDER,1,7/21/2011 12:14,3.75,16891.0,United Kingdom
C556640,21735,TWO DOOR CURIO CABINET,-2,6/13/2011 15:44,12.75,13148.0,United Kingdom
577617,22571,ROCKING HORSE RED CHRISTMAS ,12,11/21/2011 10:23,0.85,14883.0,United Kingdom
547507,21499,BLUE POLKADOT WRAP,25,3/23/2011 13:39,0.42,16859.0,United Kingdom
580961,23083,SET 6 PAPER TABLE LANTERN STARS ,4,12/6/2011 14:40,3.75,14572.0,United Kingdom
566258,20679,EDWARDIAN PARASOL RED,2,9/11/2011 12:45,5.95,13124.0,United Kingdom
555485,22729,ALARM CLOCK BAKELIKE ORANGE,4,6/3/2011 12:39,3.75,17722.0,United Kingdom
570214,20970,PINK FLORAL FELTCRAFT SHOULDER BAG,1,10/9/2011 11:50,3.75,12748.0,United Kingdom
566195,85014A,BLACK/BLUE POLKADOT UMBRELLA,12,9/9/2011 13:44,5.95,12433.0,Norway
578953,47469,ASSORTED SHAPES PHOTO CLIP SILVER ,7,11/27/2011 14:50,0.65,13546.0,United Kingdom
576062,23232,WRAP VINTAGE LEAF DESIGN,25,11/13/2011 15:30,0.42,12867.0,United Kingdom
552330,47566,PARTY BUNTING,4,5/9/2011 10:13,4.95,12948.0,United Kingdom
541521,22090,PAPER BUNTING RETROSPOT,6,1/19/2011 9:45,2.95,15298.0,United Kingdom
551986,84836,ZINC METAL HEART DECORATION,12,5/5/2011 14:41,1.25,13888.0,United Kingdom
541115,22379,RECYCLING BAG RETROSPOT ,5,1/13/2011 15:34,2.1,12578.0,Italy
547659,23051,RECYCLED ACAPULCO MAT BLUE,2,3/24/2011 13:05,8.25,12434.0,Australia
549099,22295,HEART FILIGREE DOVE LARGE,2,4/6/2011 11:07,1.65,16241.0,United Kingdom
581472,23298,SPOTTY BUNTING,6,12/8/2011 19:55,4.95,15796.0,United Kingdom
543618,22649,STRAWBERRY FAIRY CAKE TEAPOT,8,2/10/2011 14:49,4.95,13468.0,United Kingdom
556112,22920,HERB MARKER BASIL,12,6/9/2011 9:28,0.65,13265.0,United Kingdom
539580,22851,SET 20 NAPKINS FAIRY CAKES DESIGN ,12,12/20/2010 12:51,0.85,15312.0,United Kingdom
536632,21875,KINGS CHOICE MUG,12,12/2/2010 11:02,1.25,14388.0,United Kingdom
569488,22909,SET OF 20 VINTAGE CHRISTMAS NAPKINS,6,10/4/2011 13:10,0.85,16440.0,United Kingdom
546172,84378,SET OF 3 HEART COOKIE CUTTERS,12,3/10/2011 10:32,1.25,14156.0,EIRE
577540,20956,PORCELAIN T-LIGHT HOLDERS ASSORTED,2,11/20/2011 14:28,1.25,14984.0,United Kingdom
546687,22449,SILK PURSE BABUSHKA PINK,6,3/16/2011 9:58,3.35,16040.0,United Kingdom
570254,23378,PACK OF 12 50'S CHRISTMAS TISSUES,24,10/10/2011 9:41,0.39,16179.0,United Kingdom
580399,22966,GINGERBREAD MAN COOKIE CUTTER,5,12/4/2011 11:45,1.25,13471.0,United Kingdom
575943,23501,KEY RING BASEBALL BOOT UNION JACK,1,11/13/2011 11:44,1.25,17920.0,United Kingdom
575039,22997,TRAVEL CARD WALLET UNION JACK,24,11/8/2011 11:53,0.42,15005.0,United Kingdom
571837,84341B,SMALL PINK MAGIC CHRISTMAS TREE,1,10/19/2011 12:11,0.38,16470.0,United Kingdom
539305,21326,AGED GLASS SILVER T-LIGHT HOLDER,12,12/16/2010 17:37,0.65,14334.0,United Kingdom
552824,84970S,HANGING HEART ZINC T-LIGHT HOLDER,3,5/11/2011 13:16,0.85,14056.0,United Kingdom
576677,23206,LUNCH BAG APPLE DESIGN,4,11/16/2011 12:03,1.65,16393.0,United Kingdom
556491,22870,NUMBER TILE COTTAGE GARDEN 2,2,6/12/2011 14:15,1.95,16794.0,United Kingdom
536863,22750,FELTCRAFT PRINCESS LOLA DOLL,1,12/3/2010 11:19,3.75,17967.0,United Kingdom
536587,22355,CHARLOTTE BAG SUKI DESIGN,10,12/1/2010 16:33,0.85,14142.0,United Kingdom
564896,21986,PACK OF 12 PINK POLKADOT TISSUES,24,8/31/2011 11:06,0.29,13726.0,United Kingdom
574670,21240,BLUE POLKADOT CUP,1,11/6/2011 12:20,0.85,12838.0,United Kingdom
549577,20750,RED RETROSPOT MINI CASES,4,4/11/2011 8:16,7.95,14286.0,United Kingdom
542786,21975,PACK OF 60 DINOSAUR CAKE CASES,24,2/1/2011 10:15,0.55,17314.0,United Kingdom
566562,21912,VINTAGE SNAKES & LADDERS,6,9/13/2011 12:18,3.75,17365.0,United Kingdom
560538,22961,JAM MAKING SET PRINTED,24,7/19/2011 12:19,1.45,16128.0,United Kingdom
578233,11001,ASSTD DESIGN RACING CAR PEN,16,11/23/2011 12:20,1.69,14049.0,United Kingdom
546774,22989,SET 2 PANTRY DESIGN TEA TOWELS,8,3/16/2011 15:45,3.25,14505.0,United Kingdom
568094,23266,SET OF 3 WOODEN STOCKING DECORATION,12,9/23/2011 14:43,1.25,15807.0,United Kingdom
570287,22111,SCOTTIE DOG HOT WATER BOTTLE,3,10/10/2011 11:37,4.95,17425.0,United Kingdom
557222,48116,DOORMAT MULTICOLOUR STRIPE,2,6/17/2011 13:14,7.95,14936.0,Channel Islands
538280,21870,I CAN ONLY PLEASE ONE PERSON MUG,12,12/10/2010 12:50,1.25,12748.0,United Kingdom
565491,22910,PAPER CHAIN KIT VINTAGE CHRISTMAS,40,9/5/2011 11:41,2.55,13881.0,United Kingdom
567821,22617,BAKING SET SPACEBOY DESIGN,2,9/22/2011 12:45,4.95,14659.0,United Kingdom
575985,22419,LIPSTICK PEN RED,2,11/13/2011 14:09,0.42,17841.0,United Kingdom
573405,84950,ASSORTED COLOUR T-LIGHT HOLDER,12,10/30/2011 15:55,0.65,13822.0,United Kingdom
571937,16045,POPART WOODEN PENCILS ASST,100,10/20/2011 9:28,0.04,14911.0,EIRE
581095,22086,PAPER CHAIN KIT 50'S CHRISTMAS ,4,12/7/2011 11:35,2.95,17238.0,United Kingdom
580291,22898,CHILDRENS APRON APPLES DESIGN,6,12/2/2011 13:36,1.95,15539.0,United Kingdom
542231,21677,HEARTS  STICKERS,8,1/26/2011 13:40,0.85,16714.0,United Kingdom
554485,23152,IVORY SWEETHEART WIRE LETTER RACK ,2,5/24/2011 13:22,3.75,18018.0,United Kingdom
580720,82582,AREA PATROLLED METAL SIGN,6,12/5/2011 16:55,2.1,14629.0,United Kingdom
538844,21258,VICTORIAN SEWING BOX LARGE,8,12/14/2010 13:19,10.95,14680.0,United Kingdom
537826,20717,STRAWBERRY SHOPPER BAG,4,12/8/2010 14:38,1.25,15581.0,United Kingdom
555542,22312,OFFICE MUG WARMER POLKADOT,6,6/5/2011 12:51,2.95,15108.0,European Community
546643,84378,SET OF 3 HEART COOKIE CUTTERS,12,3/15/2011 13:23,1.25,16214.0,United Kingdom
559866,21790,VINTAGE SNAP CARDS,12,7/13/2011 10:43,0.85,15795.0,United Kingdom
560093,84879,ASSORTED COLOUR BIRD ORNAMENT,40,7/14/2011 17:11,1.69,14461.0,United Kingdom
577331,21497,FANCY FONTS BIRTHDAY WRAP,25,11/18/2011 14:23,0.42,14667.0,United Kingdom
543033,72351A,SET/6 TURQUOISE BUTTERFLY T-LIGHTS,2,2/2/2011 15:48,2.1,17841.0,United Kingdom
536945,22635,CHILDS BREAKFAST SET DOLLY GIRL ,1,12/3/2010 12:24,9.95,14083.0,United Kingdom
566561,85099B,JUMBO BAG RED RETROSPOT,10,9/13/2011 12:13,2.08,18145.0,United Kingdom
574091,23493,VINTAGE DOILY TRAVEL SEWING KIT,10,11/3/2011 9:20,1.95,17086.0,United Kingdom
576300,23203,JUMBO BAG VINTAGE DOILY ,1,11/14/2011 14:39,2.08,15058.0,United Kingdom
572103,22748,POPPY'S PLAYHOUSE KITCHEN,1,10/20/2011 15:57,2.1,17571.0,United Kingdom
550974,22993,SET OF 4 PANTRY JELLY MOULDS,12,4/21/2011 17:10,1.25,13862.0,United Kingdom
543022,72122,COFFEE SCENT PILLAR CANDLE,8,2/2/2011 14:37,0.95,16771.0,United Kingdom
580831,21137,BLACK RECORD COVER FRAME,4,12/6/2011 11:39,3.75,14418.0,United Kingdom
539185,20973,12 PENCIL SMALL TUBE WOODLAND,3,12/16/2010 11:53,0.65,16470.0,United Kingdom
567162,21181,PLEASE ONE PERSON METAL SIGN,48,9/18/2011 11:13,1.85,16525.0,United Kingdom
541011,47566,PARTY BUNTING,5,1/13/2011 11:26,4.65,15447.0,United Kingdom
580059,22810,SET OF 6 T-LIGHTS SNOWMEN,1,12/1/2011 13:22,2.95,17768.0,United Kingdom
551531,22629,SPACEBOY LUNCH BOX ,3,5/1/2011 13:45,1.95,15376.0,United Kingdom
561818,22427,ENAMEL FLOWER JUG CREAM,1,7/29/2011 15:51,5.95,16775.0,United Kingdom
566451,23218,LAUREL STAR ANTIQUE GOLD,4,9/12/2011 16:14,1.25,18069.0,United Kingdom
542791,85049G,CHOCOLATE BOX RIBBONS ,1,2/1/2011 10:47,1.25,15039.0,United Kingdom
578949,23005,TRAVEL CARD WALLET I LOVE LONDON,1,11/27/2011 14:30,0.42,14954.0,United Kingdom
536529,72598,SET/12 TAPER CANDLES,12,12/1/2010 13:20,0.85,14237.0,United Kingdom
562387,22469,HEART OF WICKER SMALL,12,8/4/2011 15:51,1.65,13402.0,United Kingdom
572475,22090,PAPER BUNTING RETROSPOT,1,10/24/2011 13:37,2.95,15271.0,United Kingdom
564995,22775,PURPLE DRAWERKNOB ACRYLIC EDWARDIAN,12,8/31/2011 16:09,1.25,16780.0,United Kingdom
556876,21089,SET/6 GREEN SPRING PAPER CUPS,5,6/15/2011 11:56,0.19,16241.0,United Kingdom
544571,22844,VINTAGE CREAM DOG FOOD CONTAINER,2,2/21/2011 13:07,8.5,15146.0,United Kingdom
580750,22326,ROUND SNACK BOXES SET OF4 WOODLAND ,6,12/6/2011 9:56,2.95,12749.0,United Kingdom
569518,85150,LADIES & GENTLEMEN METAL SIGN,3,10/4/2011 14:28,2.55,13263.0,United Kingdom
571433,23293,SET OF 12 FAIRY CAKE BAKING CASES,8,10/17/2011 13:19,0.83,13015.0,United Kingdom
558751,21080,SET/20 RED RETROSPOT PAPER NAPKINS ,1,7/3/2011 11:26,0.85,16009.0,United Kingdom
538079,22730,ALARM CLOCK BAKELIKE IVORY,4,12/9/2010 14:27,3.75,17671.0,United Kingdom
548863,84378,SET OF 3 HEART COOKIE CUTTERS,2,4/4/2011 13:57,1.25,15311.0,United Kingdom
568142,21164,HOME SWEET HOME METAL SIGN ,2,9/25/2011 11:22,2.95,16744.0,United Kingdom
573548,21485,RETROSPOT HEART HOT WATER BOTTLE,4,10/31/2011 13:22,4.95,13680.0,United Kingdom
545690,22219,LOVEBIRD HANGING DECORATION WHITE ,1,3/6/2011 12:46,0.85,13263.0,United Kingdom
537207,22745,POPPY'S PLAYHOUSE BEDROOM ,1,12/5/2010 15:06,2.1,17402.0,United Kingdom
577728,23074,EMBOSSED HEART TRINKET BOX,8,11/21/2011 12:52,2.08,17811.0,United Kingdom
559554,47566,PARTY BUNTING,50,7/11/2011 10:12,4.15,14258.0,United Kingdom
541086,21715,GIRLS VINTAGE TIN SEASIDE BUCKET,8,1/13/2011 12:32,2.55,16503.0,United Kingdom
568547,22713,CARD I LOVE LONDON ,12,9/27/2011 14:37,0.42,15568.0,United Kingdom
560451,23032,DRAWER KNOB CRACKLE GLAZE IVORY,18,7/19/2011 9:50,1.65,14911.0,EIRE
538890,22530,MAGIC DRAWING SLATE DOLLY GIRL ,2,12/14/2010 16:39,0.42,12867.0,United Kingdom
579258,20971,PINK BLUE FELT CRAFT TRINKET BOX,12,11/29/2011 8:21,1.25,15148.0,United Kingdom
580723,21175,GIN AND TONIC DIET METAL SIGN,12,12/5/2011 17:09,2.55,15856.0,United Kingdom
573323,22096,PINK PAISLEY SQUARE TISSUE BOX ,1,10/30/2011 10:54,0.39,15708.0,United Kingdom
557804,84946,ANTIQUE SILVER T-LIGHT GLASS,72,6/23/2011 10:24,1.06,18198.0,United Kingdom
563209,21314,SMALL GLASS HEART TRINKET POT,8,8/14/2011 12:23,2.1,13527.0,United Kingdom
572133,22367,CHILDRENS APRON SPACEBOY DESIGN,8,10/21/2011 10:11,1.95,12407.0,Belgium
576844,23220,REINDEER HEART DECORATION GOLD,144,11/16/2011 15:33,0.72,16713.0,United Kingdom
560590,22897,OVEN MITT APPLES DESIGN,10,7/19/2011 15:55,1.45,12560.0,Germany
552864,22938,CUPCAKE LACE PAPER SET 6,3,5/11/2011 17:13,1.95,13235.0,United Kingdom
556927,22727,ALARM CLOCK BAKELIKE RED ,24,6/15/2011 14:47,3.75,14156.0,EIRE
559812,21559,STRAWBERRY LUNCH BOX WITH CUTLERY,1,7/12/2011 15:29,2.55,15051.0,United Kingdom
569844,22489,PACK OF 12 TRADITIONAL CRAYONS,24,10/6/2011 13:30,0.42,12626.0,Germany
581476,72232,FENG SHUI PILLAR CANDLE,144,12/9/2011 8:48,0.19,12433.0,Norway
536637,85135B,BLUE DRAGONFLY HELICOPTER,1,12/2/2010 11:35,7.95,18041.0,United Kingdom
565408,22113,GREY HEART HOT WATER BOTTLE,1,9/4/2011 11:12,4.25,16813.0,United Kingdom
572465,23109,PACK OF SIX LED TEA LIGHTS,6,10/24/2011 13:26,2.89,14474.0,United Kingdom
580152,16156L,WRAP CAROUSEL,25,12/2/2011 10:22,0.42,12364.0,Belgium
565863,22912,YELLOW COAT RACK PARIS FASHION,3,9/7/2011 15:00,4.95,17422.0,United Kingdom
552039,22637,PIGGY BANK RETROSPOT ,12,5/6/2011 8:10,2.55,13081.0,United Kingdom
555719,21578,WOODLAND DESIGN  COTTON TOTE BAG,6,6/6/2011 15:31,2.25,12609.0,Germany
544042,22896,PEG BAG APPLES DESIGN,1,2/15/2011 11:52,2.55,14527.0,United Kingdom
579152,84992,72 SWEETHEART FAIRY CAKE CASES,24,11/28/2011 13:26,0.55,12479.0,Germany
574043,23397,FOOT STOOL HOME SWEET HOME ,2,11/2/2011 13:13,9.95,16367.0,United Kingdom
577850,22965,3 TRADITIONAl BISCUIT CUTTERS  SET,6,11/22/2011 11:04,2.1,14911.0,EIRE
555734,16237,SLEEPING CAT ERASERS,30,6/7/2011 8:21,0.21,17696.0,United Kingdom
549188,22364,GLASS JAR DIGESTIVE BISCUITS,6,4/7/2011 10:10,2.95,13731.0,United Kingdom
542862,22365,DOORMAT RESPECTABLE HOUSE,1,2/1/2011 11:51,7.95,14606.0,United Kingdom
575692,23396,LE JARDIN BOTANIQUE CUSHION COVER,3,11/10/2011 16:27,3.75,12508.0,France
567692,75011,BLUE DAISY MOBILE,10,9/21/2011 17:05,0.79,17997.0,United Kingdom
558092,72802A,ROSE SCENT CANDLE IN JEWELLED BOX,1,6/26/2011 12:54,4.25,14808.0,United Kingdom
552727,22992,REVOLVER WOODEN RULER ,12,5/11/2011 10:32,1.95,14920.0,United Kingdom
549903,22851,SET 20 NAPKINS FAIRY CAKES DESIGN ,4,4/12/2011 16:19,0.85,17576.0,United Kingdom
580502,23201,JUMBO BAG ALPHABET,1,12/4/2011 13:15,2.08,16931.0,United Kingdom
566269,21507,ELEPHANT BIRTHDAY CARD ,12,9/11/2011 13:39,0.42,17864.0,United Kingdom
538067,22659,LUNCH BOX I LOVE LONDON,4,12/9/2010 13:59,1.95,15288.0,United Kingdom
568574,23328,SET 6 SCHOOL MILK BOTTLES IN CRATE,4,9/28/2011 9:15,3.75,13862.0,United Kingdom
547063,22329,ROUND CONTAINER SET OF 5 RETROSPOT,2,3/20/2011 13:33,1.65,14769.0,United Kingdom
536539,22867,HAND WARMER BIRD DESIGN,12,12/1/2010 14:03,2.1,15165.0,United Kingdom
550196,84596B,SMALL DOLLY MIX DESIGN ORANGE BOWL,2,4/15/2011 10:09,0.42,14796.0,United Kingdom
544181,22087,PAPER BUNTING WHITE LACE,6,2/16/2011 14:56,2.95,17175.0,United Kingdom
549235,22554,PLASTERS IN TIN WOODLAND ANIMALS,3,4/7/2011 11:16,1.65,15530.0,United Kingdom
571944,22662,LUNCH BAG DOLLY GIRL DESIGN,10,10/20/2011 10:15,1.65,13755.0,United Kingdom
569998,85066,CREAM SWEETHEART MINI CHEST,2,10/7/2011 8:12,12.75,12540.0,Spain
567379,23330,DECORATIVE WICKER HEART MEDIUM,48,9/20/2011 10:02,1.25,13089.0,United Kingdom
549294,22699,ROSES REGENCY TEACUP AND SAUCER ,1,4/7/2011 19:27,2.95,13230.0,United Kingdom
545999,22630,DOLLY GIRL LUNCH BOX,12,3/8/2011 14:44,1.95,13089.0,United Kingdom
573396,35923,CANDY HEART HANGING DECORATION,3,10/30/2011 15:13,0.39,14723.0,United Kingdom
573418,23411, TRELLIS COAT RACK,6,10/31/2011 9:35,4.95,15360.0,United Kingdom
575068,23209,LUNCH BAG VINTAGE DOILY ,10,11/8/2011 12:46,1.65,14282.0,United Kingdom
576202,21314,SMALL GLASS HEART TRINKET POT,48,11/14/2011 12:22,1.85,13767.0,United Kingdom
550448,22896,PEG BAG APPLES DESIGN,2,4/18/2011 12:42,2.55,16746.0,United Kingdom
571281,21955,DOORMAT UNION JACK GUNS AND ROSES,8,10/16/2011 13:23,7.08,14088.0,United Kingdom
542620,84375,SET OF 20 KIDS COOKIE CUTTERS,12,1/31/2011 8:56,2.1,13089.0,United Kingdom
C567681,22613,PACK OF 20 SPACEBOY NAPKINS,-10,9/21/2011 16:24,0.85,15433.0,United Kingdom
542629,85014B,RED RETROSPOT UMBRELLA,96,1/31/2011 9:57,4.95,12731.0,France
551289,23199,JUMBO BAG APPLES,20,4/27/2011 14:18,2.08,18226.0,United Kingdom
561967,23306,SET OF 36 DOILIES PANTRY DESIGN,3,8/1/2011 13:11,1.45,12844.0,United Kingdom
555853,20984,12 PENCILS TALL TUBE POSY,6,6/7/2011 13:44,0.29,14375.0,United Kingdom
556781,23230,WRAP ALPHABET DESIGN,25,6/14/2011 12:47,0.42,13384.0,United Kingdom
563572,23188,VINTAGE  2 METER FOLDING RULER,2,8/17/2011 15:00,1.65,16734.0,United Kingdom
544789,22120,WELCOME  WOODEN BLOCK LETTERS,3,2/23/2011 12:25,9.95,13993.0,United Kingdom
574901,22082,RIBBON REEL STRIPES DESIGN ,10,11/7/2011 15:15,1.65,17158.0,United Kingdom
547866,22139,RETROSPOT TEA SET CERAMIC 11 PC ,3,3/27/2011 13:21,4.95,14878.0,United Kingdom
536398,22866,HAND WARMER SCOTTY DOG DESIGN,12,12/1/2010 10:52,2.1,13448.0,United Kingdom
555524,22662,LUNCH BAG DOLLY GIRL DESIGN,3,6/5/2011 11:37,1.65,16923.0,United Kingdom
554075,21125,SET 6 FOOTBALL CELEBRATION CANDLES,12,5/22/2011 11:29,1.25,16038.0,United Kingdom
567174,84991,60 TEATIME FAIRY CAKE CASES,1,9/18/2011 13:31,0.55,16438.0,United Kingdom
546403,22960,JAM MAKING SET WITH JARS,12,3/11/2011 15:22,3.75,16766.0,United Kingdom
542254,22625,RED KITCHEN SCALES,2,1/26/2011 16:41,8.5,14733.0,United Kingdom
544790,47566B,TEA TIME PARTY BUNTING,6,2/23/2011 12:27,4.95,16940.0,United Kingdom
577938,23506,MINI PLAYING CARDS SPACEBOY ,1,11/22/2011 12:07,0.42,15525.0,United Kingdom
569846,23559,WOODLAND BUNNIES LOLLY MAKERS,6,10/6/2011 13:42,2.08,13422.0,United Kingdom
545711,22778,GLASS CLOCHE SMALL,4,3/7/2011 9:52,3.95,16136.0,United Kingdom
567631,23397,FOOT STOOL HOME SWEET HOME ,2,9/21/2011 13:33,9.95,13350.0,United Kingdom
575640,23342,MINT DINER WALL CLOCK,1,11/10/2011 14:01,8.5,13148.0,United Kingdom
576602,23457,LARGE PARLOUR FRAME,24,11/15/2011 15:20,4.5,14156.0,EIRE
572517,21630,FLOOR CUSHION ELEPHANT CARNIVAL,2,10/24/2011 14:47,8.95,15068.0,United Kingdom
578707,84509C,SET OF 4 POLKADOT PLACEMATS ,2,11/25/2011 11:20,3.75,17870.0,United Kingdom
573078,23473,WOODLAND SMALL RED FELT HEART,12,10/27/2011 14:13,0.83,12839.0,United Kingdom
550347,85123A,WHITE HANGING HEART T-LIGHT HOLDER,6,4/18/2011 9:33,2.95,14227.0,United Kingdom
546554,21981,PACK OF 12 WOODLAND TISSUES ,24,3/15/2011 9:13,0.29,16037.0,United Kingdom
576920,23343,JUMBO BAG VINTAGE CHRISTMAS ,20,11/17/2011 10:49,2.08,13871.0,United Kingdom
568070,84347,ROTATING SILVER ANGELS T-LIGHT HLDR,12,9/23/2011 14:17,2.55,16128.0,United Kingdom
576181,23023,RIDGED BONNE JAM JAR T-LIGHT HOLDER,6,11/14/2011 11:19,1.65,15572.0,United Kingdom
564158,22382,LUNCH BAG SPACEBOY DESIGN ,10,8/23/2011 12:37,1.65,16712.0,United Kingdom
577396,23182,TOILET SIGN OCCUPIED OR VACANT,24,11/18/2011 17:11,0.83,17621.0,United Kingdom
546944,22785,SQUARECUSHION COVER PINK UNION FLAG,6,3/18/2011 11:13,6.75,14701.0,United Kingdom
555312,22960,JAM MAKING SET WITH JARS,6,6/2/2011 10:39,4.25,16484.0,United Kingdom
556728,22921,HERB MARKER CHIVES ,1,6/14/2011 11:36,0.65,15719.0,United Kingdom
559782,22721,SET OF 3 CAKE TINS SKETCHBOOK,3,7/12/2011 11:55,4.95,12722.0,France
580272,22750,FELTCRAFT PRINCESS LOLA DOLL,1,12/2/2011 12:52,3.75,15547.0,United Kingdom
565726,22113,GREY HEART HOT WATER BOTTLE,4,9/6/2011 11:58,3.75,14360.0,United Kingdom
561517,22609,PENS ASSORTED SPACEBALL,36,7/27/2011 15:17,0.19,18226.0,United Kingdom
560979,84877B,GREEN ROUND COMPACT MIRROR,24,7/22/2011 12:21,1.25,15232.0,United Kingdom
541684,22743,MAKE YOUR OWN FLOWERPOWER CARD KIT,1,1/20/2011 15:22,2.95,15498.0,United Kingdom
577479,20914,SET/5 RED RETROSPOT LID GLASS BOWLS,12,11/20/2011 11:34,2.95,14911.0,EIRE
579002,84378,SET OF 3 HEART COOKIE CUTTERS,2,11/27/2011 16:27,1.45,14093.0,United Kingdom
544070,22305,COFFEE MUG PINK PAISLEY DESIGN,6,2/15/2011 14:19,2.55,15370.0,United Kingdom
574944,23333,IVORY WICKER HEART MEDIUM,12,11/8/2011 8:16,1.25,13710.0,United Kingdom
571017,21123,SET/10 IVORY POLKADOT PARTY CANDLES,24,10/13/2011 12:17,1.25,15116.0,United Kingdom
558632,22419,LIPSTICK PEN RED,24,6/30/2011 18:44,0.42,17930.0,United Kingdom
578100,23170,REGENCY TEA PLATE ROSES ,12,11/23/2011 8:17,1.65,15814.0,United Kingdom
546394,21124,SET/10 BLUE POLKADOT PARTY CANDLES,24,3/11/2011 14:26,1.25,17164.0,United Kingdom
555489,22197,SMALL POPCORN HOLDER,360,6/3/2011 13:48,0.72,17949.0,United Kingdom
543274,22161,HEART DECORATION RUSTIC HANGING ,2,2/6/2011 12:48,0.65,17392.0,United Kingdom
566482,20685,DOORMAT RED RETROSPOT,2,9/13/2011 9:43,8.25,16609.0,United Kingdom
562558,20658,RED RETROSPOT LUGGAGE TAG,2,8/5/2011 16:43,1.25,13451.0,United Kingdom
553526,22173,METAL 4 HOOK HANGER FRENCH CHATEAU,2,5/17/2011 14:54,2.95,16266.0,United Kingdom
568215,21912,VINTAGE SNAKES & LADDERS,4,9/26/2011 8:38,3.75,13390.0,United Kingdom
552835,21977,PACK OF 60 PINK PAISLEY CAKE CASES,24,5/11/2011 14:17,0.55,17664.0,United Kingdom
573269,23390,DOLLY GIRL MINI BACKPACK,1,10/28/2011 13:00,4.15,16764.0,United Kingdom
559367,72741,GRAND CHOCOLATECANDLE,9,7/8/2011 9:38,1.45,13013.0,United Kingdom
580541,22077,6 RIBBONS RUSTIC CHARM,24,12/5/2011 9:03,1.95,15358.0,United Kingdom
554964,21533,RETROSPOT LARGE MILK JUG,2,5/27/2011 15:57,4.95,15867.0,United Kingdom
558041,21694,SMALL REGAL  SILVER CANDLEPOT ,6,6/24/2011 13:20,2.95,12422.0,Switzerland
555158,20979,36 PENCILS TUBE RED RETROSPOT,16,6/1/2011 8:38,1.25,14842.0,United Kingdom
574573,22530,MAGIC DRAWING SLATE DOLLY GIRL ,1,11/4/2011 16:35,0.42,14592.0,United Kingdom
541593,22457,NATURAL SLATE HEART CHALKBOARD ,2,1/19/2011 15:20,2.95,17611.0,United Kingdom
544087,85187,S/12 MINI RABBIT EASTER,2,2/15/2011 17:02,1.65,17530.0,United Kingdom
556910,22209,WOOD STAMP SET HAPPY BIRTHDAY,5,6/15/2011 13:25,0.83,12748.0,United Kingdom
542789,22029,SPACEBOY BIRTHDAY CARD,72,2/1/2011 10:38,0.36,17511.0,United Kingdom
540370,22791,T-LIGHT GLASS FLUTED ANTIQUE,72,1/6/2011 16:25,1.06,13094.0,United Kingdom
536688,22632,HAND WARMER RED POLKA DOT,6,12/2/2010 12:24,1.85,17850.0,United Kingdom
551014,22554,PLASTERS IN TIN WOODLAND ANIMALS,12,4/26/2011 11:04,1.65,13209.0,United Kingdom
544187,21967,PACK OF 12 SKULL TISSUES,24,2/16/2011 16:31,0.29,14107.0,United Kingdom
542607,21535,RED RETROSPOT SMALL MILK JUG,1,1/30/2011 13:48,2.55,13148.0,United Kingdom
553547,22431,WATERING CAN BLUE ELEPHANT,12,5/17/2011 15:48,1.95,12474.0,Germany
556040,84946,ANTIQUE SILVER T-LIGHT GLASS,12,6/8/2011 12:42,1.25,14622.0,United Kingdom
540644,21715,GIRLS VINTAGE TIN SEASIDE BUCKET,8,1/10/2011 14:16,2.55,16303.0,United Kingdom
559372,22752,SET 7 BABUSHKA NESTING BOXES,2,7/8/2011 10:23,8.5,12461.0,Switzerland
556820,23238,SET OF 4 KNICK KNACK TINS LONDON ,6,6/15/2011 10:22,4.15,12682.0,France
576564,23271,CHRISTMAS TABLE SILVER CANDLE SPIKE,5,11/15/2011 13:32,0.83,15311.0,United Kingdom
572103,22472,TV DINNER TRAY DOLLY GIRL,1,10/20/2011 15:57,4.95,17571.0,United Kingdom
C561225,D,Discount,-1,7/26/2011 10:06,45.6,16029.0,United Kingdom
569722,21936,RED RETROSPOT PICNIC BAG,5,10/6/2011 9:31,2.95,12431.0,Australia
560260,85014B,RED RETROSPOT UMBRELLA,1,7/17/2011 13:32,5.95,14044.0,United Kingdom
576654,21931,JUMBO STORAGE BAG SUKI,2,11/16/2011 10:55,2.08,15584.0,United Kingdom
577167,22384,LUNCH BAG PINK POLKADOT,2,11/18/2011 10:41,1.65,16511.0,United Kingdom
563944,72801G,4 BURGUNDY WINE DINNER CANDLES,12,8/22/2011 10:08,1.25,17581.0,United Kingdom
558093,23050,RECYCLED ACAPULCO MAT GREEN,1,6/26/2011 13:00,8.25,17969.0,United Kingdom
551884,84576,BLUE CAT BISCUIT BARREL PINK HEART,12,5/5/2011 9:17,1.95,16109.0,United Kingdom
553219,21790,VINTAGE SNAP CARDS,12,5/16/2011 9:57,0.85,13769.0,United Kingdom
567163,22138,BAKING SET 9 PIECE RETROSPOT ,9,9/18/2011 11:31,4.95,13247.0,United Kingdom
563268,23329,DECORATIVE WICKER HEART LARGE,12,8/15/2011 12:47,1.65,13940.0,United Kingdom
547069,22315,200 RED + WHITE BENDY STRAWS,1,3/20/2011 13:52,1.25,16710.0,United Kingdom
548780,22320,BIRDS MOBILE VINTAGE DESIGN,3,4/4/2011 12:37,5.95,13294.0,United Kingdom
553351,22569,FELTCRAFT CUSHION BUTTERFLY,2,5/16/2011 13:35,3.75,18118.0,United Kingdom
567853,16237,SLEEPING CAT ERASERS,30,9/22/2011 13:31,0.21,15484.0,United Kingdom
574481,22080,RIBBON REEL POLKADOTS ,5,11/4/2011 12:45,1.65,18022.0,United Kingdom
567183,22603,CHRISTMAS RETROSPOT TREE WOOD,6,9/18/2011 15:32,0.85,14769.0,United Kingdom
549548,90175A,WHITE GLASS CHUNKY CHARM BRACELET,1,4/10/2011 11:35,8.95,13548.0,United Kingdom
581433,22766,PHOTO FRAME CORNICE,8,12/8/2011 15:54,2.95,14911.0,EIRE
566539,23207,LUNCH BAG ALPHABET DESIGN,4,9/13/2011 11:34,1.65,17228.0,United Kingdom
573905,21809,CHRISTMAS HANGING TREE WITH BELL,6,11/1/2011 15:06,0.39,16971.0,United Kingdom
566713,22580,ADVENT CALENDAR GINGHAM SACK,3,9/14/2011 12:05,5.95,15933.0,United Kingdom
572490,22728,ALARM CLOCK BAKELIKE PINK,1,10/24/2011 13:59,3.75,14467.0,United Kingdom
548313,22993,SET OF 4 PANTRY JELLY MOULDS,1,3/30/2011 12:15,1.25,15353.0,United Kingdom
539502,82600,NO SINGING METAL SIGN,3,12/20/2010 11:14,2.1,14099.0,United Kingdom
537346,22960,JAM MAKING SET WITH JARS,6,12/6/2010 12:21,4.25,15301.0,United Kingdom
577258,23322,LARGE WHITE HEART OF WICKER,1,11/18/2011 12:27,2.95,16764.0,United Kingdom
558926,22385,JUMBO BAG SPACEBOY DESIGN,10,7/5/2011 10:21,2.08,17469.0,United Kingdom
572703,22566,FELTCRAFT HAIRBAND PINK AND PURPLE,1,10/25/2011 14:35,0.85,16110.0,United Kingdom
545701,22639,SET OF 4 NAPKIN CHARMS HEARTS,2,3/6/2011 15:17,2.55,17107.0,United Kingdom
547070,21155,RED RETROSPOT PEG BAG,1,3/20/2011 13:58,2.55,16115.0,United Kingdom
543306,22569,FELTCRAFT CUSHION BUTTERFLY,2,2/7/2011 11:56,3.75,16686.0,United Kingdom
540247,20718,RED RETROSPOT SHOPPER BAG,3,1/5/2011 15:56,1.25,15464.0,United Kingdom
571670,22195,LARGE HEART MEASURING SPOONS,12,10/18/2011 13:12,1.65,12611.0,Italy
549300,85150,LADIES & GENTLEMEN METAL SIGN,6,4/8/2011 8:21,2.55,13362.0,United Kingdom
565846,20682,RED RETROSPOT CHILDRENS UMBRELLA,1,9/7/2011 12:41,3.25,14606.0,United Kingdom
569702,21901,"KEY FOB , BACK DOOR ",2,10/5/2011 16:09,0.65,14396.0,United Kingdom
551003,20685,DOORMAT RED RETROSPOT,1,4/26/2011 9:44,7.95,16456.0,United Kingdom
559343,85035B,CHOCOLATE 3 WICK MORRIS BOX CANDLE,1,7/7/2011 17:01,4.25,17961.0,United Kingdom
546982,22244,3 HOOK HANGER MAGIC GARDEN,1,3/18/2011 12:26,1.95,15483.0,United Kingdom
543547,20967,GREY FLORAL FELTCRAFT SHOULDER BAG,1,2/9/2011 16:57,3.75,17358.0,United Kingdom
554065,22064,PINK DOUGHNUT TRINKET POT ,12,5/22/2011 10:39,1.65,18287.0,United Kingdom
569651,21479,WHITE SKULL HOT WATER BOTTLE ,1,10/5/2011 12:49,4.25,14534.0,United Kingdom
573348,21314,SMALL GLASS HEART TRINKET POT,4,10/30/2011 12:27,2.1,14487.0,United Kingdom
570217,23203,JUMBO BAG VINTAGE DOILY ,4,10/9/2011 12:19,2.08,17323.0,United Kingdom
C536391,21983,PACK OF 12 BLUE PAISLEY TISSUES ,-24,12/1/2010 10:24,0.29,17548.0,United Kingdom
563680,20754,RETROSPOT RED WASHING UP GLOVES,6,8/18/2011 12:06,2.1,18272.0,United Kingdom
554097,21243,PINK  POLKADOT PLATE ,8,5/22/2011 13:01,1.69,12567.0,France
574675,23355,HOT WATER BOTTLE KEEP CALM,1,11/6/2011 12:31,4.95,17289.0,United Kingdom
576345,22114,HOT WATER BOTTLE TEA AND SYMPATHY,4,11/14/2011 15:37,4.25,12374.0,Austria
555564,21394,RED POLKADOT BEAKER ,6,6/5/2011 15:01,0.39,15005.0,United Kingdom
553017,22092,BLUE PAISLEY TISSUE BOX,2,5/12/2011 19:01,1.25,12757.0,Portugal
580482,22098,BOUDOIR SQUARE TISSUE BOX,8,12/4/2011 12:44,0.39,16033.0,United Kingdom
554952,23228,FILIGREE HEART BIRD WHITE ,24,5/27/2011 14:48,1.25,14227.0,United Kingdom
564800,47504K,ENGLISH ROSE GARDEN SECATEURS,12,8/30/2011 11:32,0.79,14108.0,United Kingdom
576059,22898,CHILDRENS APRON APPLES DESIGN,2,11/13/2011 15:19,1.95,15411.0,United Kingdom
558632,22420,LIPSTICK PEN BABY PINK,24,6/30/2011 18:44,0.42,17930.0,United Kingdom
553014,21671,RED SPOT CERAMIC DRAWER KNOB,6,5/12/2011 18:49,1.25,13451.0,United Kingdom
577258,23210,WHITE ROCKING HORSE HAND PAINTED,2,11/18/2011 12:27,1.25,16764.0,United Kingdom
563076,22384,LUNCH BAG PINK POLKADOT,200,8/11/2011 16:12,1.45,14646.0,Netherlands
578233,23525,WALL ART BUFFALO BILL ,1,11/23/2011 12:20,3.75,14049.0,United Kingdom
C548460,22625,RED KITCHEN SCALES,-2,3/31/2011 11:58,8.5,16801.0,United Kingdom
575517,22219,LOVEBIRD HANGING DECORATION WHITE ,6,11/10/2011 10:49,0.85,14562.0,United Kingdom
573083,22635,CHILDS BREAKFAST SET DOLLY GIRL ,3,10/27/2011 14:22,9.95,13735.0,United Kingdom
561322,22230,JIGSAW TREE WITH WATERING CAN,48,7/26/2011 13:03,0.29,15203.0,United Kingdom
562218,22534,MAGIC DRAWING SLATE SPACEBOY ,24,8/3/2011 14:07,0.42,13851.0,United Kingdom
573576,20973,12 PENCIL SMALL TUBE WOODLAND,3,10/31/2011 14:09,1.25,14096.0,United Kingdom
567954,23445,ICE CREAM BUBBLES,20,9/23/2011 8:30,0.83,13004.0,United Kingdom
547727,85150,LADIES & GENTLEMEN METAL SIGN,192,3/25/2011 10:50,1.69,16029.0,United Kingdom
546034,22713,CARD I LOVE LONDON ,12,3/9/2011 9:44,0.42,14032.0,United Kingdom
557064,21067,VINTAGE RED TEATIME MUG,1,6/16/2011 15:07,1.25,13263.0,United Kingdom
568058,21791,VINTAGE HEADS AND TAILS CARD GAME ,12,9/23/2011 12:58,1.25,18188.0,United Kingdom
571360,85179C,PINK BITTY LIGHT CHAIN,24,10/17/2011 11:51,1.25,16563.0,United Kingdom
549597,22570,FELTCRAFT CUSHION RABBIT,4,4/11/2011 11:23,3.75,16133.0,United Kingdom
577859,23200,JUMBO BAG PEARS,10,11/22/2011 11:24,2.08,14534.0,United Kingdom
556629,23175,REGENCY MILK JUG PINK ,4,6/13/2011 14:55,3.25,14841.0,United Kingdom
555383,22494,EMERGENCY FIRST AID TIN ,3,6/2/2011 15:13,1.25,12517.0,Germany
540856,22726,ALARM CLOCK BAKELIKE GREEN,4,1/12/2011 10:16,3.75,16655.0,United Kingdom
576848,23508,MINI PLAYING CARDS DOLLY GIRL ,3,11/16/2011 15:38,0.42,15051.0,United Kingdom
547986,85099C,JUMBO  BAG BAROQUE BLACK WHITE,10,3/29/2011 8:46,1.95,18177.0,United Kingdom
574481,84510C,SET OF 4 POLKADOT COASTERS,1,11/4/2011 12:45,1.25,18022.0,United Kingdom
549115,22385,JUMBO BAG SPACEBOY DESIGN,100,4/6/2011 12:41,1.79,13098.0,United Kingdom
554095,84755,COLOUR GLASS T-LIGHT HOLDER HANGING,32,5/22/2011 12:51,0.65,14682.0,United Kingdom
559293,22737,RIBBON REEL CHRISTMAS PRESENT ,1,7/7/2011 12:29,1.65,16743.0,United Kingdom
559918,22180,RETROSPOT LAMP,4,7/13/2011 15:29,9.95,18225.0,United Kingdom
577545,22142,CHRISTMAS CRAFT WHITE FAIRY ,3,11/20/2011 14:43,1.45,16931.0,United Kingdom
549568,21136,PAINTED METAL PEARS ASSORTED,8,4/10/2011 15:09,1.69,15665.0,United Kingdom
558232,23298,SPOTTY BUNTING,1,6/27/2011 14:30,4.95,17841.0,United Kingdom
548547,22699,ROSES REGENCY TEACUP AND SAUCER ,46,3/31/2011 19:42,2.55,17212.0,United Kingdom
548521,84596G,SMALL CHOCOLATES PINK BOWL,24,3/31/2011 16:41,0.42,17735.0,United Kingdom
561325,23251,VINTAGE RED ENAMEL TRIM MUG ,1,7/26/2011 13:46,1.25,17596.0,United Kingdom
546389,22456,NATURAL SLATE CHALKBOARD LARGE ,3,3/11/2011 13:56,4.95,16801.0,United Kingdom
542408,21559,STRAWBERRY LUNCH BOX WITH CUTLERY,6,1/27/2011 16:29,2.55,13280.0,United Kingdom
577167,23370,SET 36 COLOURING PENCILS DOILY,2,11/18/2011 10:41,1.25,16511.0,United Kingdom
580600,22593,CHRISTMAS GINGHAM STAR,36,12/5/2011 11:13,0.85,12841.0,United Kingdom
577303,23109,PACK OF SIX LED TEA LIGHTS,36,11/18/2011 13:02,2.89,14390.0,United Kingdom
561642,84997C,CHILDRENS CUTLERY POLKADOT BLUE,1,7/28/2011 15:04,4.15,17965.0,United Kingdom
560864,23287,RED VINTAGE SPOT BEAKER,8,7/21/2011 13:54,0.85,14407.0,United Kingdom
576696,22081,RIBBON REEL FLORA + FAUNA ,5,11/16/2011 12:26,1.65,16669.0,United Kingdom
576650,22964,3 PIECE SPACEBOY COOKIE CUTTER SET,6,11/16/2011 10:34,2.1,14286.0,United Kingdom
542534,20886,BOX OF 9 PEBBLE CANDLES,6,1/28/2011 13:27,1.95,13707.0,United Kingdom
537195,21258,VICTORIAN SEWING BOX LARGE,8,12/5/2010 13:55,10.95,15311.0,United Kingdom
563731,23209,LUNCH BAG VINTAGE DOILY ,1,8/18/2011 17:44,1.65,17576.0,United Kingdom
551775,22822,CREAM WALL PLANTER HEART SHAPED,2,5/4/2011 11:21,5.95,12886.0,United Kingdom
569331,23255,CHILDRENS CUTLERY CIRCUS PARADE,4,10/3/2011 13:39,4.15,16875.0,United Kingdom
577795,22210,WOOD STAMP SET BEST WISHES,1,11/21/2011 16:50,0.83,13246.0,United Kingdom
536409,84625A,PINK NEW BAROQUECANDLESTICK CANDLE,1,12/1/2010 11:45,2.95,17908.0,United Kingdom
575891,22219,LOVEBIRD HANGING DECORATION WHITE ,12,11/11/2011 14:12,0.85,15692.0,United Kingdom
566756,23289,DOLLY GIRL CHILDRENS BOWL,32,9/14/2011 15:54,1.25,12457.0,Switzerland
545909,22525,CHILDRENS GARDEN GLOVES PINK,10,3/8/2011 9:45,1.25,15819.0,United Kingdom
568517,23077,DOUGHNUT LIP GLOSS ,20,9/27/2011 12:52,1.25,14456.0,United Kingdom
544817,21209,MULTICOLOUR HONEYCOMB FAN,12,2/23/2011 16:44,1.65,12437.0,France
549619,21169,YOU'RE CONFUSING ME METAL SIGN ,48,4/11/2011 11:40,1.45,13798.0,United Kingdom
578251,22422,TOOTHPASTE TUBE PEN,7,11/23/2011 12:45,0.65,15993.0,United Kingdom
563543,23334,IVORY WICKER HEART SMALL,1,8/17/2011 12:06,0.63,15039.0,United Kingdom
549300,22894,TABLECLOTH RED APPLES DESIGN ,2,4/8/2011 8:21,9.95,13362.0,United Kingdom
558341,84832,ZINC WILLIE WINKIE  CANDLE STICK,12,6/28/2011 14:20,0.85,14741.0,United Kingdom
567153,23050,RECYCLED ACAPULCO MAT GREEN,2,9/16/2011 16:25,8.25,14056.0,United Kingdom
558372,23093,SMALL PARISIENNE HEART PHOTO FRAME ,4,6/28/2011 15:47,2.49,16200.0,United Kingdom
549222,21975,PACK OF 60 DINOSAUR CAKE CASES,24,4/7/2011 10:43,0.55,12347.0,Iceland
556879,22746,POPPY'S PLAYHOUSE LIVINGROOM ,1,6/15/2011 12:07,2.1,16461.0,United Kingdom
538636,48194,DOORMAT HEARTS,2,12/13/2010 13:50,7.95,14639.0,United Kingdom
561870,23298,SPOTTY BUNTING,3,7/31/2011 11:45,4.95,14911.0,EIRE
574677,23114,VINTAGE LEAF CHOPPING BOARD  ,1,11/6/2011 12:32,4.95,16445.0,United Kingdom
573100,22488,NATURAL SLATE RECTANGLE CHALKBOARD,12,10/27/2011 14:49,1.65,17528.0,United Kingdom
572542,21891,TRADITIONAL WOODEN SKIPPING ROPE,12,10/24/2011 16:20,1.45,17272.0,United Kingdom
537392,22111,SCOTTIE DOG HOT WATER BOTTLE,1,12/6/2010 13:58,4.95,17068.0,United Kingdom
567164,23359,SET OF 12 T-LIGHTS VINTAGE DOILY,2,9/18/2011 11:51,1.95,14487.0,United Kingdom
574506,23284,DOORMAT KEEP CALM AND COME IN,1,11/4/2011 13:24,8.25,12577.0,France
552452,21985,PACK OF 12 HEARTS DESIGN TISSUES ,12,5/9/2011 14:02,0.29,13752.0,United Kingdom
579132,23439,HAND WARMER RED LOVE HEART,2,11/28/2011 12:35,2.1,15022.0,United Kingdom
542731,22469,HEART OF WICKER SMALL,4,1/31/2011 15:27,1.65,13600.0,United Kingdom
574290,22553,PLASTERS IN TIN SKULLS,1,11/3/2011 15:18,1.65,17403.0,United Kingdom
564552,47504H,ENGLISH ROSE SPIRIT LEVEL ,12,8/25/2011 17:22,0.79,16670.0,United Kingdom
546561,22053,EMPIRE DESIGN ROSETTE,10,3/15/2011 10:34,1.25,18260.0,United Kingdom
576570,22966,GINGERBREAD MAN COOKIE CUTTER,5,11/15/2011 13:47,1.25,17220.0,United Kingdom
553476,22759,SET OF 3 NOTEBOOKS IN PARCEL,12,5/17/2011 11:41,1.65,14221.0,United Kingdom
578369,23452,HEART MINI PORTRAIT FRAME,1,11/24/2011 11:10,1.95,14698.0,United Kingdom
574315,20750,RED RETROSPOT MINI CASES,12,11/3/2011 17:53,6.35,17076.0,United Kingdom
578018,16008,SMALL FOLDING SCISSOR(POINTED EDGE),24,11/22/2011 13:08,0.12,15311.0,United Kingdom
560503,22606,WOODEN SKITTLES GARDEN SET,1,7/19/2011 11:40,15.95,17682.0,United Kingdom
554498,71459,HANGING JAM JAR T-LIGHT HOLDER,12,5/24/2011 14:39,0.85,15314.0,United Kingdom
542710,21703,BAG 125g SWIRLY MARBLES,72,1/31/2011 13:17,0.42,14776.0,United Kingdom
575971,22865,HAND WARMER OWL DESIGN,24,11/13/2011 13:00,2.1,13700.0,United Kingdom
553726,22971,QUEENS GUARD COFFEE MUG,36,5/18/2011 16:52,2.1,16681.0,United Kingdom
575939,21670,BLUE SPOT CERAMIC DRAWER KNOB,12,11/13/2011 11:37,1.45,13004.0,United Kingdom
577127,22112,CHOCOLATE HOT WATER BOTTLE,4,11/17/2011 19:27,4.95,16871.0,United Kingdom
572552,22274,FELTCRAFT DOLL EMILY,1,10/24/2011 17:07,5.79,14096.0,United Kingdom
556023,22381,TOY TIDY PINK POLKADOT,2,6/8/2011 12:21,2.1,14527.0,United Kingdom
560451,22844,VINTAGE CREAM DOG FOOD CONTAINER,2,7/19/2011 9:50,8.5,14911.0,EIRE
563585,22382,LUNCH BAG SPACEBOY DESIGN ,2,8/17/2011 17:01,1.65,17070.0,United Kingdom
546118,23053,RECYCLED ACAPULCO MAT PINK,2,3/9/2011 14:14,8.25,13078.0,United Kingdom
562219,84596L,BISCUITS SMALL BOWL LIGHT BLUE,16,8/3/2011 14:14,0.42,15089.0,United Kingdom
548739,37450,CERAMIC CAKE BOWL + HANGING CAKES,2,4/4/2011 11:28,2.95,15493.0,United Kingdom
574866,23263,SET OF 3 WOODEN HEART DECORATIONS,2,11/7/2011 12:34,1.25,12748.0,United Kingdom
575607,23225,CHERUB HEART DECORATION SILVER ,2,11/10/2011 12:37,1.63,14096.0,United Kingdom
569229,85130C,BEADED CRYSTAL HEART BLUE  LARGE,2,10/2/2011 14:56,0.79,14502.0,United Kingdom
548188,22667,RECIPE BOX RETROSPOT ,1,3/29/2011 15:12,2.95,13263.0,United Kingdom
574682,23343,JUMBO BAG VINTAGE CHRISTMAS ,4,11/6/2011 12:44,2.08,14963.0,United Kingdom
566281,21914,BLUE HARMONICA IN BOX ,12,9/11/2011 14:15,1.25,12748.0,United Kingdom
574714,23392,SPACEBOY ROCKET LOLLY MAKERS,2,11/6/2011 14:29,2.08,15427.0,United Kingdom
540566,M,Manual,1,1/10/2011 10:58,6.7,17811.0,United Kingdom
577690,22755,SMALL PURPLE BABUSHKA NOTEBOOK ,2,11/21/2011 11:34,0.85,12856.0,United Kingdom
575060,23475,WOODLAND SMALL PINK FELT HEART,12,11/8/2011 12:29,0.83,13089.0,United Kingdom
550835,82552,WASHROOM METAL SIGN,2,4/21/2011 10:52,1.45,15034.0,United Kingdom
559834,47559B,TEA TIME OVEN GLOVE,10,7/13/2011 10:02,1.25,12576.0,Poland
569257,23321,SMALL WHITE HEART OF WICKER,40,10/3/2011 11:24,1.12,18102.0,United Kingdom
545634,21790,VINTAGE SNAP CARDS,12,3/4/2011 12:12,0.85,14911.0,EIRE
540530,21669,BLUE STRIPE CERAMIC DRAWER KNOB,12,1/9/2011 14:02,1.25,14755.0,United Kingdom
575141,21929,JUMBO BAG PINK VINTAGE PAISLEY,10,11/8/2011 15:35,2.08,15615.0,United Kingdom
575972,23089,GLASS BON BON JAR,1,11/13/2011 13:01,1.95,14499.0,United Kingdom
537773,20725,LUNCH BAG RED RETROSPOT,1,12/8/2010 12:36,1.65,16016.0,United Kingdom
550644,22423,REGENCY CAKESTAND 3 TIER,6,4/19/2011 16:19,12.75,12733.0,USA
566281,23245,SET OF 3 REGENCY CAKE TINS,1,9/11/2011 14:15,4.95,12748.0,United Kingdom
555844,21754,HOME BUILDING BLOCK WORD,1,6/7/2011 13:10,5.95,14711.0,United Kingdom
554651,22553,PLASTERS IN TIN SKULLS,12,5/25/2011 12:55,1.65,12779.0,Poland
569470,82580,BATHROOM METAL SIGN,4,10/4/2011 12:25,0.55,17673.0,United Kingdom
573123,22141,CHRISTMAS CRAFT TREE TOP ANGEL,6,10/27/2011 16:23,2.1,13654.0,United Kingdom
577258,23388,WOODLAND MINI BACKPACK,1,11/18/2011 12:27,4.15,16764.0,United Kingdom
540458,21084,SET/6 COLLAGE PAPER CUPS,12,1/7/2011 12:28,0.65,12501.0,Germany
567612,22579,WOODEN TREE CHRISTMAS SCANDINAVIAN,12,9/21/2011 11:48,0.85,17164.0,United Kingdom
561098,22423,REGENCY CAKESTAND 3 TIER,1,7/25/2011 10:56,12.75,14194.0,United Kingdom
574353,22114,HOT WATER BOTTLE TEA AND SYMPATHY,2,11/4/2011 10:46,4.25,14659.0,United Kingdom
537653,46000M,POLYESTER FILLER PAD 45x45cm,6,12/7/2010 15:54,1.55,17897.0,United Kingdom
554268,23191,BUNDLE OF 3 RETRO NOTE BOOKS,1,5/23/2011 12:59,1.65,15311.0,United Kingdom
547799,85099B,JUMBO BAG RED RETROSPOT,10,3/25/2011 12:48,1.95,17139.0,United Kingdom
573388,17012F,ORIGAMI SANDLEWOOD INCENSE/CAND SET,24,10/30/2011 14:44,0.85,14895.0,United Kingdom
546764,84970L,SINGLE HEART ZINC T-LIGHT HOLDER,12,3/16/2011 14:31,0.95,15671.0,United Kingdom
550265,22698,PINK REGENCY TEACUP AND SAUCER,6,4/15/2011 12:10,2.95,17572.0,United Kingdom
557270,21380,WOODEN HAPPY BIRTHDAY GARLAND,4,6/19/2011 11:36,2.95,14162.0,United Kingdom
547839,21648,ASSORTED TUTTI FRUTTI SMALL PURSE,24,3/27/2011 10:54,1.25,12916.0,United Kingdom
554842,21843,RED RETROSPOT CAKE STAND,2,5/26/2011 18:17,10.95,14740.0,United Kingdom
549720,22487,WHITE WOOD GARDEN PLANT LADDER,1,4/11/2011 15:25,9.95,14606.0,United Kingdom
569222,22147,FELTCRAFT BUTTERFLY HEARTS,2,10/2/2011 13:46,1.45,15906.0,United Kingdom
577038,84380,SET OF 3 BUTTERFLY COOKIE CUTTERS,2,11/17/2011 13:30,1.45,14796.0,United Kingdom
554087,71477,COLOUR GLASS. STAR T-LIGHT HOLDER,48,5/22/2011 12:03,2.75,13946.0,United Kingdom
565067,82551,LAUNDRY 15C METAL SIGN,3,8/31/2011 17:16,1.45,15856.0,United Kingdom
569643,23031,DRAWER KNOB CRACKLE GLAZE PINK,6,10/5/2011 12:31,1.65,15730.0,United Kingdom
555638,23207,LUNCH BAG ALPHABET DESIGN,20,6/6/2011 12:51,1.65,15150.0,United Kingdom
577050,22385,JUMBO BAG SPACEBOY DESIGN,10,11/17/2011 13:59,2.08,14191.0,United Kingdom
548860,21900,"KEY FOB , SHED",2,4/4/2011 13:38,0.65,13263.0,United Kingdom
577311,21928,JUMBO BAG SCANDINAVIAN BLUE PAISLEY,1,11/18/2011 13:16,2.08,18225.0,United Kingdom
558056,22173,METAL 4 HOOK HANGER FRENCH CHATEAU,8,6/24/2011 14:54,2.95,15186.0,United Kingdom
566279,85231G,ORANGE SCENTED SET/9 T-LIGHTS,4,9/11/2011 14:09,0.85,14432.0,United Kingdom
577297,21811,HANGING HEART WITH BELL,2,11/18/2011 12:48,0.39,14593.0,United Kingdom
575726,23084,RABBIT NIGHT LIGHT,2,11/10/2011 19:12,2.08,16791.0,United Kingdom
568710,23399,HOME SWEET HOME HANGING HEART,1,9/28/2011 15:42,0.85,14649.0,United Kingdom
553182,84836,ZINC METAL HEART DECORATION,12,5/15/2011 12:21,1.25,17107.0,United Kingdom
545339,22933,BAKING MOULD EASTER EGG MILK CHOC,6,3/2/2011 8:26,2.95,14292.0,United Kingdom
564165,23298,SPOTTY BUNTING,6,8/23/2011 13:35,4.95,13593.0,United Kingdom
537136,21983,PACK OF 12 BLUE PAISLEY TISSUES ,12,12/5/2010 12:42,0.29,12748.0,United Kingdom
541849,85123A,WHITE HANGING HEART T-LIGHT HOLDER,1,1/23/2011 13:34,2.95,13230.0,United Kingdom
566226,20682,RED RETROSPOT CHILDRENS UMBRELLA,6,9/11/2011 10:39,3.25,15605.0,United Kingdom
577597,21429,RED GINGHAM ROSE JEWELLERY BOX,16,11/21/2011 8:19,1.95,16366.0,United Kingdom
580727,22212,FOUR HOOK  WHITE LOVEBIRDS,1,12/5/2011 17:17,4.13,14096.0,United Kingdom
561195,51014C,"FEATHER PEN,COAL BLACK",12,7/25/2011 13:57,0.39,14796.0,United Kingdom
570268,23247,BISCUIT TIN 50'S CHRISTMAS,36,10/10/2011 10:16,2.49,13098.0,United Kingdom
543108,84378,SET OF 3 HEART COOKIE CUTTERS,4,2/3/2011 12:37,1.25,14085.0,United Kingdom
567552,23389,SPACEBOY MINI BACKPACK,4,9/21/2011 10:40,4.15,12583.0,France
544180,22748,POPPY'S PLAYHOUSE KITCHEN,6,2/16/2011 14:48,2.1,14309.0,United Kingdom
568346,21809,CHRISTMAS HANGING TREE WITH BELL,1,9/26/2011 15:28,2.46,14096.0,United Kingdom
562878,21733,RED HANGING HEART T-LIGHT HOLDER,1,8/10/2011 10:45,2.95,16241.0,United Kingdom
557758,22608,PENS ASSORTED FUNKY JEWELED ,36,6/22/2011 13:28,0.19,17585.0,United Kingdom
575895,22727,ALARM CLOCK BAKELIKE RED ,1,11/11/2011 14:50,3.75,17052.0,United Kingdom
552875,23202,JUMBO BAG VINTAGE LEAF,10,5/12/2011 9:41,2.08,12621.0,Germany
569670,22505,MEMO BOARD COTTAGE DESIGN,2,10/5/2011 13:47,4.95,14730.0,United Kingdom
579124,22753,SMALL YELLOW BABUSHKA NOTEBOOK ,1,11/28/2011 12:14,0.85,15721.0,United Kingdom
546261,85099B,JUMBO BAG RED RETROSPOT,1,3/10/2011 15:01,1.95,17841.0,United Kingdom
544796,22822,CREAM WALL PLANTER HEART SHAPED,2,2/23/2011 13:37,5.95,16208.0,United Kingdom
559782,20992,JAZZ HEARTS PURSE NOTEBOOK,24,7/12/2011 11:55,0.39,12722.0,France
548199,21829,DINOSAUR KEYRINGS ASSORTED,36,3/29/2011 16:12,0.21,16945.0,United Kingdom
552825,23172,REGENCY TEA PLATE PINK,12,5/11/2011 13:18,1.65,15296.0,United Kingdom
574311,23207,LUNCH BAG ALPHABET DESIGN,10,11/3/2011 16:56,1.65,15640.0,United Kingdom
575117,22694,WICKER STAR ,1,11/8/2011 14:22,2.1,12748.0,United Kingdom
567878,23321,SMALL WHITE HEART OF WICKER,2,9/22/2011 14:42,1.65,16910.0,United Kingdom
552309,22558,CLOTHES PEGS RETROSPOT PACK 24 ,12,5/8/2011 15:22,1.65,13835.0,United Kingdom
545232,21500,PINK POLKADOT WRAP ,25,3/1/2011 10:19,0.42,15676.0,United Kingdom
546384,47421,ASSORTED COLOUR LIZARD SUCTION HOOK,120,3/11/2011 13:03,0.36,15311.0,United Kingdom
577516,22098,BOUDOIR SQUARE TISSUE BOX,4,11/20/2011 13:08,0.39,16533.0,United Kingdom
579182,84596B,SMALL DOLLY MIX DESIGN ORANGE BOWL,48,11/28/2011 15:15,0.42,15601.0,United Kingdom
580528,23494,VINTAGE DOILY DELUXE SEWING KIT ,12,12/4/2011 15:28,5.95,14911.0,EIRE
541838,84946,ANTIQUE SILVER TEA GLASS ETCHED,6,1/23/2011 10:43,1.25,12916.0,United Kingdom
543293,22595,GINGHAM HEART DECORATION,12,2/7/2011 11:20,0.85,17613.0,United Kingdom
547206,22699,ROSES REGENCY TEACUP AND SAUCER ,3,3/21/2011 14:18,2.95,16791.0,United Kingdom
570127,22558,CLOTHES PEGS RETROSPOT PACK 24 ,3,10/7/2011 13:17,1.65,16900.0,United Kingdom
578521,22457,NATURAL SLATE HEART CHALKBOARD ,1,11/24/2011 14:06,2.95,17812.0,United Kingdom
578273,22371,AIRLINE BAG VINTAGE TOKYO 78,2,11/23/2011 13:41,4.25,14335.0,Germany
572475,22114,HOT WATER BOTTLE TEA AND SYMPATHY,1,10/24/2011 13:37,4.25,15271.0,United Kingdom
C538350,82551,LAUNDRY 15C METAL SIGN,-1,12/10/2010 15:01,1.25,13798.0,United Kingdom
544569,22746,POPPY'S PLAYHOUSE LIVINGROOM ,4,2/21/2011 12:58,2.1,16980.0,United Kingdom
567662,22745,POPPY'S PLAYHOUSE BEDROOM ,6,9/21/2011 15:12,2.1,17758.0,United Kingdom
541094,22090,PAPER BUNTING RETROSPOT,2,1/13/2011 13:36,2.95,13246.0,United Kingdom
557431,79321,CHILLI LIGHTS,4,6/20/2011 12:37,5.75,18260.0,United Kingdom
540809,22360,GLASS JAR ENGLISH CONFECTIONERY,6,1/11/2011 12:37,2.95,18095.0,United Kingdom
578479,22906,12 MESSAGE CARDS WITH ENVELOPES,1,11/24/2011 12:48,1.65,15858.0,United Kingdom
540994,21124,SET/10 BLUE POLKADOT PARTY CANDLES,24,1/13/2011 9:29,1.25,13089.0,United Kingdom
568169,37340,MULTICOLOUR SPRING FLOWER MUG,48,9/25/2011 12:54,0.39,14152.0,United Kingdom
546950,22256,FELT FARM ANIMAL CHICKEN,1,3/18/2011 11:24,1.25,16511.0,United Kingdom
551686,22083,PAPER CHAIN KIT RETROSPOT,3,5/3/2011 12:53,2.95,13668.0,United Kingdom
575384,23319,BOX OF 6 MINI 50'S CRACKERS,6,11/9/2011 15:17,2.49,17690.0,United Kingdom
573500,23569,TRADTIONAL ALPHABET STAMP SET,1,10/31/2011 12:01,4.95,16931.0,United Kingdom
541123,22497,SET OF 2 TINS VINTAGE BATHROOM ,4,1/14/2011 9:52,4.25,13385.0,United Kingdom
578996,22419,LIPSTICK PEN RED,15,11/27/2011 16:02,0.42,13991.0,United Kingdom
560239,84378,SET OF 3 HEART COOKIE CUTTERS,12,7/17/2011 11:50,1.25,13507.0,United Kingdom
556484,21916,SET 12 RETRO WHITE CHALK STICKS,6,6/12/2011 13:17,0.42,16938.0,United Kingdom
579954,23354,6 GIFT TAGS 50'S CHRISTMAS ,24,12/1/2011 11:10,0.83,16701.0,United Kingdom
562106,84558A,3D DOG PICTURE PLAYING CARDS,2,8/2/2011 15:19,2.95,14076.0,United Kingdom
571292,21530,DAIRY MAID TOASTRACK,2,10/16/2011 15:45,0.79,15311.0,United Kingdom
581414,23291,DOLLY GIRL CHILDRENS CUP,1,12/8/2011 14:39,1.25,14730.0,United Kingdom
564863,22413,METAL SIGN TAKE IT OR LEAVE IT ,24,8/31/2011 10:30,2.95,15491.0,United Kingdom
546386,21181,PLEASE ONE PERSON METAL SIGN,12,3/11/2011 13:31,2.1,14312.0,United Kingdom
572279,23355,HOT WATER BOTTLE KEEP CALM,4,10/23/2011 10:56,4.95,16066.0,United Kingdom
575117,85032B,BLOSSOM IMAGES GIFT WRAP SET,1,11/8/2011 14:22,0.65,12748.0,United Kingdom
576600,23439,HAND WARMER RED LOVE HEART,12,11/15/2011 15:08,2.1,18181.0,United Kingdom
574304,22988,SOLDIERS EGG CUP ,1,11/3/2011 16:30,1.25,14428.0,United Kingdom
578943,22197,POPCORN HOLDER,6,11/27/2011 13:35,0.85,15009.0,United Kingdom
551558,22219,LOVEBIRD HANGING DECORATION WHITE ,1,5/3/2011 10:41,0.85,17841.0,United Kingdom
552404,46000M,POLYESTER FILLER PAD 45x45cm,20,5/9/2011 12:39,1.55,15932.0,United Kingdom
565151,23245,SET OF 3 REGENCY CAKE TINS,1,9/1/2011 14:29,4.95,16923.0,United Kingdom
550328,22084,PAPER CHAIN KIT EMPIRE,1,4/17/2011 13:18,2.95,17582.0,United Kingdom
555514,23079,TOADSTOOL BEDSIDE LIGHT ,4,6/5/2011 10:41,8.95,17071.0,United Kingdom
542933,22847,BREAD BIN DINER STYLE IVORY,4,2/2/2011 10:56,14.95,14411.0,United Kingdom
538369,22942,CHRISTMAS LIGHTS 10 SANTAS ,1,12/12/2010 11:06,8.5,17251.0,United Kingdom
579516,20726,LUNCH BAG WOODLAND,2,11/29/2011 17:52,1.65,17841.0,United Kingdom
543586,84946,ANTIQUE SILVER TEA GLASS ETCHED,12,2/10/2011 11:16,1.25,15809.0,United Kingdom
580403,22472,TV DINNER TRAY DOLLY GIRL,1,12/4/2011 11:56,1.95,17858.0,United Kingdom
538875,21741,COSY SLIPPER SHOES LARGE GREEN,12,12/14/2010 15:18,2.95,13756.0,United Kingdom
561885,21108,FAIRY CAKE FLANNEL ASSORTED COLOUR,9,7/31/2011 13:13,2.55,15532.0,United Kingdom
568327,21509,COWBOYS AND INDIANS BIRTHDAY CARD ,12,9/26/2011 14:02,0.42,15492.0,United Kingdom
554105,23132,SMALL IVORY HEART WALL ORGANISER,2,5/22/2011 14:04,5.75,14711.0,United Kingdom
C554527,23166,MEDIUM CERAMIC TOP STORAGE JAR,-9,5/24/2011 17:25,1.04,15251.0,United Kingdom
561430,22810,SET OF 6 T-LIGHTS SNOWMEN,6,7/27/2011 11:29,2.95,15172.0,United Kingdom
553547,POST,POSTAGE,4,5/17/2011 15:48,18.0,12474.0,Germany
570442,22634,CHILDS BREAKFAST SET SPACEBOY ,1,10/10/2011 14:37,9.95,16549.0,United Kingdom
544887,22697,GREEN REGENCY TEACUP AND SAUCER,1,2/24/2011 11:54,2.95,17364.0,United Kingdom
544657,21181,PLEASE ONE PERSON METAL SIGN,12,2/22/2011 13:08,2.1,14895.0,United Kingdom
C573756,21232,STRAWBERRY CERAMIC TRINKET POT,-9,11/1/2011 9:46,1.25,17865.0,United Kingdom
571682,22721,SET OF 3 CAKE TINS SKETCHBOOK,1,10/18/2011 14:00,4.95,14179.0,United Kingdom
569014,84836,ZINC METAL HEART DECORATION,12,9/30/2011 9:05,1.25,18053.0,United Kingdom
551950,21506,"FANCY FONT BIRTHDAY CARD, ",12,5/5/2011 11:38,0.42,14911.0,EIRE
546982,22659,LUNCH BOX I LOVE LONDON,1,3/18/2011 12:26,1.95,15483.0,United Kingdom
561079,85014B,RED RETROSPOT UMBRELLA,1,7/24/2011 16:12,5.95,13956.0,United Kingdom
556953,21470,FLOWER VINE RAFFIA FOOD COVER,6,6/16/2011 8:16,3.75,14911.0,EIRE
547382,21181,PLEASE ONE PERSON METAL SIGN,2,3/22/2011 15:31,2.1,15457.0,United Kingdom
577107,22112,CHOCOLATE HOT WATER BOTTLE,6,11/17/2011 17:30,4.95,16558.0,United Kingdom
567170,21891,TRADITIONAL WOODEN SKIPPING ROPE,5,9/18/2011 12:40,1.45,13566.0,United Kingdom
541970,22491,PACK OF 12 COLOURED PENCILS,144,1/24/2011 13:48,0.72,15179.0,United Kingdom
559552,23197,SKETCHBOOK MAGNETIC SHOPPING LIST,2,7/10/2011 16:29,1.45,16014.0,United Kingdom
576927,23068,ALUMINIUM STAMPED HEART,8,11/17/2011 11:02,2.49,12567.0,France
576857,22616,PACK OF 12 LONDON TISSUES ,1,11/16/2011 15:52,0.39,12748.0,United Kingdom
565366,20727,LUNCH BAG  BLACK SKULL.,10,9/2/2011 14:56,1.65,17091.0,United Kingdom
578620,22991,GIRAFFE WOODEN RULER,1,11/24/2011 15:21,1.95,17247.0,United Kingdom
564335,22511,RETROSPOT BABUSHKA DOORSTOP,2,8/24/2011 14:23,3.75,15800.0,United Kingdom
561033,22961,JAM MAKING SET PRINTED,12,7/24/2011 11:40,1.45,14443.0,United Kingdom
553487,23301,GARDENERS KNEELING PAD KEEP CALM ,2,5/17/2011 12:38,1.65,13246.0,United Kingdom
576222,22534,MAGIC DRAWING SLATE SPACEBOY ,24,11/14/2011 13:02,0.42,12490.0,France
537369,22834,HAND WARMER BABUSHKA DESIGN,1,12/6/2010 12:41,2.1,17860.0,United Kingdom
536409,90199C,5 STRAND GLASS NECKLACE CRYSTAL,3,12/1/2010 11:45,6.35,17908.0,United Kingdom
568226,22891,TEA FOR ONE POLKADOT,2,9/26/2011 10:39,4.25,16719.0,United Kingdom
561702,22625,RED KITCHEN SCALES,2,7/29/2011 10:58,8.5,15149.0,United Kingdom
561601,20974,12 PENCILS SMALL TUBE SKULL,24,7/28/2011 11:35,0.65,18151.0,United Kingdom
579184,20971,PINK BLUE FELT CRAFT TRINKET BOX,12,11/28/2011 15:17,1.25,16746.0,United Kingdom
570180,23502,PLAYING CARDS VINTAGE DOILY ,12,10/7/2011 14:28,1.25,17509.0,United Kingdom
555558,22630,DOLLY GIRL LUNCH BOX,1,6/5/2011 14:06,1.95,14159.0,United Kingdom
579493,23437, 50'S CHRISTMAS GIFT BAG LARGE,12,11/29/2011 15:24,1.25,15570.0,United Kingdom
569690,22776,SWEETHEART 3 TIER CAKE STAND ,1,10/5/2011 15:04,9.95,15351.0,United Kingdom
565316,21790,VINTAGE SNAP CARDS,12,9/2/2011 12:52,0.85,15628.0,United Kingdom
574034,72351A,SET/6 TURQUOISE BUTTERFLY T-LIGHTS,2,11/2/2011 12:45,2.1,17841.0,United Kingdom
546774,22295,HEART FILIGREE DOVE LARGE,2,3/16/2011 15:45,1.65,14505.0,United Kingdom
C538726,35832,WOOLLY HAT SOCK GLOVE ADVENT STRING,-1,12/14/2010 11:18,2.95,13078.0,United Kingdom
C566464,85053,FRENCH ENAMEL CANDLEHOLDER,-1,9/12/2011 17:54,2.1,15764.0,United Kingdom
575904,21452,TOADSTOOL MONEY BOX,1,11/11/2011 15:28,2.95,18014.0,United Kingdom
567128,21523,DOORMAT FANCY FONT HOME SWEET HOME,2,9/16/2011 14:04,8.25,18055.0,United Kingdom
572224,21810,CHRISTMAS HANGING STAR WITH BELL,12,10/21/2011 13:46,1.25,16558.0,United Kingdom
C548503,22070,SMALL RED RETROSPOT MUG IN BOX ,-1,3/31/2011 14:23,3.75,14410.0,United Kingdom
578925,20755,BLUE PAISLEY POCKET BOOK,30,11/27/2011 12:13,0.85,17365.0,United Kingdom
541280,37450,CERAMIC CAKE BOWL + HANGING CAKES,6,1/17/2011 11:57,2.95,15296.0,United Kingdom
572969,22908,PACK OF 20 NAPKINS RED APPLES,12,10/27/2011 10:46,0.85,13363.0,United Kingdom
580652,22743,MAKE YOUR OWN FLOWERPOWER CARD KIT,144,12/5/2011 13:33,0.79,17511.0,United Kingdom
565434,21212,PACK OF 72 RETROSPOT CAKE CASES,3,9/4/2011 13:35,0.55,12867.0,United Kingdom
565667,84978,HANGING HEART JAR T-LIGHT HOLDER,12,9/6/2011 8:34,1.25,17449.0,United Kingdom
544659,22349,DOG BOWL CHASING BALL DESIGN,1,2/22/2011 13:20,3.75,18114.0,United Kingdom
550493,85099B,JUMBO BAG RED RETROSPOT,100,4/18/2011 14:50,1.79,15311.0,United Kingdom
542710,22431,WATERING CAN BLUE ELEPHANT,6,1/31/2011 13:17,1.95,14776.0,United Kingdom
542268,22030,SWALLOWS GREETING CARD,12,1/27/2011 8:30,0.42,15358.0,United Kingdom
541947,23231,WRAP DOILEY DESIGN,25,1/24/2011 11:56,0.42,18161.0,United Kingdom
572896,82483,WOOD 2 DRAWER CABINET WHITE FINISH,2,10/26/2011 14:41,6.95,12456.0,Switzerland
550477,85040A,S/4 PINK FLOWER CANDLES IN BOWL,6,4/18/2011 14:01,1.65,17338.0,United Kingdom
579102,23092,LARGE ANTIQUE WHITE PHOTO FRAME,2,11/28/2011 11:33,7.9,14911.0,EIRE
576121,23144,ZINC T-LIGHT HOLDER STARS SMALL,12,11/14/2011 10:38,0.83,14530.0,United Kingdom
560259,23231,WRAP DOILEY DESIGN,25,7/17/2011 13:29,0.42,13654.0,United Kingdom
546247,20727,LUNCH BAG  BLACK SKULL.,10,3/10/2011 13:34,1.65,18086.0,United Kingdom
536412,22273,FELTCRAFT DOLL MOLLY,1,12/1/2010 11:49,2.95,17920.0,United Kingdom
569983,22531,MAGIC DRAWING SLATE CIRCUS PARADE  ,2,10/6/2011 19:49,0.42,17231.0,United Kingdom
564373,22555,PLASTERS IN TIN STRONGMAN,12,8/25/2011 9:56,1.65,15290.0,United Kingdom
550389,22970,LONDON BUS COFFEE MUG,2,4/18/2011 11:53,2.55,17284.0,United Kingdom
552269,23154,SET OF 4 JAM JAR MAGNETS,1,5/8/2011 11:52,2.08,16121.0,United Kingdom
547420,85175,CACTI T-LIGHT CANDLES,16,3/23/2011 10:43,0.42,15449.0,United Kingdom
541698,21790,VINTAGE SNAP CARDS,6,1/20/2011 19:16,0.85,14713.0,United Kingdom
561643,22457,NATURAL SLATE HEART CHALKBOARD ,48,7/28/2011 15:04,2.55,15939.0,United Kingdom
556915,22332,SKULLS PARTY BAG + STICKER SET,1,6/15/2011 13:35,1.65,15036.0,United Kingdom
540994,21557,SET OF 6 FUNKY BEAKERS,6,1/13/2011 9:29,2.95,13089.0,United Kingdom
548358,22348,TEA BAG PLATE RED RETROSPOT,12,3/30/2011 15:29,0.85,15832.0,United Kingdom
574056,20750,RED RETROSPOT MINI CASES,12,11/2/2011 14:09,6.35,14646.0,Netherlands
575685,22676,FRENCH BLUE METAL DOOR SIGN 1,10,11/10/2011 15:57,1.25,15694.0,United Kingdom
578445,21108,FAIRY CAKE FLANNEL ASSORTED COLOUR,18,11/24/2011 12:25,0.79,15005.0,United Kingdom
564846,22411,JUMBO SHOPPER VINTAGE RED PAISLEY,2,8/30/2011 15:16,2.08,14507.0,United Kingdom
574149,90211A,DIAMOND LAS VEGAS NECKLACE 45CM,2,11/3/2011 11:29,5.95,13709.0,United Kingdom
569012,22979,PANTRY WASHING UP BRUSH,12,9/30/2011 8:18,1.45,15187.0,United Kingdom
578233,21900,"KEY FOB , SHED",1,11/23/2011 12:20,0.65,14049.0,United Kingdom
548612,85152,HAND OVER THE CHOCOLATE   SIGN ,1,4/1/2011 11:34,2.1,13137.0,United Kingdom
561636,22150,3 STRIPEY MICE FELTCRAFT,12,7/28/2011 14:36,1.95,12910.0,United Kingdom
574699,22910,PAPER CHAIN KIT VINTAGE CHRISTMAS,6,11/6/2011 13:53,2.95,13040.0,United Kingdom
555396,82583,HOT BATHS METAL SIGN,12,6/2/2011 17:23,2.1,16529.0,United Kingdom
575895,47566,PARTY BUNTING,2,11/11/2011 14:50,4.95,17052.0,United Kingdom
567537,22727,ALARM CLOCK BAKELIKE RED ,18,9/21/2011 9:54,3.75,16656.0,United Kingdom
567473,23395,BELLE JARDINIERE CUSHION COVER,2,9/20/2011 12:50,3.75,17841.0,United Kingdom
560504,21242,RED RETROSPOT PLATE ,8,7/19/2011 11:47,1.69,13081.0,United Kingdom
540976,22551,PLASTERS IN TIN SPACEBOY,12,1/12/2011 15:00,1.65,12652.0,France
572552,85199S,SMALL HANGING IVORY/RED WOOD BIRD,1,10/24/2011 17:07,0.83,14096.0,United Kingdom
569488,22695,WICKER WREATH SMALL,2,10/4/2011 13:10,1.45,16440.0,United Kingdom
579470,84029E,RED WOOLLY HOTTIE WHITE HEART.,1,11/29/2011 15:06,4.25,16549.0,United Kingdom
578373,23270,SET OF 2 CERAMIC PAINTED HEARTS ,12,11/24/2011 11:19,1.45,17451.0,United Kingdom
566495,23239,SET OF 4 KNICK KNACK TINS POPPIES,3,9/13/2011 11:14,4.15,15529.0,United Kingdom
554104,22585,PACK OF 6 BIRDY GIFT TAGS,12,5/22/2011 14:03,1.25,12705.0,Germany
564727,22486,PLASMATRONIC LAMP,2,8/28/2011 12:31,12.75,16686.0,United Kingdom
568051,23503,PLAYING CARDS KEEP CALM & CARRY ON,12,9/23/2011 12:40,1.25,18189.0,United Kingdom
545188,22659,LUNCH BOX I LOVE LONDON,1,2/28/2011 15:19,1.95,14056.0,United Kingdom
546429,84508C,BLUE CIRCLES DESIGN TEDDY,1,3/13/2011 15:25,2.55,17611.0,United Kingdom
570674,22577,WOODEN HEART CHRISTMAS SCANDINAVIAN,24,10/11/2011 14:59,0.29,14911.0,EIRE
552108,22683,FRENCH BLUE METAL DOOR SIGN 8,2,5/6/2011 11:36,1.25,17841.0,United Kingdom
577174,23157,SET OF 6 NATIVITY MAGNETS ,1,11/18/2011 10:58,2.08,17841.0,United Kingdom
552269,22363,GLASS JAR MARMALADE ,1,5/8/2011 11:52,2.95,16121.0,United Kingdom
547564,22488,NATURAL SLATE RECTANGLE CHALKBOARD,12,3/24/2011 9:21,1.65,17512.0,United Kingdom
564140,22706,WRAP COWBOYS  ,25,8/23/2011 11:47,0.42,12621.0,Germany
545023,21212,PACK OF 72 RETROSPOT CAKE CASES,24,2/25/2011 14:25,0.55,12921.0,United Kingdom
540415,21485,RETROSPOT HEART HOT WATER BOTTLE,4,1/7/2011 10:47,4.95,16889.0,United Kingdom
570388,48111,DOORMAT 3 SMILEY CATS,2,10/10/2011 12:37,8.25,14911.0,EIRE
539984,22620,4 TRADITIONAL SPINNING TOPS,12,12/23/2010 14:58,1.25,14911.0,EIRE
557233,21033,JUMBO BAG CHARLIE AND LOLA TOYS,2,6/17/2011 14:44,2.08,15356.0,United Kingdom
574923,84029E,RED WOOLLY HOTTIE WHITE HEART.,1,11/7/2011 16:40,4.25,17757.0,United Kingdom
541518,21212,PACK OF 72 RETROSPOT CAKE CASES,48,1/19/2011 9:05,0.55,12451.0,Switzerland
550674,22499,WOODEN UNION JACK BUNTING,24,4/20/2011 10:29,5.95,12971.0,United Kingdom
536793,22726,ALARM CLOCK BAKELIKE GREEN,4,12/2/2010 15:39,3.75,16203.0,United Kingdom
542216,22753,SMALL YELLOW BABUSHKA NOTEBOOK ,12,1/26/2011 12:29,0.85,14911.0,EIRE
577256,22158,3 HEARTS HANGING DECORATION RUSTIC,8,11/18/2011 12:25,2.95,15530.0,United Kingdom
543387,22328,ROUND SNACK BOXES SET OF 4 FRUITS ,48,2/8/2011 9:41,2.55,14646.0,Netherlands
550835,82551,LAUNDRY 15C METAL SIGN,2,4/21/2011 10:52,1.45,15034.0,United Kingdom
580884,21064,BOOM BOX SPEAKER BOYS,2,12/6/2011 12:21,1.25,15907.0,United Kingdom
538209,22766,PHOTO FRAME CORNICE,1,12/10/2010 11:42,2.95,12748.0,United Kingdom
559866,23010,CIRCUS PARADE BABY GIFT SET,1,7/13/2011 10:43,16.95,15795.0,United Kingdom
559017,23247,BISCUIT TIN 50'S CHRISTMAS,1,7/5/2011 13:06,2.89,14034.0,United Kingdom
573066,84950,ASSORTED COLOUR T-LIGHT HOLDER,24,10/27/2011 13:53,0.65,16026.0,United Kingdom
539653,21755,LOVE BUILDING BLOCK WORD,1,12/20/2010 16:50,5.95,13564.0,United Kingdom
553472,21754,HOME BUILDING BLOCK WORD,6,5/17/2011 11:28,5.95,15093.0,United Kingdom
548499,22988,SOLDIERS EGG CUP ,2,3/31/2011 13:47,1.25,17075.0,United Kingdom
542233,22723,SET OF 6 HERB TINS SKETCHBOOK,24,1/26/2011 13:46,3.45,13098.0,United Kingdom
577527,22271,FELTCRAFT DOLL ROSIE,3,11/20/2011 13:40,2.95,17523.0,United Kingdom
560701,22998,TRAVEL CARD WALLET KEEP CALM,24,7/20/2011 12:45,0.42,16729.0,United Kingdom
546875,22561,WOODEN SCHOOL COLOURING SET,12,3/17/2011 16:38,1.65,12514.0,Italy
C581128,85099B,JUMBO BAG RED RETROSPOT,-3,12/7/2011 12:46,2.08,12785.0,Portugal
572103,22138,BAKING SET 9 PIECE RETROSPOT ,1,10/20/2011 15:57,4.95,17571.0,United Kingdom
540153,22678,FRENCH BLUE METAL DOOR SIGN 3,10,1/5/2011 11:25,1.25,15841.0,United Kingdom
576364,22196,SMALL HEART MEASURING SPOONS,3,11/14/2011 17:40,0.85,15009.0,United Kingdom
570249,21889,WOODEN BOX OF DOMINOES,12,10/10/2011 8:58,1.25,17509.0,United Kingdom
570888,22940,FELTCRAFT CHRISTMAS FAIRY,4,10/13/2011 10:26,4.25,17509.0,United Kingdom
552978,22179,SET 10 LIGHTS NIGHT OWL,48,5/12/2011 14:46,5.95,12590.0,Germany
557525,84997C,CHILDRENS CUTLERY POLKADOT BLUE,4,6/21/2011 9:26,4.15,12759.0,Netherlands
578233,23527,WALL ART ANIMALS AND NATURE ,1,11/23/2011 12:20,3.75,14049.0,United Kingdom
541784,85132C,CHARLIE AND LOLA FIGURES TINS,4,1/21/2011 12:37,9.95,17277.0,United Kingdom
547569,85054,FRENCH ENAMEL POT W LID,27,3/24/2011 9:50,2.55,17491.0,United Kingdom
547829,21136,PAINTED METAL PEARS ASSORTED,16,3/25/2011 15:24,1.69,16081.0,United Kingdom
580136,21242,RED RETROSPOT PLATE ,1,12/1/2011 19:42,1.69,17841.0,United Kingdom
578270,84077,WORLD WAR 2 GLIDERS ASSTD DESIGNS,17,11/23/2011 13:39,0.63,14096.0,United Kingdom
547209,22207,FRYING PAN UNION FLAG,4,3/21/2011 14:44,4.25,13081.0,United Kingdom
547902,21993,FLORAL FOLK STATIONERY SET,3,3/28/2011 11:58,2.95,17765.0,United Kingdom
537624,21709,FOLDING UMBRELLA CHOCOLATE POLKADOT,1,12/7/2010 14:41,4.95,12748.0,United Kingdom
581134,22228,BUNNY WOODEN PAINTED WITH BIRD ,3,12/7/2011 13:12,0.39,16368.0,United Kingdom
568220,21326,AGED GLASS SILVER T-LIGHT HOLDER,12,9/26/2011 10:03,0.65,15626.0,United Kingdom
569832,23268,SET OF 2 CERAMIC CHRISTMAS REINDEER,24,10/6/2011 12:51,1.45,15315.0,United Kingdom
537199,21212,PACK OF 72 RETROSPOT CAKE CASES,3,12/5/2010 14:06,0.55,15894.0,United Kingdom
564573,22466,FAIRY TALE COTTAGE NIGHTLIGHT,1,8/26/2011 11:19,1.95,14606.0,United Kingdom
573019,23382,BOX OF 6 CHRISTMAS CAKE DECORATIONS,4,10/27/2011 12:33,3.75,15145.0,United Kingdom
578470,22483,RED GINGHAM TEDDY BEAR ,6,11/24/2011 12:38,2.95,16824.0,United Kingdom
563094,23330,DECORATIVE WICKER HEART MEDIUM,3,8/11/2011 17:35,1.25,14525.0,United Kingdom
539752,22938,CUPCAKE LACE PAPER SET 6,12,12/21/2010 15:43,1.95,12515.0,Italy
560557,84875D,BLUE SQUARE COMPACT MIRROR,1,7/19/2011 13:05,1.25,18101.0,United Kingdom
C540389,20752,BLUE POLKADOT WASHING UP GLOVES,-1,1/6/2011 18:00,2.1,14426.0,United Kingdom
573992,23354,6 GIFT TAGS 50'S CHRISTMAS ,12,11/2/2011 11:20,0.83,15275.0,United Kingdom
571446,23172,REGENCY TEA PLATE PINK,36,10/17/2011 13:46,1.65,14911.0,EIRE
553901,82582,AREA PATROLLED METAL SIGN,12,5/19/2011 17:48,2.1,14911.0,EIRE
556917,23240,SET OF 4 KNICK KNACK TINS DOILEY ,192,6/15/2011 13:37,3.75,12415.0,Australia
559783,21359,RELAX LARGE WOOD LETTERS,6,7/12/2011 12:02,3.95,13069.0,United Kingdom
546963,21260,FIRST AID TIN,6,3/18/2011 11:39,3.25,16779.0,United Kingdom
568144,21210,SET OF 72 RETROSPOT PAPER  DOILIES,12,9/25/2011 11:29,1.45,14005.0,United Kingdom
568662,22666,RECIPE BOX PANTRY YELLOW DESIGN,1,9/28/2011 12:36,2.95,16764.0,United Kingdom
580727,22591,CARDHOLDER GINGHAM CHRISTMAS TREE,5,12/5/2011 17:17,6.63,14096.0,United Kingdom
569662,22942,CHRISTMAS LIGHTS 10 SANTAS ,4,10/5/2011 13:19,8.5,15244.0,United Kingdom
578517,22577,WOODEN HEART CHRISTMAS SCANDINAVIAN,48,11/24/2011 13:53,0.29,16523.0,United Kingdom
577182,21929,JUMBO BAG PINK VINTAGE PAISLEY,10,11/18/2011 11:39,2.08,16945.0,United Kingdom
563613,22180,RETROSPOT LAMP,2,8/18/2011 8:49,9.95,12688.0,Israel
544808,21623,VINTAGE UNION JACK MEMOBOARD,2,2/23/2011 15:11,9.95,14562.0,United Kingdom
561034,21175,GIN + TONIC DIET METAL SIGN,4,7/24/2011 11:45,2.55,15506.0,United Kingdom
581426,22197,POPCORN HOLDER,30,12/8/2011 15:31,0.85,17757.0,United Kingdom
550144,22550,HOLIDAY FUN LUDO,1,4/14/2011 14:14,3.75,16520.0,United Kingdom
564526,22652,TRAVEL SEWING KIT,10,8/25/2011 14:50,1.65,15805.0,United Kingdom
567167,85231B,CINAMMON SET OF 9 T-LIGHTS,2,9/18/2011 12:21,0.85,15547.0,United Kingdom
573133,22627,MINT KITCHEN SCALES,2,10/27/2011 16:58,8.5,15288.0,United Kingdom
554836,21534,DAIRY MAID LARGE MILK JUG,3,5/26/2011 16:25,4.95,13015.0,United Kingdom
580725,22220,CAKE STAND LOVEBIRD 2 TIER WHITE,6,12/5/2011 17:13,2.95,15932.0,United Kingdom
560251,22585,PACK OF 6 BIRDY GIFT TAGS,1,7/17/2011 12:32,1.25,17774.0,United Kingdom
580727,22269,EGG CUP NATURAL CHICKEN,2,12/5/2011 17:17,2.46,14096.0,United Kingdom
539215,22653,BUTTON BOX ,1,12/16/2010 12:42,1.95,15574.0,United Kingdom
549287,22386,JUMBO BAG PINK POLKADOT,4,4/7/2011 18:05,2.08,14527.0,United Kingdom
540471,22432,WATERING CAN PINK BUNNY,6,1/7/2011 14:21,1.95,15601.0,United Kingdom
569658,84836,ZINC METAL HEART DECORATION,216,10/5/2011 13:00,1.06,16359.0,United Kingdom
573373,22810,SET OF 6 T-LIGHTS SNOWMEN,1,10/30/2011 13:37,2.95,14684.0,United Kingdom
560878,23242,TREASURE TIN BUFFALO BILL ,2,7/21/2011 15:16,2.08,14410.0,United Kingdom
544792,22967,SET 3 SONG BIRD PAPER EGGS ASSORTED,6,2/23/2011 12:37,2.95,18172.0,United Kingdom
580882,23267,SET OF 4 SANTA PLACE SETTINGS,12,12/6/2011 12:20,1.25,12971.0,United Kingdom
546310,22424,ENAMEL BREAD BIN CREAM,8,3/10/2011 16:26,10.95,15291.0,United Kingdom
568346,23129,HEART SHAPED HOLLY WREATH,2,9/26/2011 15:28,8.29,14096.0,United Kingdom
557855,23012,GLASS APOTHECARY BOTTLE PERFUME,2,6/23/2011 11:46,3.95,16806.0,United Kingdom
544480,22931,BAKING MOULD HEART WHITE CHOCOLATE,96,2/21/2011 10:32,2.1,14646.0,Netherlands
561195,21158,MOODY GIRL DOOR HANGER ,6,7/25/2011 13:57,0.39,14796.0,United Kingdom
563726,23244,ROUND STORAGE TIN VINTAGE LEAF,6,8/18/2011 17:02,1.95,16582.0,United Kingdom
552655,22644,CERAMIC CHERRY CAKE MONEY BANK,2,5/10/2011 14:22,1.45,14587.0,United Kingdom
539985,82600,NO SINGING METAL SIGN,48,12/23/2010 15:16,1.69,15856.0,United Kingdom
572037,23076,ICE CREAM SUNDAE LIP GLOSS,24,10/20/2011 12:07,1.25,17365.0,United Kingdom
570494,22366,DOORMAT AIRMAIL ,10,10/11/2011 8:30,7.08,14051.0,United Kingdom
580632,23237,SET OF 4 KNICK KNACK TINS LEAF,2,12/5/2011 12:16,4.15,16360.0,United Kingdom
553887,22662,LUNCH BAG DOLLY GIRL DESIGN,10,5/19/2011 16:04,1.65,17068.0,United Kingdom
579147,23263,SET OF 3 WOODEN HEART DECORATIONS,3,11/28/2011 13:20,1.25,13263.0,United Kingdom
581146,22085,PAPER CHAIN KIT SKULLS ,3,12/7/2011 13:53,2.95,17602.0,United Kingdom
544476,21181,PLEASE ONE PERSON METAL SIGN,2,2/21/2011 9:58,2.1,14796.0,United Kingdom
566301,20978,36 PENCILS TUBE SKULLS,1,9/11/2011 16:06,1.25,16474.0,United Kingdom
557057,16259,PIECE OF CAMO STATIONERY SET,108,6/16/2011 14:46,0.08,16843.0,United Kingdom
545688,22469,HEART OF WICKER SMALL,4,3/6/2011 12:42,1.65,16033.0,United Kingdom
554549,22430,ENAMEL WATERING CAN CREAM,4,5/25/2011 9:57,4.95,12747.0,United Kingdom
578901,20770,ABSTRACT CIRCLE JOURNAL ,1,11/27/2011 11:47,2.55,17812.0,United Kingdom
572660,72760B,VINTAGE CREAM 3 BASKET CAKE STAND,1,10/25/2011 12:30,9.95,14527.0,United Kingdom
573546,22969,HOMEMADE JAM SCENTED CANDLES,12,10/31/2011 13:13,1.45,15974.0,United Kingdom
580673,23207,LUNCH BAG ALPHABET DESIGN,12,12/5/2011 14:30,1.65,13089.0,United Kingdom
571239,23255,CHILDRENS CUTLERY CIRCUS PARADE,4,10/14/2011 14:54,4.15,12744.0,Singapore
559350,22729,ALARM CLOCK BAKELIKE ORANGE,4,7/7/2011 17:35,3.75,16842.0,United Kingdom
576615,21175,GIN + TONIC DIET METAL SIGN,2,11/15/2011 16:42,2.55,17231.0,United Kingdom
546525,22286,"DECORATION , WOBBLY RABBIT , METAL ",12,3/14/2011 12:58,1.65,14733.0,United Kingdom
542733,22089,PAPER BUNTING VINTAGE PAISLEY,1,1/31/2011 15:35,2.95,15058.0,United Kingdom
580673,23380,PACK OF 12 VINTAGE DOILY TISSUES,48,12/5/2011 14:30,0.39,13089.0,United Kingdom
564321,90200E,GREEN SWEETHEART BRACELET,2,8/24/2011 13:22,4.25,15059.0,United Kingdom
577533,23329,DECORATIVE WICKER HEART LARGE,2,11/20/2011 14:04,1.65,16877.0,United Kingdom
577545,23344,JUMBO BAG 50'S CHRISTMAS ,2,11/20/2011 14:43,2.08,16931.0,United Kingdom
577031,21929,JUMBO BAG PINK VINTAGE PAISLEY,10,11/17/2011 13:00,2.08,15298.0,United Kingdom
539002,71477,COLOUR GLASS. STAR T-LIGHT HOLDER,3,12/15/2010 12:30,3.25,14527.0,United Kingdom
552710,22706,WRAP COWBOYS  ,25,5/11/2011 7:35,0.42,13098.0,United Kingdom
553012,21715,GIRLS VINTAGE TIN SEASIDE BUCKET,8,5/12/2011 18:13,2.55,17671.0,United Kingdom
556542,21497,FANCY FONTS BIRTHDAY WRAP,25,6/13/2011 12:52,0.42,14719.0,United Kingdom
538003,22914,BLUE COAT RACK PARIS FASHION,6,12/9/2010 12:05,4.95,12429.0,Denmark
579980,21181,PLEASE ONE PERSON METAL SIGN,2,12/1/2011 11:16,2.1,13263.0,United Kingdom
545148,85152,HAND OVER THE CHOCOLATE   SIGN ,12,2/28/2011 12:14,2.1,13675.0,United Kingdom
541103,20728,LUNCH BAG CARS BLUE,10,1/13/2011 14:24,1.65,14215.0,United Kingdom
545064,21314,SMALL GLASS HEART TRINKET POT,8,2/27/2011 14:29,2.1,13636.0,United Kingdom
576686,22086,PAPER CHAIN KIT 50'S CHRISTMAS ,2,11/16/2011 12:08,2.95,16916.0,United Kingdom
549424,22499,WOODEN UNION JACK BUNTING,12,4/8/2011 11:50,5.95,15367.0,United Kingdom
568510,22909,SET OF 20 VINTAGE CHRISTMAS NAPKINS,20,9/27/2011 12:26,0.85,13555.0,United Kingdom
541712,85036A,GARDENIA 1 WICK MORRIS BOXED CANDLE,1,1/21/2011 11:19,4.25,17890.0,United Kingdom
559546,22619,SET OF 6 SOLDIER SKITTLES,6,7/10/2011 14:49,3.75,14163.0,United Kingdom
579465,23522,WALL ART DOG AND BALL ,1,11/29/2011 14:53,2.89,15790.0,United Kingdom
579458,22996,TRAVEL CARD WALLET VINTAGE TICKET,1,11/29/2011 14:38,0.42,16549.0,United Kingdom
571303,23434,3 RAFFIA RIBBONS 50'S CHRISTMAS ,10,10/17/2011 9:36,0.79,13875.0,United Kingdom
568698,23314,VINTAGE CHRISTMAS TABLECLOTH,4,9/28/2011 14:57,12.5,14911.0,EIRE
564438,20726,LUNCH BAG WOODLAND,10,8/25/2011 12:11,1.65,16628.0,United Kingdom
573380,22585,PACK OF 6 BIRDY GIFT TAGS,9,10/30/2011 14:04,1.25,14572.0,United Kingdom
550467,85141,JARDIN ETCHED GLASS FRUITBOWL,2,4/18/2011 13:36,3.95,18009.0,United Kingdom
568528,23439,HAND WARMER RED LOVE HEART,12,9/27/2011 13:32,2.1,13979.0,United Kingdom
572330,23404,HOME SWEET HOME BLACKBOARD,1,10/24/2011 10:17,4.95,16426.0,United Kingdom
547514,22317,FIVE CATS HANGING DECORATION,6,3/23/2011 14:00,2.95,17486.0,United Kingdom
577980,23530,WALL ART ONLY ONE PERSON ,1,11/22/2011 12:24,4.95,16330.0,United Kingdom
574659,20728,LUNCH BAG CARS BLUE,3,11/6/2011 11:44,1.65,16942.0,United Kingdom
571242,22992,REVOLVER WOODEN RULER ,48,10/14/2011 15:04,1.95,17809.0,United Kingdom
551159,21914,BLUE HARMONICA IN BOX ,12,4/26/2011 15:02,1.25,16203.0,United Kingdom
540260,21508,VINTAGE KID DOLLY CARD ,24,1/6/2011 9:40,0.42,13097.0,United Kingdom
563202,85066,CREAM SWEETHEART MINI CHEST,1,8/14/2011 11:16,12.75,12722.0,France
562612,85032B,BLOSSOM IMAGES GIFT WRAP SET,12,8/8/2011 12:00,0.65,16637.0,United Kingdom
538637,22972,CHILDREN'S SPACEBOY MUG,2,12/13/2010 13:52,1.65,17611.0,United Kingdom
561694,22585,PACK OF 6 BIRDY GIFT TAGS,12,7/29/2011 9:57,1.25,16147.0,United Kingdom
574314,23213,STAR WREATH DECORATION WITH BELL,12,11/3/2011 17:48,1.25,13500.0,United Kingdom
567637,84406B,CREAM CUPID HEARTS COAT HANGER,8,9/21/2011 13:57,4.15,17865.0,United Kingdom
571441,21154,RED RETROSPOT OVEN GLOVE ,2,10/17/2011 13:31,2.46,14096.0,United Kingdom
561897,22494,EMERGENCY FIRST AID TIN ,1,7/31/2011 15:24,1.25,17841.0,United Kingdom
579623,22865,HAND WARMER OWL DESIGN,12,11/30/2011 12:15,2.1,16062.0,United Kingdom
566567,22577,WOODEN HEART CHRISTMAS SCANDINAVIAN,12,9/13/2011 12:37,0.85,16161.0,United Kingdom
573377,70007,HI TEC ALPINE HAND WARMER,1,10/30/2011 13:51,1.65,14653.0,United Kingdom
559921,85183B,CHARLIE & LOLA WASTEPAPER BIN FLORA,4,7/13/2011 15:42,1.25,13667.0,United Kingdom
547914,22966,GINGERBREAD MAN COOKIE CUTTER,12,3/28/2011 12:35,1.25,12594.0,Italy
572054,POST,POSTAGE,2,10/20/2011 12:31,18.0,12642.0,Germany
554702,20886,BOX OF 9 PEBBLE CANDLES,6,5/26/2011 9:45,1.95,15805.0,United Kingdom
575491,22116,METAL SIGN HIS DINNER IS SERVED,2,11/9/2011 17:47,0.79,15531.0,United Kingdom
562002,22637,PIGGY BANK RETROSPOT ,12,8/1/2011 13:48,2.1,14567.0,United Kingdom
566094,22567,20 DOLLY PEGS RETROSPOT,6,9/9/2011 10:42,1.45,17965.0,United Kingdom
543285,47566,PARTY BUNTING,5,2/7/2011 9:48,4.95,14600.0,United Kingdom
548545,90147,CHUNKY SILVER NECKLACE PASTEL FLOWE,1,3/31/2011 19:12,9.95,13118.0,United Kingdom
561147,21934,SKULL SHOULDER BAG,10,7/25/2011 13:06,1.65,16841.0,United Kingdom
539978,21199,PINK  HEART CONFETTI IN TUBE,48,12/23/2010 14:06,0.42,13165.0,United Kingdom
570776,23203,JUMBO BAG VINTAGE DOILY ,10,10/12/2011 11:45,2.08,13985.0,United Kingdom
539484,22910,PAPER CHAIN KIT VINTAGE CHRISTMAS,6,12/19/2010 15:44,2.95,15640.0,United Kingdom
571745,23267,SET OF 4 SANTA PLACE SETTINGS,12,10/19/2011 10:48,1.25,14911.0,EIRE
573344,23301,GARDENERS KNEELING PAD KEEP CALM ,6,10/30/2011 12:07,1.65,14179.0,United Kingdom
543371,85039B,S/4 IVORY MINI ROSE CANDLE IN BOWL,2,2/7/2011 14:53,1.65,14048.0,United Kingdom
575959,71477,COLOUR GLASS. STAR T-LIGHT HOLDER,4,11/13/2011 12:27,3.95,14547.0,United Kingdom
572301,22720,SET OF 3 CAKE TINS PANTRY DESIGN ,1,10/23/2011 14:41,4.95,16794.0,United Kingdom
562560,21843,RED RETROSPOT CAKE STAND,2,8/5/2011 17:12,10.95,14156.0,EIRE
579741,22694,WICKER STAR ,2,11/30/2011 14:33,2.1,16910.0,United Kingdom
578120,22726,ALARM CLOCK BAKELIKE GREEN,8,11/23/2011 10:21,3.75,14493.0,United Kingdom
566434,22161,HEART DECORATION RUSTIC HANGING ,6,9/12/2011 15:01,0.19,17090.0,United Kingdom
580027,23507,MINI PLAYING CARDS BUFFALO BILL ,4,12/1/2011 12:01,0.42,14178.0,United Kingdom
571129,22356,CHARLOTTE BAG PINK POLKADOT,20,10/14/2011 10:03,0.85,14156.0,EIRE
560538,22273,FELTCRAFT DOLL MOLLY,6,7/19/2011 12:19,2.95,16128.0,United Kingdom
567475,85123A,WHITE HANGING HEART T-LIGHT HOLDER,1,9/20/2011 13:11,2.95,16360.0,United Kingdom
C551648,22941,CHRISTMAS LIGHTS 10 REINDEER,-10,5/3/2011 12:02,8.5,14800.0,United Kingdom
561926,23111,PARISIENNE SEWING BOX,3,8/1/2011 12:48,12.5,12749.0,United Kingdom
573264,23329,DECORATIVE WICKER HEART LARGE,5,10/28/2011 12:36,1.65,14415.0,United Kingdom
564335,23108,SET OF 10 LED DOLLY LIGHTS,2,8/24/2011 14:23,6.25,15800.0,United Kingdom
567306,21061,PARTY INVITES FOOTBALL,48,9/19/2011 13:32,0.85,12752.0,Norway
564312,84997A,CHILDRENS CUTLERY POLKADOT GREEN ,72,8/24/2011 12:52,3.75,15769.0,United Kingdom
558684,84827,ASS DES PHONE SPONGE CRAFT STICKER,60,7/1/2011 11:29,0.65,14016.0,EIRE
553017,21975,PACK OF 60 DINOSAUR CAKE CASES,2,5/12/2011 19:01,0.55,12757.0,Portugal
564738,23356,LOVE HOT WATER BOTTLE,3,8/28/2011 14:16,5.95,16816.0,United Kingdom
537871,21677,HEARTS  STICKERS,6,12/8/2010 17:20,0.85,12748.0,United Kingdom
563353,22405,MONEY BOX POCKET MONEY DESIGN,12,8/15/2011 14:32,1.25,15480.0,Malta
576399,22382,LUNCH BAG SPACEBOY DESIGN ,10,11/15/2011 10:50,1.65,12684.0,France
576328,23313,VINTAGE CHRISTMAS BUNTING,10,11/14/2011 15:19,4.95,13577.0,United Kingdom
565648,22585,PACK OF 6 BIRDY GIFT TAGS,2,9/5/2011 16:22,1.25,18196.0,United Kingdom
569123,21642,ASSORTED TUTTI FRUTTI PEN,48,9/30/2011 13:09,0.29,12748.0,United Kingdom
561068,22030,SWALLOWS GREETING CARD,12,7/24/2011 14:33,0.42,13116.0,United Kingdom
540372,20676,RED RETROSPOT BOWL,8,1/6/2011 16:41,1.25,13081.0,United Kingdom
569568,22637,PIGGY BANK RETROSPOT ,4,10/5/2011 9:57,2.55,12700.0,France
560491,23296,SET OF 6 TEA TIME BAKING CASES,2,7/19/2011 10:51,1.25,12415.0,Australia
543924,20785,FUSCHIA RETRO BAR STOOL,1,2/14/2011 14:14,39.95,16904.0,United Kingdom
549577,22418,10 COLOUR SPACEBOY PEN,24,4/11/2011 8:16,0.85,14286.0,United Kingdom
566634,21166,COOK WITH WINE METAL SIGN ,96,9/14/2011 10:42,1.85,13183.0,United Kingdom
572753,23503,PLAYING CARDS KEEP CALM & CARRY ON,6,10/25/2011 17:29,1.25,15856.0,United Kingdom
542025,21927,BLUE/CREAM STRIPE CUSHION COVER ,12,1/25/2011 11:41,1.25,14543.0,United Kingdom
575753,22222,CAKE PLATE LOVEBIRD WHITE,1,11/11/2011 10:41,4.95,17841.0,United Kingdom
568185,21147,JINGLE BELLS TREE DECORATION,6,9/25/2011 14:08,2.1,16594.0,United Kingdom
577099,23350,ROLL WRAP VINTAGE SPOT ,12,11/17/2011 16:48,1.25,13313.0,United Kingdom
551171,85049G,CHOCOLATE BOX RIBBONS ,2,4/26/2011 16:45,1.25,13263.0,United Kingdom
555545,23200,JUMBO BAG PEARS,10,6/5/2011 13:08,2.08,17735.0,United Kingdom
575491,47566,PARTY BUNTING,2,11/9/2011 17:47,4.95,15531.0,United Kingdom
554969,22927,GREEN GIANT GARDEN THERMOMETER,4,5/27/2011 16:30,5.95,14976.0,United Kingdom
574249,22910,PAPER CHAIN KIT VINTAGE CHRISTMAS,6,11/3/2011 13:01,2.95,16347.0,United Kingdom
569720,23365,SET 12 COLOUR PENCILS LOVE LONDON,1,10/6/2011 9:11,0.65,14646.0,Netherlands
574484,84347,ROTATING SILVER ANGELS T-LIGHT HLDR,12,11/4/2011 12:50,2.55,14388.0,United Kingdom
558700,22953,BIRTHDAY PARTY CORDON BARRIER TAPE,1,7/1/2011 12:33,1.25,17920.0,United Kingdom
542107,21910,WAY OUT METAL SIGN ,2,1/25/2011 13:38,1.65,16222.0,United Kingdom
566451,23209,LUNCH BAG VINTAGE DOILY ,1,9/12/2011 16:14,1.65,18069.0,United Kingdom
575146,22966,GINGERBREAD MAN COOKIE CUTTER,48,11/8/2011 15:45,1.25,17313.0,United Kingdom
560451,22698,PINK REGENCY TEACUP AND SAUCER,12,7/19/2011 9:50,2.95,14911.0,EIRE
574657,22966,GINGERBREAD MAN COOKIE CUTTER,2,11/6/2011 11:43,1.25,13772.0,United Kingdom
566053,23309,SET OF 60 I LOVE LONDON CAKE CASES ,2,9/8/2011 14:57,0.55,14410.0,United Kingdom
546855,22669,RED BABY BUNTING ,3,3/17/2011 13:58,2.95,18168.0,United Kingdom
552333,20726,LUNCH BAG WOODLAND,10,5/9/2011 10:38,1.65,15039.0,United Kingdom
558355,23243,SET OF TEA COFFEE SUGAR TINS PANTRY,2,6/28/2011 14:58,4.95,13614.0,United Kingdom
580600,22055,MINI CAKE STAND  HANGING STRAWBERY,6,12/5/2011 11:13,0.39,12841.0,United Kingdom
577504,22965,3 TRADITIONAl BISCUIT CUTTERS  SET,2,11/20/2011 12:36,2.1,14159.0,United Kingdom
556481,23243,SET OF TEA COFFEE SUGAR TINS PANTRY,6,6/12/2011 13:00,4.95,16115.0,United Kingdom
546038,22789,T-LIGHT HOLDER SWEETHEART HANGING,8,3/9/2011 10:19,1.95,15071.0,United Kingdom
556246,22417,PACK OF 60 SPACEBOY CAKE CASES,1,6/9/2011 16:16,0.55,16113.0,United Kingdom
565150,17021,NAMASTE SWAGAT INCENSE,72,9/1/2011 14:26,0.24,14298.0,United Kingdom
577782,23371,SET 36 COLOUR PENCILS SPACEBOY ,1,11/21/2011 16:17,1.25,16549.0,United Kingdom
564159,22384,LUNCH BAG PINK POLKADOT,10,8/23/2011 12:43,1.65,12593.0,France
543111,84879,ASSORTED COLOUR BIRD ORNAMENT,8,2/3/2011 12:44,1.69,15719.0,United Kingdom
562593,23207,LUNCH BAG ALPHABET DESIGN,2,8/7/2011 15:43,1.65,16549.0,United Kingdom
575734,22632,HAND WARMER RED RETROSPOT,12,11/11/2011 8:39,2.1,12384.0,Switzerland
563502,23354,6 GIFT TAGS 50'S CHRISTMAS ,24,8/17/2011 8:50,0.83,12722.0,France
550137,82580,BATHROOM METAL SIGN,12,4/14/2011 13:59,0.55,12477.0,Germany
554630,22807,SET OF 6 T-LIGHTS TOADSTOOLS,2,5/25/2011 11:34,2.95,13268.0,United Kingdom
553176,47504K,ENGLISH ROSE GARDEN SECATEURS,2,5/15/2011 11:22,1.95,14689.0,United Kingdom
581149,22807,SET OF 6 T-LIGHTS TOADSTOOLS,6,12/7/2011 14:12,1.25,15471.0,United Kingdom
572309,22577,WOODEN HEART CHRISTMAS SCANDINAVIAN,6,10/23/2011 15:29,0.29,14432.0,United Kingdom
542621,84509G,SET OF 4 FAIRY CAKE PLACEMATS ,4,1/31/2011 9:05,3.75,12528.0,Germany
542931,22245,"HOOK, 1 HANGER ,MAGIC GARDEN",12,2/2/2011 10:46,0.85,15589.0,United Kingdom
574310,23245,SET OF 3 REGENCY CAKE TINS,8,11/3/2011 16:56,4.95,13467.0,United Kingdom
547485,20974,12 PENCILS SMALL TUBE SKULL,6,3/23/2011 11:16,0.65,17019.0,United Kingdom
557298,47566,PARTY BUNTING,8,6/19/2011 13:55,4.95,17519.0,United Kingdom
552315,21219,SET/4 BADGES BALLOON GIRL,10,5/8/2011 16:10,1.25,12700.0,France
540859,20826,SILVER APERITIF GLASS,6,1/12/2011 10:58,2.12,17965.0,United Kingdom
577228,21125,SET 6 FOOTBALL CELEBRATION CANDLES,2,11/18/2011 12:07,1.25,12391.0,Cyprus
559122,84596L,BISCUITS SMALL BOWL LIGHT BLUE,16,7/6/2011 12:22,0.42,15159.0,United Kingdom
569261,22728,ALARM CLOCK BAKELIKE PINK,2,10/3/2011 11:34,3.75,17321.0,United Kingdom
578118,22620,4 TRADITIONAL SPINNING TOPS,12,11/23/2011 10:08,1.45,12955.0,United Kingdom
575607,47504H,ENGLISH ROSE SPIRIT LEVEL ,2,11/10/2011 12:37,3.29,14096.0,United Kingdom
566123,22994,TRAVEL CARD WALLET RETROSPOT,2,9/9/2011 11:15,0.42,15039.0,United Kingdom
573342,82581,TOILET METAL SIGN,25,10/30/2011 11:56,0.55,14582.0,United Kingdom
564722,84800M,MEDIUM WHITE/PINK ROSE ART FLOWER,2,8/28/2011 12:06,1.69,16456.0,United Kingdom
555077,21745,GAOLERS KEYS DECORATIVE GARDEN ,2,5/31/2011 12:42,3.75,17975.0,United Kingdom
552318,22671,FRENCH LAUNDRY SIGN BLUE METAL,2,5/8/2011 16:13,1.65,17231.0,United Kingdom
559672,21977,PACK OF 60 PINK PAISLEY CAKE CASES,6,7/11/2011 14:04,0.55,14796.0,United Kingdom
573656,22071,SMALL WHITE RETROSPOT MUG IN BOX ,6,10/31/2011 16:02,3.75,12417.0,Belgium
573076,20971,PINK BLUE FELT CRAFT TRINKET BOX,12,10/27/2011 14:05,1.25,13488.0,United Kingdom
576339,21704,BAG 250g SWIRLY MARBLES,1,11/14/2011 15:27,1.63,14096.0,United Kingdom
577749,22728,ALARM CLOCK BAKELIKE PINK,1,11/21/2011 14:26,3.75,16242.0,United Kingdom
557278,22027,TEA PARTY BIRTHDAY CARD,12,6/19/2011 12:08,0.42,13089.0,United Kingdom
562393,23156,SET OF 5 MINI GROCERY MAGNETS,24,8/4/2011 16:17,2.08,18172.0,United Kingdom
577517,23565,EGG CUP MILKMAID HELGA ,4,11/20/2011 13:16,1.25,16710.0,United Kingdom
574575,23045,PAPER LANTERN 5 POINT STAR MOON ,2,11/4/2011 17:03,4.15,14971.0,United Kingdom
553131,22433,WATERING CAN GREEN DINOSAUR,24,5/13/2011 12:44,1.95,16401.0,United Kingdom
543161,22189,CREAM HEART CARD HOLDER,4,2/3/2011 17:01,3.95,14497.0,United Kingdom
552949,21907,I'M ON HOLIDAY METAL SIGN,9,5/12/2011 12:01,2.1,16033.0,United Kingdom
576554,22457,NATURAL SLATE HEART CHALKBOARD ,6,11/15/2011 12:57,2.95,13066.0,United Kingdom
567960,85099B,JUMBO BAG RED RETROSPOT,10,9/23/2011 9:14,1.79,13777.0,United Kingdom
549451,23177,TREASURE ISLAND BOOK BOX,8,4/8/2011 14:14,2.25,16556.0,United Kingdom
570459,22061,LARGE CAKE STAND  HANGING STRAWBERY,2,10/10/2011 15:42,9.95,15801.0,United Kingdom
549577,22561,WOODEN SCHOOL COLOURING SET,12,4/11/2011 8:16,1.65,14286.0,United Kingdom
547383,21504,SKULLS GREETING CARD,12,3/22/2011 15:42,0.42,12613.0,Germany
555201,22333,RETROSPOT PARTY BAG + STICKER SET,8,6/1/2011 12:10,1.65,16969.0,United Kingdom
541859,21617,4 LILY  BOTANICAL DINNER CANDLES,1,1/23/2011 15:34,3.75,14606.0,United Kingdom
577110,22154,ANGEL DECORATION 3 BUTTONS ,48,11/17/2011 17:53,0.42,14234.0,United Kingdom
568061,23271,CHRISTMAS TABLE SILVER CANDLE SPIKE,3,9/23/2011 13:12,0.83,16910.0,United Kingdom
564049,22534,MAGIC DRAWING SLATE SPACEBOY ,5,8/22/2011 13:30,0.42,17585.0,United Kingdom
574700,22698,PINK REGENCY TEACUP AND SAUCER,2,11/6/2011 13:53,2.95,16033.0,United Kingdom
538379,48116,DOORMAT MULTICOLOUR STRIPE,1,12/12/2010 11:26,7.95,17126.0,United Kingdom
538799,85123A,WHITE HANGING HEART T-LIGHT HOLDER,4,12/14/2010 11:48,2.95,15039.0,United Kingdom
580736,47566,PARTY BUNTING,4,12/6/2011 8:55,4.95,12716.0,France
549583,82580,BATHROOM METAL SIGN,12,4/11/2011 9:46,0.55,15214.0,United Kingdom
554162,23206,LUNCH BAG APPLE DESIGN,30,5/23/2011 11:52,1.65,16722.0,United Kingdom
536408,22813,PACK 3 BOXES BIRD PANNETONE ,12,12/1/2010 11:41,1.95,14307.0,United Kingdom
579510,85099F,JUMBO BAG STRAWBERRY,10,11/29/2011 16:44,2.08,14554.0,United Kingdom
546255,22487,WHITE WOOD GARDEN PLANT LADDER,1,3/10/2011 14:56,9.95,13468.0,United Kingdom
538080,22961,JAM MAKING SET PRINTED,12,12/9/2010 14:28,1.45,17646.0,United Kingdom
568423,22191,IVORY DINER WALL CLOCK,2,9/27/2011 11:24,8.5,17061.0,United Kingdom
563720,72802B,OCEAN SCENT CANDLE IN JEWELLED BOX,6,8/18/2011 16:24,4.25,15867.0,United Kingdom
560209,22937,BAKING MOULD CHOCOLATE CUPCAKES,2,7/15/2011 14:05,2.55,15004.0,United Kingdom
566495,20674,GREEN POLKADOT BOWL,3,9/13/2011 11:14,1.25,15529.0,United Kingdom
577716,21213,PACK OF 72 SKULL CAKE CASES,24,11/21/2011 12:18,0.55,15857.0,United Kingdom
551163,85194S,HANGING SPRING FLOWER EGG SMALL,1,4/26/2011 15:52,0.65,12573.0,France
581251,22193,RED DINER WALL CLOCK,2,12/8/2011 11:02,8.5,18210.0,United Kingdom
556820,22432,WATERING CAN PINK BUNNY,12,6/15/2011 10:22,1.95,12682.0,France
568517,20717,STRAWBERRY SHOPPER BAG,2,9/27/2011 12:52,1.25,14456.0,United Kingdom
548707,21165,BEWARE OF THE CAT METAL SIGN ,2,4/3/2011 12:08,1.69,13781.0,United Kingdom
545901,22780,LIGHT GARLAND BUTTERFILES PINK,1,3/7/2011 17:52,4.25,15834.0,United Kingdom
541038,22795,SWEETHEART RECIPE BOOK STAND,1,1/13/2011 12:10,6.75,16395.0,United Kingdom
569367,22026,BANQUET BIRTHDAY  CARD  ,12,10/3/2011 15:28,0.42,13994.0,United Kingdom
562371,16161P,WRAP ENGLISH ROSE ,25,8/4/2011 14:30,0.42,13709.0,United Kingdom
548863,48116,DOORMAT MULTICOLOUR STRIPE,10,4/4/2011 13:57,6.75,15311.0,United Kingdom
568593,23343,JUMBO BAG VINTAGE CHRISTMAS ,10,9/28/2011 10:54,2.08,13988.0,United Kingdom
565726,23287,RED VINTAGE SPOT BEAKER,8,9/6/2011 11:58,0.85,14360.0,United Kingdom
559318,21915,RED  HARMONICA IN BOX ,3,7/7/2011 14:08,1.25,18013.0,United Kingdom
566329,71053,WHITE METAL LANTERN,2,9/12/2011 12:20,3.75,14527.0,United Kingdom
557118,22748,POPPY'S PLAYHOUSE KITCHEN,6,6/16/2011 17:05,2.1,14849.0,United Kingdom
536556,21843,RED RETROSPOT CAKE STAND,1,12/1/2010 14:38,10.95,17643.0,United Kingdom
578251,22941,CHRISTMAS LIGHTS 10 REINDEER,3,11/23/2011 12:45,8.5,15993.0,United Kingdom
575760,21479,WHITE SKULL HOT WATER BOTTLE ,2,11/11/2011 10:50,4.25,15965.0,United Kingdom
574710,22123,PING MICROWAVE APRON,2,11/6/2011 14:17,1.95,15427.0,United Kingdom
545377,21577,SAVE THE PLANET COTTON TOTE BAG,1,3/2/2011 11:32,2.25,14606.0,United Kingdom
553683,23158,SET OF 5 LUCKY CAT MAGNETS ,60,5/18/2011 13:50,2.08,14060.0,United Kingdom
566281,85178,VICTORIAN SEWING KIT,10,9/11/2011 14:15,1.25,12748.0,United Kingdom
574740,22070,SMALL RED RETROSPOT MUG IN BOX ,36,11/6/2011 16:07,3.39,12357.0,Switzerland
581252,23126,FELTCRAFT GIRL AMELIE KIT,4,12/8/2011 11:02,4.95,14129.0,United Kingdom
565326,84596B,SMALL DOLLY MIX DESIGN ORANGE BOWL,1,9/2/2011 13:41,0.42,16706.0,United Kingdom
540523,22553,PLASTERS IN TIN SKULLS,24,1/9/2011 12:51,1.65,13069.0,United Kingdom
554105,22557,PLASTERS IN TIN VINTAGE PAISLEY ,1,5/22/2011 14:04,1.65,14711.0,United Kingdom
553017,22932,BAKING MOULD TOFFEE CUP CHOCOLATE,3,5/12/2011 19:01,2.55,12757.0,Portugal
562551,85049G,CHOCOLATE BOX RIBBONS ,1,8/5/2011 16:19,1.25,17231.0,United Kingdom
542791,82484,WOOD BLACK BOARD ANT WHITE FINISH,1,2/1/2011 10:47,6.45,15039.0,United Kingdom
551383,22926,IVORY GIANT GARDEN THERMOMETER,4,4/28/2011 10:54,5.95,17460.0,United Kingdom
556114,15044B,BLUE PAPER PARASOL ,6,6/9/2011 9:36,2.95,12569.0,Germany
578231,22193,RED DINER WALL CLOCK,1,11/23/2011 12:05,8.5,14527.0,United Kingdom
549099,21524,DOORMAT SPOTTY HOME SWEET HOME,1,4/6/2011 11:07,7.95,16241.0,United Kingdom
561887,21698,MOCK LOBSTER FRIDGE MAGNET,12,7/31/2011 13:33,0.39,14414.0,United Kingdom
553340,22457,NATURAL SLATE HEART CHALKBOARD ,18,5/16/2011 12:20,2.95,15125.0,United Kingdom
540239,20679,EDWARDIAN PARASOL RED,9,1/5/2011 14:48,5.95,12682.0,France
540351,21054,NURSE'S BAG SOFT TOY,1,1/6/2011 14:26,8.95,12735.0,France
564322,20992,JAZZ HEARTS PURSE NOTEBOOK,288,8/24/2011 13:23,0.39,13694.0,United Kingdom
536856,22623,BOX OF VINTAGE JIGSAW BLOCKS ,6,12/3/2010 10:26,4.95,13370.0,United Kingdom
540768,85183B,CHARLIE & LOLA WASTEPAPER BIN FLORA,48,1/11/2011 10:38,1.25,17428.0,United Kingdom
557442,20719,WOODLAND CHARLOTTE BAG,3,6/20/2011 12:53,0.85,14808.0,United Kingdom
574299,23434,3 RAFFIA RIBBONS 50'S CHRISTMAS ,10,11/3/2011 16:06,0.79,16746.0,United Kingdom
554093,23082,SET 6 PAPER TABLE LANTERN HEARTS ,6,5/22/2011 12:49,3.75,14837.0,United Kingdom
538633,22549,PICTURE DOMINOES,4,12/13/2010 13:28,1.45,16726.0,United Kingdom
549372,22481,BLACK TEA TOWEL CLASSIC DESIGN,2,4/8/2011 11:28,1.25,14958.0,United Kingdom
538168,22795,SWEETHEART RECIPE BOOK STAND,4,12/9/2010 19:23,6.75,14702.0,United Kingdom
538507,82494L,WOODEN FRAME ANTIQUE WHITE ,6,12/12/2010 13:26,2.95,15547.0,United Kingdom
552290,82486,WOOD S/3 CABINET ANT WHITE FINISH,2,5/8/2011 13:32,8.95,16007.0,United Kingdom
562542,85049D,BRIGHT BLUES RIBBONS ,3,8/5/2011 15:40,1.25,17377.0,United Kingdom
579555,20992,JAZZ HEARTS PURSE NOTEBOOK,3,11/30/2011 11:08,0.39,16241.0,United Kingdom
563619,21164,HOME SWEET HOME METAL SIGN ,6,8/18/2011 10:01,2.95,12839.0,United Kingdom
C548187,22423,REGENCY CAKESTAND 3 TIER,-1,3/29/2011 15:06,12.75,17511.0,United Kingdom
555012,23301,GARDENERS KNEELING PAD KEEP CALM ,10,5/31/2011 10:43,1.65,16814.0,United Kingdom
541864,85099B,JUMBO BAG RED RETROSPOT,100,1/23/2011 16:17,1.65,13798.0,United Kingdom
570410,22396,MAGNETS PACK OF 4 RETRO PHOTO,1,10/10/2011 13:04,0.39,16776.0,United Kingdom
552990,22457,NATURAL SLATE HEART CHALKBOARD ,6,5/12/2011 15:17,2.95,17667.0,United Kingdom
572063,22348,TEA BAG PLATE RED RETROSPOT,1,10/20/2011 12:57,0.85,14606.0,United Kingdom
581476,22998,TRAVEL CARD WALLET KEEP CALM,72,12/9/2011 8:48,0.42,12433.0,Norway
566258,23245,SET OF 3 REGENCY CAKE TINS,4,9/11/2011 12:45,4.95,13124.0,United Kingdom
542836,22383,LUNCH BAG SUKI  DESIGN ,2,2/1/2011 11:31,1.65,16745.0,United Kingdom
547896,22979,PANTRY WASHING UP BRUSH,1,3/28/2011 11:34,1.45,17841.0,United Kingdom
571056,20724,RED RETROSPOT CHARLOTTE BAG,10,10/13/2011 14:10,0.85,15367.0,United Kingdom
571676,23343,JUMBO BAG VINTAGE CHRISTMAS ,1,10/18/2011 13:29,2.08,16910.0,United Kingdom
576463,21260,FIRST AID TIN,1,11/15/2011 11:37,3.25,17974.0,United Kingdom
547794,22569,FELTCRAFT CUSHION BUTTERFLY,5,3/25/2011 12:13,3.75,14085.0,United Kingdom
576581,23209,LUNCH BAG VINTAGE DOILY ,10,11/15/2011 14:15,1.65,15955.0,United Kingdom
548916,21975,PACK OF 60 DINOSAUR CAKE CASES,24,4/5/2011 10:07,0.55,14849.0,United Kingdom
562602,23138,SINGLE WIRE HOOK IVORY HEART,12,8/8/2011 10:11,1.45,12865.0,Austria
578459,22340,NOEL GARLAND PAINTED ZINC ,24,11/24/2011 12:30,0.39,12388.0,Australia
558194,47341B,BLUE TABLE RUN FLOWER,1,6/27/2011 12:28,1.25,14583.0,United Kingdom
566566,22227,HANGING HEART MIRROR DECORATION ,1,9/13/2011 12:32,1.25,14096.0,United Kingdom
545338,22268,EASTER DECORATION SITTING BUNNY,4,3/1/2011 17:32,0.85,17449.0,United Kingdom
550446,22974,CHILDRENS DOLLY GIRL MUG,12,4/18/2011 12:36,1.65,13871.0,United Kingdom
575007,22899,CHILDREN'S APRON DOLLY GIRL ,6,11/8/2011 11:20,2.1,14140.0,United Kingdom
541797,22502,PICNIC BASKET WICKER SMALL,1,1/21/2011 14:04,5.95,12970.0,United Kingdom
546414,21535,RED RETROSPOT SMALL MILK JUG,1,3/13/2011 10:25,2.55,16768.0,United Kingdom
572880,22322,BIRD DECORATION GREEN POLKADOT,12,10/26/2011 13:35,0.85,16415.0,United Kingdom
545059,21313,GLASS HEART T-LIGHT HOLDER ,12,2/27/2011 13:04,0.85,14157.0,United Kingdom
573879,23343,JUMBO BAG VINTAGE CHRISTMAS ,2,11/1/2011 13:21,2.08,15039.0,United Kingdom
572303,85123A,WHITE HANGING HEART T-LIGHT HOLDER,3,10/23/2011 14:56,2.95,18109.0,United Kingdom
574054,23284,DOORMAT KEEP CALM AND COME IN,4,11/2/2011 14:07,8.25,18104.0,United Kingdom
565750,16169E,WRAP 50'S  CHRISTMAS,25,9/6/2011 12:48,0.42,14208.0,United Kingdom
538035,44235,ASS COL CIRCLE MOBILE ,5,12/9/2010 13:03,0.42,16065.0,United Kingdom
579135,44235,ASSORTED COLOURED CIRCLE MOBILE ,1,11/28/2011 12:44,0.42,18096.0,United Kingdom
571058,22840,ROUND CAKE TIN VINTAGE RED,4,10/13/2011 14:18,7.95,13853.0,United Kingdom
566850,23247,BISCUIT TIN 50'S CHRISTMAS,6,9/15/2011 12:04,2.89,13662.0,United Kingdom
563557,22993,SET OF 4 PANTRY JELLY MOULDS,12,8/17/2011 13:33,1.25,15786.0,United Kingdom
543120,84751B,BLACK MEDIUM GLASS CAKE STAND,2,2/3/2011 13:53,3.75,13668.0,United Kingdom
556886,15058A,BLUE POLKADOT GARDEN PARASOL,2,6/15/2011 12:34,7.95,12624.0,France
564733,20725,LUNCH BAG RED RETROSPOT,5,8/28/2011 13:18,1.65,17841.0,United Kingdom
569838,22027,TEA PARTY BIRTHDAY CARD,12,10/6/2011 13:20,0.42,13504.0,United Kingdom
C574027,23380,PACK OF 12 VINTAGE DOILY TISSUES,-24,11/2/2011 12:32,0.39,13394.0,United Kingdom
549690,22355,CHARLOTTE BAG SUKI DESIGN,4,4/11/2011 13:41,0.85,17841.0,United Kingdom
570634,23541,WALL ART CLASSIC PUDDINGS ,1,10/11/2011 12:27,8.25,15024.0,United Kingdom
554026,23171,REGENCY TEA PLATE GREEN ,48,5/20/2011 13:34,1.45,13324.0,United Kingdom
574536,21912,VINTAGE SNAKES & LADDERS,2,11/4/2011 14:35,3.75,15707.0,United Kingdom
564139,85175,CACTI T-LIGHT CANDLES,16,8/23/2011 11:41,0.42,16904.0,United Kingdom
557147,22303,COFFEE MUG APPLES DESIGN,6,6/17/2011 10:51,2.55,12408.0,Belgium
566271,23551,PACK OF 12 PAISLEY PARK TISSUES ,24,9/11/2011 13:44,0.39,14250.0,United Kingdom
550480,23204,CHARLOTTE BAG APPLES DESIGN,3,4/18/2011 14:05,0.85,13069.0,United Kingdom
545327,21890,S/6 WOODEN SKITTLES IN COTTON BAG,4,3/1/2011 15:16,2.95,13166.0,United Kingdom
563061,21703,BAG 125g SWIRLY MARBLES,12,8/11/2011 15:25,0.42,13588.0,United Kingdom
558182,23024,LARGE BONNE JAM JAR  T-LIGHT HOLDER,36,6/27/2011 12:11,2.49,17386.0,United Kingdom
574304,79321,CHILLI LIGHTS,1,11/3/2011 16:30,5.75,14428.0,United Kingdom
579143,23489,VINTAGE BELLS GARLAND,6,11/28/2011 13:08,2.89,13882.0,United Kingdom
559004,85099B,JUMBO BAG RED RETROSPOT,10,7/5/2011 12:23,2.08,12428.0,Finland
566256,20751,FUNKY WASHING UP GLOVES ASSORTED,12,9/11/2011 12:27,2.1,12680.0,France
C561596,23245,SET OF 3 REGENCY CAKE TINS,-3,7/28/2011 11:23,4.95,16558.0,United Kingdom
557057,23203,JUMBO BAG DOILEY PATTERNS,20,6/16/2011 14:46,2.08,16843.0,United Kingdom
563709,21801,CHRISTMAS TREE DECORATION WITH BELL,6,8/18/2011 15:17,0.42,15472.0,United Kingdom
537981,22536,MAGIC DRAWING SLATE PURDEY,400,12/9/2010 11:35,0.36,17857.0,United Kingdom
546986,85099C,JUMBO  BAG BAROQUE BLACK WHITE,10,3/18/2011 12:56,1.95,14194.0,United Kingdom
543300,20713,JUMBO BAG OWLS,10,2/7/2011 11:42,1.95,13334.0,United Kingdom
563430,21415,CLAM SHELL SMALL ,6,8/16/2011 11:50,2.1,14918.0,United Kingdom
567873,22758,LARGE PURPLE BABUSHKA NOTEBOOK  ,12,9/22/2011 14:25,1.25,13055.0,United Kingdom
539988,22565,FELTCRAFT HAIRBANDS PINK AND WHITE ,1,12/23/2010 16:06,0.85,18116.0,United Kingdom
563551,23347,I LOVE LONDON BEAKER,4,8/17/2011 13:04,1.25,17757.0,United Kingdom
580695,22195,LARGE HEART MEASURING SPOONS,2,12/5/2011 16:03,1.65,13230.0,United Kingdom
577331,85066,CREAM SWEETHEART MINI CHEST,2,11/18/2011 14:23,12.75,14667.0,United Kingdom
563950,23198,PANTRY MAGNETIC  SHOPPING LIST,12,8/22/2011 10:39,1.45,12471.0,Germany
551665,22301,COFFEE MUG CAT + BIRD DESIGN,12,5/3/2011 12:35,2.55,17442.0,United Kingdom
563614,22492,MINI PAINT SET VINTAGE ,576,8/18/2011 8:51,0.55,12415.0,Australia
560569,21741,COSY SLIPPER SHOES LARGE GREEN,6,7/19/2011 14:04,2.95,12480.0,Germany
547358,37330,BIG POLKADOT MUG,6,3/22/2011 12:25,0.39,15998.0,United Kingdom
C549288,22469,HEART OF WICKER SMALL,-1,4/7/2011 18:06,1.65,14527.0,United Kingdom
545289,21039,RED RETROSPOT SHOPPING BAG,6,3/1/2011 11:55,2.55,14732.0,United Kingdom
578088,23492,VINTAGE JINGLE BELLS WREATH,1,11/22/2011 16:47,8.25,16376.0,United Kingdom
555648,22617,BAKING SET SPACEBOY DESIGN,1,6/6/2011 13:46,4.95,14623.0,United Kingdom
576274,22442,GROW YOUR OWN FLOWERS SET OF 3,1,11/14/2011 14:24,7.95,17793.0,United Kingdom
548404,22366,DOORMAT AIRMAIL ,2,3/31/2011 9:38,7.95,16398.0,United Kingdom
545000,21527,RED RETROSPOT TRADITIONAL TEAPOT ,4,2/25/2011 12:37,7.95,15281.0,United Kingdom
542600,85202,HANGING WOOD AND FELT HEART,4,1/30/2011 11:11,0.42,16923.0,United Kingdom
564079,22385,JUMBO BAG SPACEBOY DESIGN,10,8/22/2011 15:55,2.08,12627.0,Germany
544790,22078,RIBBON REEL LACE DESIGN ,5,2/23/2011 12:27,2.1,16940.0,United Kingdom
553002,84596B,SMALL DOLLY MIX DESIGN ORANGE BOWL,3,5/12/2011 15:26,0.42,13263.0,United Kingdom
579623,21137,BLACK RECORD COVER FRAME,4,11/30/2011 12:15,3.75,16062.0,United Kingdom
573093,22550,HOLIDAY FUN LUDO,1,10/27/2011 14:38,3.75,18283.0,United Kingdom
579301,22141,CHRISTMAS CRAFT TREE TOP ANGEL,2,11/29/2011 11:32,2.1,18118.0,United Kingdom
542278,84692,BOX OF 24 COCKTAIL PARASOLS,25,1/27/2011 10:43,0.42,14911.0,EIRE
573374,84879,ASSORTED COLOUR BIRD ORNAMENT,24,10/30/2011 13:39,1.69,14755.0,United Kingdom
571895,21889,WOODEN BOX OF DOMINOES,24,10/19/2011 14:14,1.25,17824.0,United Kingdom
538167,22642,SET OF 4 NAPKIN CHARMS STARS   ,3,12/9/2010 18:58,2.55,14713.0,United Kingdom
573070,21181,PLEASE ONE PERSON METAL SIGN,2,10/27/2011 13:59,2.1,13263.0,United Kingdom
545227,21937,STRAWBERRY   PICNIC BAG,5,3/1/2011 9:35,2.95,12428.0,Finland
561912,21794,CLASSIC FRENCH STYLE BASKET NATURAL,2,8/1/2011 11:08,3.95,13184.0,United Kingdom
553686,47590B,PINK HAPPY BIRTHDAY BUNTING,6,5/18/2011 13:58,5.45,14911.0,EIRE
574737,23083,SET 6 PAPER TABLE LANTERN STARS ,12,11/6/2011 15:53,3.75,14868.0,United Kingdom
537370,22077,6 RIBBONS RUSTIC CHARM,12,12/6/2010 12:44,1.65,13155.0,United Kingdom
580358,23343,JUMBO BAG VINTAGE CHRISTMAS ,2,12/2/2011 16:07,2.08,17238.0,United Kingdom
572242,23566,EGG CUP MILKMAID HEIDI,12,10/21/2011 15:36,1.25,15677.0,United Kingdom
548176,21383,PACK OF 12 STICKY BUNNIES,10,3/29/2011 14:20,0.65,13439.0,United Kingdom
575874,22776,SWEETHEART 3 TIER CAKE STAND ,1,11/11/2011 12:56,9.95,17054.0,United Kingdom
569139,84212,"ASSORTED FLOWER COLOUR ""LEIS""",24,9/30/2011 14:55,0.65,16404.0,United Kingdom
547947,21932,SCANDINAVIAN PAISLEY PICNIC BAG,10,3/28/2011 15:03,2.95,15032.0,United Kingdom
579147,22577,WOODEN HEART CHRISTMAS SCANDINAVIAN,15,11/28/2011 13:20,0.29,13263.0,United Kingdom
540529,22386,JUMBO BAG PINK POLKADOT,20,1/9/2011 13:50,1.95,16748.0,United Kingdom
580434,22646,CERAMIC STRAWBERRY CAKE MONEY BANK,1,12/4/2011 12:17,0.39,17114.0,United Kingdom
577774,22260,FELT EGG COSY BLUE RABBIT ,2,11/21/2011 15:57,0.85,16712.0,United Kingdom
550526,22745,POPPY'S PLAYHOUSE BEDROOM ,6,4/19/2011 10:40,2.1,14309.0,United Kingdom
537246,20728,LUNCH BAG CARS BLUE,10,12/6/2010 10:27,1.65,12808.0,Portugal
553161,23065,LARGE DECO JEWELLERY STAND,4,5/13/2011 15:48,12.5,12681.0,France
537884,22041,"RECORD FRAME 7"" SINGLE SIZE ",12,12/9/2010 9:30,2.55,15694.0,United Kingdom
544398,35924,HANGING FAIRY CAKE DECORATION,3,2/18/2011 12:27,2.1,15311.0,United Kingdom
560278,23013,GLASS APOTHECARY BOTTLE TONIC,1,7/17/2011 15:45,3.95,13610.0,United Kingdom
567197,23268,SET OF 2 CERAMIC CHRISTMAS REINDEER,12,9/19/2011 10:10,1.45,14934.0,Channel Islands
566849,22579,WOODEN TREE CHRISTMAS SCANDINAVIAN,12,9/15/2011 12:03,0.85,16341.0,United Kingdom
563925,22411,JUMBO SHOPPER VINTAGE RED PAISLEY,1,8/21/2011 14:42,2.08,13610.0,United Kingdom
540248,22768,FAMILY PHOTO FRAME CORNICE,2,1/5/2011 15:57,9.95,15034.0,United Kingdom
552353,84970S,HANGING HEART ZINC T-LIGHT HOLDER,12,5/9/2011 12:14,0.85,17612.0,United Kingdom
560120,22937,BAKING MOULD CHOCOLATE CUPCAKES,6,7/15/2011 10:27,2.55,14907.0,United Kingdom
575943,20719,WOODLAND CHARLOTTE BAG,1,11/13/2011 11:44,0.85,17920.0,United Kingdom
580833,23345, DOLLY GIRL BEAKER,2,12/6/2011 11:41,1.25,16764.0,United Kingdom
551531,22423,REGENCY CAKESTAND 3 TIER,2,5/1/2011 13:45,12.75,15376.0,United Kingdom
580516,22601,CHRISTMAS RETROSPOT ANGEL WOOD,6,12/4/2011 14:15,0.85,17954.0,United Kingdom
548712,84510C,SET OF 4 POLKADOT COASTERS,1,4/3/2011 14:42,1.25,17050.0,United Kingdom
580727,21890,S/6 WOODEN SKITTLES IN COTTON BAG,1,12/5/2011 17:17,5.79,14096.0,United Kingdom
573153,23231,WRAP  VINTAGE DOILY ,75,10/28/2011 7:39,0.42,12678.0,France
538626,22630,DOLLY GIRL LUNCH BOX,4,12/13/2010 12:57,1.95,17338.0,United Kingdom
560989,23298,SPOTTY BUNTING,18,7/22/2011 13:20,4.95,15704.0,United Kingdom
562444,21136,PAINTED METAL PEARS ASSORTED,8,8/4/2011 18:44,1.69,14713.0,United Kingdom
538811,20728,LUNCH BAG CARS BLUE,20,12/14/2010 12:22,1.65,13178.0,United Kingdom
572913,22339,CHRISTMAS TREE PAINTED ZINC ,2,10/26/2011 16:21,0.19,15993.0,United Kingdom
567076,85071C,"CHARLIE+LOLA""EXTREMELY BUSY"" SIGN",24,9/16/2011 12:27,0.39,15505.0,United Kingdom
542272,22858,EASTER TIN KEEPSAKE,6,1/27/2011 9:42,1.65,16496.0,United Kingdom
564150,22423,REGENCY CAKESTAND 3 TIER,12,8/23/2011 12:30,12.75,14936.0,Channel Islands
560249,21721,CANDY SHOP  STICKER SHEET,22,7/17/2011 12:26,0.85,17571.0,United Kingdom
541509,22694,WICKER STAR ,1,1/18/2011 16:31,2.1,13263.0,United Kingdom
557132,23307,SET OF 60 PANTRY DESIGN CAKE CASES ,24,6/17/2011 8:57,0.55,13107.0,United Kingdom
574063,23264,SET OF 3 WOODEN SLEIGH DECORATIONS,1,11/2/2011 14:31,1.25,13271.0,United Kingdom
543625,22326,ROUND SNACK BOXES SET OF4 WOODLAND ,12,2/10/2011 15:38,2.95,12583.0,France
571032,21158,MOODY GIRL DOOR HANGER ,1,10/13/2011 12:38,0.39,13827.0,United Kingdom
554603,90041,PEARL AND CHERRY QUARTZ BRACLET,2,5/25/2011 11:14,3.5,14593.0,United Kingdom
564639,23355,HOT WATER BOTTLE KEEP CALM,1,8/26/2011 12:55,4.95,18036.0,United Kingdom
578942,20751,FUNKY WASHING UP GLOVES ASSORTED,1,11/27/2011 13:29,2.1,17288.0,United Kingdom
565732,23203,JUMBO BAG VINTAGE DOILY ,10,9/6/2011 12:10,2.08,17068.0,United Kingdom
567175,85123A,WHITE HANGING HEART T-LIGHT HOLDER,4,9/18/2011 13:38,2.95,13067.0,United Kingdom
571098,22621,TRADITIONAL KNITTING NANCY,1,10/13/2011 15:38,1.65,17841.0,United Kingdom
575952,20668,DISCO BALL CHRISTMAS DECORATION,5,11/13/2011 11:55,0.12,16015.0,United Kingdom
557278,84949,SILVER HANGING T-LIGHT HOLDER,12,6/19/2011 12:08,1.65,13089.0,United Kingdom
559811,22041,"RECORD FRAME 7"" SINGLE SIZE ",12,7/12/2011 15:22,2.55,13269.0,United Kingdom
564904,22564,ALPHABET STENCIL CRAFT,4,8/31/2011 12:11,1.25,15984.0,United Kingdom
575587,22638,SET OF 4 NAPKIN CHARMS CROWNS ,6,11/10/2011 12:01,2.55,17461.0,United Kingdom
549294,84596B,SMALL DOLLY MIX DESIGN ORANGE BOWL,3,4/7/2011 19:27,0.42,13230.0,United Kingdom
574063,72817,SET OF 2 CHRISTMAS DECOUPAGE CANDLE,4,11/2/2011 14:31,0.79,13271.0,United Kingdom
574269,22572,ROCKING HORSE GREEN CHRISTMAS ,12,11/3/2011 14:27,0.85,15570.0,United Kingdom
573289,23307,SET OF 60 PANTRY DESIGN CAKE CASES ,24,10/28/2011 14:44,0.55,12705.0,Germany
554372,23170,REGENCY TEA PLATE ROSES ,12,5/24/2011 10:50,1.65,13842.0,United Kingdom
562771,22131,FOOD CONTAINER SET 3 LOVE HEART ,12,8/9/2011 12:00,1.95,13113.0,United Kingdom
548558,22957,SET 3 PAPER VINTAGE CHICK PAPER EGG,6,4/1/2011 10:05,2.95,13626.0,United Kingdom
571241,22630,DOLLY GIRL LUNCH BOX,1,10/14/2011 14:58,1.95,14592.0,United Kingdom
563686,23206,LUNCH BAG APPLE DESIGN,40,8/18/2011 12:30,1.65,13098.0,United Kingdom
576860,23002,TRAVEL CARD WALLET SKULLS,24,11/16/2011 15:58,0.42,17602.0,United Kingdom
570796,23503,PLAYING CARDS KEEP CALM & CARRY ON,2,10/12/2011 12:19,1.25,16241.0,United Kingdom
570459,23333,IVORY WICKER HEART MEDIUM,12,10/10/2011 15:42,1.25,15801.0,United Kingdom
562604,20982,12 PENCILS TALL TUBE SKULLS,12,8/8/2011 10:51,0.85,17611.0,United Kingdom
567138,23243,SET OF TEA COFFEE SUGAR TINS PANTRY,4,9/16/2011 14:39,4.95,17652.0,United Kingdom
573269,22581,WOOD STOCKING CHRISTMAS SCANDISPOT,2,10/28/2011 13:00,0.85,16764.0,United Kingdom
557785,21634,ASSORTED MINI MADRAS NOTEBOOK,24,6/22/2011 15:50,0.39,14364.0,United Kingdom
565851,22620,4 TRADITIONAL SPINNING TOPS,12,9/7/2011 13:06,1.45,14911.0,EIRE
571913,23080,RED METAL BOX TOP SECRET,2,10/19/2011 15:29,8.25,18210.0,United Kingdom
547063,22805,BLUE DRAWER KNOB ACRYLIC EDWARDIAN,12,3/20/2011 13:33,1.25,14769.0,United Kingdom
545872,20684,STRAWBERRY DREAM CHILDS UMBRELLA,1,3/7/2011 14:51,3.25,15752.0,United Kingdom
552711,23298,SPOTTY BUNTING,3,5/11/2011 8:32,4.95,16143.0,United Kingdom
559121,84926D,LA PALMIERA TILE COASTER,24,7/6/2011 12:18,0.29,13599.0,United Kingdom
573151,22781,GUMBALL MAGAZINE RACK,1,10/27/2011 20:09,7.65,17602.0,United Kingdom
571062,85036A,GARDENIA 1 WICK MORRIS BOXED CANDLE,1,10/13/2011 14:37,1.25,16773.0,United Kingdom
561246,21679,SKULLS  STICKERS,24,7/26/2011 11:38,0.85,16951.0,United Kingdom
573904,21640,ASSORTED TUTTI FRUTTI  FOB NOTEBOOK,12,11/1/2011 14:54,0.85,14505.0,United Kingdom
547921,21080,SET/20 RED RETROSPOT PAPER NAPKINS ,12,3/28/2011 13:28,0.85,14766.0,United Kingdom
550639,22661,CHARLOTTE BAG DOLLY GIRL DESIGN,10,4/19/2011 15:46,0.85,14152.0,United Kingdom
539225,22549,PICTURE DOMINOES,12,12/16/2010 13:02,1.45,15379.0,United Kingdom
566364,21916,SET 12 RETRO WHITE CHALK STICKS,24,9/12/2011 12:32,0.42,15253.0,United Kingdom
557067,85123A,WHITE HANGING HEART T-LIGHT HOLDER,32,6/16/2011 15:12,2.55,13098.0,United Kingdom
555000,22969,HOMEMADE JAM SCENTED CANDLES,12,5/31/2011 8:03,1.45,18232.0,United Kingdom
564145,21934,SKULL SHOULDER BAG,10,8/23/2011 12:18,1.65,14329.0,United Kingdom
574726,23227,FILIGREE HEART BUTTERFLY WHITE ,6,11/6/2011 14:56,1.25,14664.0,United Kingdom
546622,85099B,JUMBO BAG RED RETROSPOT,2,3/15/2011 11:30,1.95,17954.0,United Kingdom
561095,21670,BLUE SPOT CERAMIC DRAWER KNOB,12,7/25/2011 10:19,1.25,17040.0,United Kingdom
579434,22577,WOODEN HEART CHRISTMAS SCANDINAVIAN,24,11/29/2011 13:17,0.29,16678.0,United Kingdom
570287,23434,3 RAFFIA RIBBONS 50'S CHRISTMAS ,10,10/10/2011 11:37,0.79,17425.0,United Kingdom
537692,21907,I'M ON HOLIDAY METAL SIGN,7,12/8/2010 10:40,2.1,14796.0,United Kingdom
566585,72351B,SET/6 PINK  BUTTERFLY T-LIGHTS,12,9/13/2011 14:06,2.1,16409.0,United Kingdom
566233,23297,SET 40 HEART SHAPE PETIT FOUR CASES,16,9/11/2011 11:04,1.65,12635.0,Germany
574676,23424,GINGHAM RECIPE BOOK BOX,1,11/6/2011 12:32,4.95,16243.0,United Kingdom
578040,84849D,HOT BATHS SOAP HOLDER,3,11/22/2011 14:21,1.69,13322.0,United Kingdom
551954,21136,PAINTED METAL PEARS ASSORTED,30,5/5/2011 12:13,1.69,14515.0,United Kingdom
560885,22161,HEART DECORATION RUSTIC HANGING ,24,7/21/2011 16:20,0.19,16188.0,United Kingdom
538521,21218,RED SPOTTY BISCUIT TIN,6,12/13/2010 9:02,3.75,14180.0,United Kingdom
575148,22637,PIGGY BANK RETROSPOT ,4,11/8/2011 15:48,2.55,13867.0,United Kingdom
577217,23328,SET 6 SCHOOL MILK BOTTLES IN CRATE,1,11/18/2011 11:53,3.75,17324.0,United Kingdom
539044,21481,FAWN BLUE HOT WATER BOTTLE,10,12/15/2010 15:47,2.95,15727.0,United Kingdom
539103,84879,ASSORTED COLOUR BIRD ORNAMENT,40,12/16/2010 10:38,1.69,16985.0,United Kingdom
562711,72807C,SET/3 VANILLA SCENTED CANDLE IN BOX,1,8/8/2011 14:53,4.25,16788.0,United Kingdom
559697,84828,JUNGLE POPSICLES ICE LOLLY MOULDS,1,7/11/2011 17:03,1.25,15577.0,United Kingdom
580296,23503,PLAYING CARDS KEEP CALM & CARRY ON,1,12/2/2011 13:49,1.25,13780.0,United Kingdom
554954,23091,METAL HERB GERDEN CONTAINER,3,5/27/2011 14:50,6.25,14227.0,United Kingdom
562725,22219,LOVEBIRD HANGING DECORATION WHITE ,12,8/9/2011 9:04,0.85,17302.0,United Kingdom
572075,20972,PINK CREAM FELT CRAFT TRINKET BOX ,12,10/20/2011 13:55,1.25,16846.0,United Kingdom
568895,82551,LAUNDRY 15C METAL SIGN,2,9/29/2011 13:11,1.45,15356.0,United Kingdom
571201,22751,FELTCRAFT PRINCESS OLIVIA DOLL,12,10/14/2011 12:28,3.39,14937.0,Channel Islands
575757,21992,VINTAGE PAISLEY STATIONERY SET,3,11/11/2011 10:49,1.25,17295.0,United Kingdom
536946,22738,RIBBON REEL SNOWY VILLAGE,20,12/3/2010 12:28,1.65,13013.0,United Kingdom
562128,21291,SMALL POLKADOT CHOCOLATE GIFT BAG ,16,8/3/2011 9:07,0.85,16150.0,United Kingdom
542777,16156S,WRAP PINK FAIRY CAKES ,25,2/1/2011 8:31,0.42,14911.0,EIRE
537224,21822,GLITTER CHRISTMAS TREE WITH BELLS,6,12/5/2010 16:24,1.95,13174.0,United Kingdom
551440,22385,JUMBO BAG SPACEBOY DESIGN,1,4/28/2011 15:29,2.08,15311.0,United Kingdom
542423,22417,PACK OF 60 SPACEBOY CAKE CASES,24,1/28/2011 9:09,0.55,15057.0,United Kingdom
577484,22910,PAPER CHAIN KIT VINTAGE CHRISTMAS,6,11/20/2011 11:52,2.95,13536.0,United Kingdom
567866,21931,JUMBO STORAGE BAG SUKI,2,9/22/2011 14:13,2.08,16669.0,United Kingdom
565672,21703,BAG 125g SWIRLY MARBLES,12,9/6/2011 9:34,0.42,17700.0,United Kingdom
557427,21917,SET 12 KIDS  WHITE CHALK STICKS,24,6/20/2011 12:14,0.42,12429.0,Denmark
559307,22728,ALARM CLOCK BAKELIKE PINK,2,7/7/2011 13:02,3.75,15356.0,United Kingdom
579267,22112,CHOCOLATE HOT WATER BOTTLE,6,11/29/2011 9:42,4.95,14961.0,United Kingdom
558778,21155,RED RETROSPOT PEG BAG,6,7/4/2011 10:27,2.55,17160.0,United Kingdom
545060,84360,TABLE LAMP WHITE SHADE WOOD BASE,1,2/27/2011 13:47,5.95,15547.0,United Kingdom
568794,23311,VINTAGE CHRISTMAS STOCKING ,6,9/29/2011 10:10,2.55,17447.0,United Kingdom
541987,22134,MINI LADLE LOVE HEART RED ,3,1/24/2011 16:05,0.42,14130.0,United Kingdom
565967,20675,BLUE POLKADOT BOWL,8,9/8/2011 11:27,1.25,14646.0,Netherlands
C571858,23149,ANTIQUE IVORY WIRE BOWL SMALL,-5,10/19/2011 13:38,2.49,14257.0,United Kingdom
569629,23541,WALL ART CLASSIC PUDDINGS ,2,10/5/2011 11:37,8.25,15249.0,United Kingdom
C538705,22423,REGENCY CAKESTAND 3 TIER,-16,12/14/2010 10:33,10.95,15093.0,United Kingdom
557299,85053,FRENCH ENAMEL CANDLEHOLDER,6,6/19/2011 13:56,2.1,13047.0,United Kingdom
C569985,22624,IVORY KITCHEN SCALES,-2,10/6/2011 19:51,8.5,15365.0,United Kingdom
548400,48184,DOORMAT ENGLISH ROSE ,2,3/30/2011 17:33,7.95,17400.0,United Kingdom
552445,22322,BIRD DECORATION GREEN POLKADOT,12,5/9/2011 13:27,0.85,16839.0,United Kingdom
563565,20676,RED RETROSPOT BOWL,4,8/17/2011 14:22,1.25,17338.0,United Kingdom
568170,22311,OFFICE MUG WARMER BLACK+SILVER ,1,9/25/2011 13:08,2.95,16931.0,United Kingdom
545545,21213,PACK OF 72 SKULL CAKE CASES,1,3/3/2011 15:02,0.55,17841.0,United Kingdom
566061,22726,ALARM CLOCK BAKELIKE GREEN,8,9/8/2011 15:36,3.75,13267.0,United Kingdom
542911,21122,SET/10 PINK POLKADOT PARTY CANDLES,24,2/1/2011 15:41,1.25,12676.0,Sweden
558572,21928,JUMBO BAG SCANDINAVIAN BLUE PAISLEY,20,6/30/2011 14:47,2.08,14282.0,United Kingdom
574744,23110,PARISIENNE KEY CABINET ,2,11/7/2011 7:38,5.75,16612.0,United Kingdom
577602,35970,ZINC FOLKART SLEIGH BELLS,12,11/21/2011 8:37,1.69,16139.0,United Kingdom
564554,22993,SET OF 4 PANTRY JELLY MOULDS,4,8/25/2011 19:39,1.25,17189.0,United Kingdom
569360,22730,ALARM CLOCK BAKELIKE IVORY,1,10/3/2011 14:59,3.75,14653.0,United Kingdom
565207,22470,HEART OF WICKER LARGE,6,9/1/2011 16:46,2.95,16764.0,United Kingdom
538567,22348,TEA BAG PLATE RED RETROSPOT,24,12/13/2010 11:23,0.85,13999.0,United Kingdom
552820,23231,WRAP DOILEY DESIGN,25,5/11/2011 12:53,0.42,16644.0,United Kingdom
540397,22087,PAPER BUNTING WHITE LACE,3,1/6/2011 18:57,2.95,13187.0,United Kingdom
580153,22115,METAL SIGN EMPIRE TEA,12,12/2/2011 10:23,0.79,12762.0,Portugal
580878,23547,WRAP FLOWER SHOP  ,25,12/6/2011 12:18,0.42,14113.0,United Kingdom
566562,22620,4 TRADITIONAL SPINNING TOPS,12,9/13/2011 12:18,1.45,17365.0,United Kingdom
570721,72818,CHRISTMAS DECOUPAGE CANDLE,36,10/12/2011 10:51,0.39,13842.0,United Kingdom
538201,22082,RIBBON REEL STRIPES DESIGN ,5,12/10/2010 11:12,1.65,15723.0,United Kingdom
574671,84029E,RED WOOLLY HOTTIE WHITE HEART.,1,11/6/2011 12:23,4.25,16744.0,United Kingdom
576447,21216,"SET 3 RETROSPOT TEA,COFFEE,SUGAR",4,11/15/2011 11:30,4.95,13949.0,United Kingdom
553979,22041,"RECORD FRAME 7"" SINGLE SIZE ",12,5/20/2011 11:07,2.55,15694.0,United Kingdom
571274,23214,JINGLE BELL HEART ANTIQUE GOLD,12,10/16/2011 12:25,2.08,16934.0,United Kingdom
539483,22730,ALARM CLOCK BAKELIKE IVORY,3,12/19/2010 15:31,3.75,17218.0,United Kingdom
574733,23198,PANTRY MAGNETIC  SHOPPING LIST,12,11/6/2011 15:17,1.45,17082.0,United Kingdom
537828,22389,PAPERWEIGHT SAVE THE PLANET,6,12/8/2010 14:43,2.55,15680.0,United Kingdom
C561018,23165,LARGE CERAMIC TOP STORAGE JAR,-1,7/22/2011 16:50,1.65,14916.0,United Kingdom
561220,48194,DOORMAT HEARTS,4,7/26/2011 9:20,7.95,17734.0,United Kingdom
577745,23503,PLAYING CARDS KEEP CALM & CARRY ON,24,11/21/2011 14:06,1.25,18139.0,United Kingdom
548511,22441,GROW YOUR OWN BASIL IN ENAMEL MUG,5,3/31/2011 15:43,2.1,14056.0,United Kingdom
553197,23002,TRAVEL CARD WALLET SKULLS,1,5/15/2011 14:32,0.42,17263.0,United Kingdom
546096,22219,LOVEBIRD HANGING DECORATION WHITE ,24,3/9/2011 11:59,0.85,15502.0,United Kingdom
559555,21179,NO JUNK MAIL METAL SIGN,24,7/11/2011 10:14,0.39,13678.0,United Kingdom
577490,21811,HANGING HEART WITH BELL,1,11/20/2011 12:11,0.39,16464.0,United Kingdom
574678,21915,RED  HARMONICA IN BOX ,12,11/6/2011 12:36,1.25,13365.0,United Kingdom
564147,21790,VINTAGE SNAP CARDS,12,8/23/2011 12:21,0.85,14004.0,United Kingdom
571441,22737,RIBBON REEL CHRISTMAS PRESENT ,2,10/17/2011 13:31,3.29,14096.0,United Kingdom
571243,20961,STRAWBERRY BATH SPONGE ,10,10/14/2011 15:26,1.25,14595.0,United Kingdom
538174,21731,RED TOADSTOOL LED NIGHT LIGHT,48,12/10/2010 9:35,1.65,12471.0,Germany
579161,22356,CHARLOTTE BAG PINK POLKADOT,1,11/28/2011 13:56,0.85,17379.0,United Kingdom
572767,21539,RED RETROSPOT BUTTER DISH,3,10/26/2011 10:11,4.95,17865.0,United Kingdom
560555,21162,TOXIC AREA  DOOR HANGER ,2,7/19/2011 13:01,0.39,14178.0,United Kingdom
580880,20705,MRS ROBOT SOFT TOY,8,12/6/2011 12:19,1.95,14121.0,United Kingdom
547106,22216,T-LIGHT HOLDER WHITE LACE,2,3/21/2011 11:24,0.85,15039.0,United Kingdom
552239,22615,PACK OF 12 CIRCUS PARADE TISSUES ,6,5/6/2011 16:54,0.29,14056.0,United Kingdom
545349,21947,SET OF 6 HEART CHOPSTICKS,3,3/2/2011 11:07,1.25,18118.0,United Kingdom
541849,84988,SET OF 72 PINK HEART PAPER DOILIES,1,1/23/2011 13:34,1.45,13230.0,United Kingdom
551085,20983,12 PENCILS TALL TUBE RED RETROSPOT,12,4/26/2011 12:29,0.85,14854.0,United Kingdom
545067,85049D,BRIGHT BLUES RIBBONS ,1,2/27/2011 14:49,1.25,17894.0,United Kingdom
539391,22423,REGENCY CAKESTAND 3 TIER,4,12/17/2010 11:51,12.75,12417.0,Belgium
576228,84347,ROTATING SILVER ANGELS T-LIGHT HLDR,2,11/14/2011 13:12,2.55,15033.0,United Kingdom
580757,23301,GARDENERS KNEELING PAD KEEP CALM ,12,12/6/2011 10:27,1.65,13709.0,United Kingdom
552822,22622,BOX OF VINTAGE ALPHABET BLOCKS,2,5/11/2011 12:59,11.95,15521.0,United Kingdom
564150,84836,ZINC METAL HEART DECORATION,12,8/23/2011 12:30,1.25,14936.0,Channel Islands
564256,84596B,SMALL DOLLY MIX DESIGN ORANGE BOWL,8,8/24/2011 10:45,0.42,14796.0,United Kingdom
555340,22427,ENAMEL FLOWER JUG CREAM,1,6/2/2011 11:33,5.95,13334.0,United Kingdom
550651,37370,RETRO COFFEE MUGS ASSORTED,1,4/19/2011 16:52,1.25,15436.0,United Kingdom
564359,23238,SET OF 4 KNICK KNACK TINS LONDON ,5,8/24/2011 16:02,4.15,14056.0,United Kingdom
576326,46118,FUNKY MONKEY CUSHION COVER,2,11/14/2011 15:18,0.85,16504.0,United Kingdom
559544,23268,SET OF 2 CERAMIC CHRISTMAS REINDEER,1,7/10/2011 13:52,1.45,17126.0,United Kingdom
581405,23122,PARTY CHARMS 50 PIECES,1,12/8/2011 13:50,0.83,13521.0,United Kingdom
555931,84415B,BLUE FLOCK CUSHION COVER ,4,6/8/2011 8:31,1.25,17828.0,Malta
542899,22617,BAKING SET SPACEBOY DESIGN,1,2/1/2011 14:12,4.95,17376.0,United Kingdom
571035,22423,REGENCY CAKESTAND 3 TIER,2,10/13/2011 12:50,12.75,12446.0,RSA
567656,22195,LARGE HEART MEASURING SPOONS,1,9/21/2011 14:40,3.29,14096.0,United Kingdom
556474,21929,JUMBO BAG PINK VINTAGE PAISLEY,1,6/12/2011 12:01,2.08,16007.0,United Kingdom
574328,15056P,EDWARDIAN PARASOL PINK,3,11/4/2011 9:05,5.95,13081.0,United Kingdom
562584,21621,VINTAGE UNION JACK BUNTING,4,8/7/2011 14:16,8.5,13752.0,United Kingdom
543736,23230,WRAP ALPHABET DESIGN,25,2/11/2011 12:36,0.42,15044.0,United Kingdom
562419,20754,RETROSPOT RED WASHING UP GLOVES,5,8/4/2011 16:36,2.1,14667.0,United Kingdom
553421,85176,SEWING SUSAN 21 NEEDLE SET,24,5/17/2011 10:23,0.85,16139.0,United Kingdom
550316,21974,SET OF 36 PAISLEY FLOWER DOILIES,12,4/17/2011 11:45,1.45,16193.0,United Kingdom
576770,22470,HEART OF WICKER LARGE,12,11/16/2011 13:16,2.95,13926.0,United Kingdom
557350,22558,CLOTHES PEGS RETROSPOT PACK 24 ,12,6/20/2011 10:41,1.65,16670.0,United Kingdom
555124,21172,PARTY METAL SIGN ,3,5/31/2011 15:26,1.45,18204.0,United Kingdom
540013,21531,RED RETROSPOT SUGAR JAM BOWL,2,1/4/2011 11:30,2.55,16255.0,United Kingdom
557886,22606,WOODEN SKITTLES GARDEN SET,1,6/23/2011 13:39,15.95,17799.0,United Kingdom
578517,23564,EGG CUP MILKMAID INGRID,12,11/24/2011 13:53,1.25,16523.0,United Kingdom
542258,22165,"DIAMANTE HEART SHAPED WALL MIRROR, ",1,1/26/2011 17:08,12.75,17372.0,United Kingdom
569768,22197,POPCORN HOLDER,100,10/6/2011 11:27,0.72,13078.0,United Kingdom
544685,22383,LUNCH BAG SUKI  DESIGN ,10,2/22/2011 17:13,1.65,13285.0,United Kingdom
557761,21577,SAVE THE PLANET COTTON TOTE BAG,6,6/22/2011 13:59,2.25,14214.0,United Kingdom
555249,22178,VICTORIAN GLASS HANGING T-LIGHT,6,6/1/2011 14:57,1.25,17472.0,United Kingdom
563926,84077,WORLD WAR 2 GLIDERS ASSTD DESIGNS,48,8/21/2011 14:42,0.29,12553.0,France
566281,22508,DOORSTOP RETROSPOT HEART,2,9/11/2011 14:15,3.75,12748.0,United Kingdom
552257,22896,PEG BAG APPLES DESIGN,5,5/8/2011 11:08,2.55,16923.0,United Kingdom
558293,22829,SWEETHEART WIRE WALL TIDY,2,6/28/2011 10:31,9.95,13656.0,United Kingdom
C559030,22645,CERAMIC HEART FAIRY CAKE MONEY BANK,-2,7/5/2011 14:51,1.45,16571.0,United Kingdom
572766,22677,FRENCH BLUE METAL DOOR SIGN 2,70,10/26/2011 10:03,1.25,16013.0,United Kingdom
578703,22563,HAPPY STENCIL CRAFT,4,11/25/2011 11:02,1.25,17385.0,United Kingdom
571318,21211,SET OF 72 SKULL PAPER  DOILIES,192,10/17/2011 10:50,1.45,17404.0,Sweden
573365,22624,IVORY KITCHEN SCALES,2,10/30/2011 13:13,8.5,12584.0,Italy
576079,22592,CARDHOLDER HOLLY WREATH METAL,1,11/13/2011 16:24,3.75,16877.0,United Kingdom
572762,23352,ROLL WRAP 50'S RED CHRISTMAS ,12,10/26/2011 9:50,1.25,15240.0,United Kingdom
571243,22553,PLASTERS IN TIN SKULLS,12,10/14/2011 15:26,1.65,14595.0,United Kingdom
568152,22557,PLASTERS IN TIN VINTAGE PAISLEY ,3,9/25/2011 11:40,1.65,16480.0,United Kingdom
540566,22522,CHILDS GARDEN FORK BLUE ,2,1/10/2011 10:58,0.85,17811.0,United Kingdom
566786,22355,CHARLOTTE BAG SUKI DESIGN,10,9/15/2011 10:29,0.85,13518.0,United Kingdom
564342,22131,FOOD CONTAINER SET 3 LOVE HEART ,1,8/24/2011 14:53,1.95,16340.0,United Kingdom
562587,15036,ASSORTED COLOURS SILK FAN,12,8/7/2011 14:34,0.83,15640.0,United Kingdom
537126,21245,GREEN POLKADOT PLATE ,1,12/5/2010 12:13,1.69,18118.0,United Kingdom
565473,82494L,WOODEN FRAME ANTIQUE WHITE ,6,9/5/2011 10:27,2.95,16717.0,United Kingdom
555195,21670,BLUE SPOT CERAMIC DRAWER KNOB,24,6/1/2011 11:27,1.25,15240.0,United Kingdom
554103,22556,PLASTERS IN TIN CIRCUS PARADE ,2,5/22/2011 13:51,1.65,15555.0,United Kingdom
567339,22561,WOODEN SCHOOL COLOURING SET,12,9/19/2011 15:01,1.65,14146.0,United Kingdom
541847,22284,HEN HOUSE DECORATION,12,1/23/2011 13:25,1.65,15443.0,United Kingdom
543597,21272,SALLE DE BAIN HOOK,12,2/10/2011 12:32,1.25,12857.0,United Kingdom
557636,84968A,SET OF 16 VINTAGE ROSE CUTLERY,1,6/21/2011 15:41,12.75,17841.0,United Kingdom
578707,23350,ROLL WRAP VINTAGE SPOT ,4,11/25/2011 11:20,1.25,17870.0,United Kingdom
572280,23337,EGG FRYING PAN MINT ,1,10/23/2011 11:05,2.08,16007.0,United Kingdom
566747,22774,RED DRAWER KNOB ACRYLIC EDWARDIAN,12,9/14/2011 15:33,1.25,16928.0,United Kingdom
571188,22623,BOX OF VINTAGE JIGSAW BLOCKS ,3,10/14/2011 11:42,5.95,12783.0,Portugal
557595,23000,TRAVEL CARD WALLET TRANSPORT,6,6/21/2011 11:19,0.42,15507.0,United Kingdom
579098,21724,PANDA AND BUNNIES STICKER SHEET,1,11/28/2011 11:18,0.85,14606.0,United Kingdom
568900,20728,LUNCH BAG CARS BLUE,10,9/29/2011 13:21,1.65,13647.0,United Kingdom
554016,21871,SAVE THE PLANET MUG,6,5/20/2011 13:14,1.25,13243.0,United Kingdom
550782,71053,WHITE METAL LANTERN,60,4/20/2011 13:55,3.39,18246.0,United Kingdom
578829,23498,CLASSIC BICYCLE CLIPS ,6,11/25/2011 14:53,1.45,14710.0,United Kingdom
559354,20717,STRAWBERRY SHOPPER BAG,10,7/7/2011 18:02,1.25,16012.0,United Kingdom
539079,22113,GREY HEART HOT WATER BOTTLE,8,12/16/2010 8:39,3.75,17496.0,United Kingdom
578685,21155,RED RETROSPOT PEG BAG,12,11/25/2011 9:07,2.55,16779.0,United Kingdom
581021,22393,PAPERWEIGHT VINTAGE COLLAGE,12,12/7/2011 10:24,0.39,14769.0,United Kingdom
544900,21467,CHERRY CROCHET FOOD COVER,6,2/24/2011 12:41,3.75,15121.0,United Kingdom
544887,22964,3 PIECE SPACEBOY COOKIE CUTTER SET,3,2/24/2011 11:54,2.1,17364.0,United Kingdom
538374,20727,LUNCH BAG  BLACK SKULL.,2,12/12/2010 11:17,1.65,14159.0,United Kingdom
563909,47566,PARTY BUNTING,2,8/21/2011 12:36,4.95,15701.0,United Kingdom
571475,23213,STAR WREATH DECORATION WITH BELL,1,10/17/2011 14:42,1.25,15033.0,United Kingdom
557021,23251,VINTAGE RED ENAMEL TRIM MUG ,24,6/16/2011 12:55,1.25,17642.0,United Kingdom
566564,22994,TRAVEL CARD WALLET RETROSPOT,6,9/13/2011 12:26,0.42,15522.0,United Kingdom
542192,21830,ASSORTED CREEPY CRAWLIES,24,1/26/2011 11:27,0.42,14049.0,United Kingdom
548533,22358,KINGS CHOICE TEA CADDY ,6,3/31/2011 17:17,2.95,13883.0,United Kingdom
557406,22488,NATURAL SLATE RECTANGLE CHALKBOARD,48,6/20/2011 11:30,1.45,15747.0,United Kingdom
C556647,22456,NATURAL SLATE CHALKBOARD LARGE ,-3,6/13/2011 16:14,4.95,13012.0,United Kingdom
578849,23498,CLASSIC BICYCLE CLIPS ,1,11/27/2011 10:39,1.45,13232.0,United Kingdom
555406,48138,DOORMAT UNION FLAG,2,6/2/2011 19:50,7.95,17231.0,United Kingdom
542345,21199,PINK  HEART CONFETTI IN TUBE,2,1/27/2011 11:55,1.65,15910.0,United Kingdom
548455,21026,SPACE OWL,10,3/31/2011 11:49,1.25,14790.0,United Kingdom
570422,22492,MINI PAINT SET VINTAGE ,36,10/10/2011 13:37,0.65,14132.0,United Kingdom
547563,22616,PACK OF 12 LONDON TISSUES ,24,3/24/2011 8:56,0.29,15651.0,United Kingdom
544040,22666,RECIPE BOX PANTRY YELLOW DESIGN,1,2/15/2011 11:40,2.95,14701.0,United Kingdom
561614,22625,RED KITCHEN SCALES,2,7/28/2011 12:50,8.5,13871.0,United Kingdom
544691,22930,BAKING MOULD HEART MILK CHOCOLATE,6,2/23/2011 9:09,2.55,13804.0,United Kingdom
544157,POST,POSTAGE,2,2/16/2011 12:46,18.0,12372.0,Denmark
562575,21577,SAVE THE PLANET COTTON TOTE BAG,6,8/7/2011 12:54,2.25,15411.0,United Kingdom
551163,47566,PARTY BUNTING,2,4/26/2011 15:52,4.95,12573.0,France
571046,22627,MINT KITCHEN SCALES,1,10/13/2011 13:35,8.5,18096.0,United Kingdom
559662,22652,TRAVEL SEWING KIT,10,7/11/2011 13:32,1.65,16572.0,United Kingdom
561615,22625,RED KITCHEN SCALES,2,7/28/2011 12:57,8.5,13319.0,United Kingdom
567868,23396,LA JARDIN BOTANIQUE CUSHION COVER,4,9/22/2011 14:18,3.75,17603.0,United Kingdom
569363,22178,VICTORIAN GLASS HANGING T-LIGHT,12,10/3/2011 15:08,1.95,13297.0,United Kingdom
569020,23254,CHILDRENS CUTLERY DOLLY GIRL ,8,9/30/2011 9:39,4.15,15321.0,United Kingdom
544659,22980,PANTRY SCRUBBING BRUSH,4,2/22/2011 13:20,1.65,18114.0,United Kingdom
580999,22059,CERAMIC STRAWBERRY DESIGN MUG,2,12/6/2011 17:49,0.39,17883.0,United Kingdom
577490,21810,CHRISTMAS HANGING STAR WITH BELL,12,11/20/2011 12:11,0.39,16464.0,United Kingdom
566408,23014,GLASS APOTHECARY BOTTLE ELIXIR,2,9/12/2011 13:43,3.95,16984.0,United Kingdom
544898,22993,SET OF 4 PANTRY JELLY MOULDS,12,2/24/2011 12:27,1.25,14880.0,United Kingdom
575668,23201,JUMBO BAG ALPHABET,1,11/10/2011 14:59,2.08,18283.0,United Kingdom
562844,22627,MINT KITCHEN SCALES,2,8/10/2011 8:41,8.5,12444.0,Norway
542719,21355,TOAST ITS - I LOVE YOU ,1,1/31/2011 14:18,1.25,17619.0,United Kingdom
C560409,82494L,WOODEN FRAME ANTIQUE WHITE ,-6,7/18/2011 14:24,2.95,16717.0,United Kingdom
570016,23367,SET 12 COLOUR PENCILS SPACEBOY ,16,10/7/2011 10:06,0.65,14911.0,EIRE
561917,22948,METAL DECORATION NAUGHTY CHILDREN ,3,8/1/2011 11:57,0.85,16904.0,United Kingdom
536874,22669,RED BABY BUNTING ,4,12/3/2010 11:35,2.95,16891.0,United Kingdom
552179,21166,COOK WITH WINE METAL SIGN ,3,5/6/2011 13:31,2.08,16919.0,United Kingdom
557976,22890,NOVELTY BISCUITS CAKE STAND 3 TIER,1,6/24/2011 10:33,9.95,18118.0,United Kingdom
537393,82483,WOOD 2 DRAWER CABINET WHITE FINISH,16,12/6/2010 13:59,4.95,13089.0,United Kingdom
562980,22663,JUMBO BAG DOLLY GIRL DESIGN,10,8/11/2011 11:44,2.08,17686.0,United Kingdom
570229,22386,JUMBO BAG PINK POLKADOT,1,10/9/2011 13:30,2.08,15756.0,United Kingdom
C543050,22242,5 HOOK HANGER MAGIC TOADSTOOL,-24,2/3/2011 10:14,1.65,12625.0,Germany
566735,22220,CAKE STAND LOVEBIRD 2 TIER WHITE,1,9/14/2011 14:19,9.95,15707.0,United Kingdom
550632,84192,ASSORTED COLOUR METAL CAT ,1,4/19/2011 14:56,1.25,16907.0,United Kingdom
537781,22168,ORGANISER WOOD ANTIQUE WHITE ,1,12/8/2010 12:46,8.5,17341.0,United Kingdom
537393,22666,RECIPE BOX PANTRY YELLOW DESIGN,24,12/6/2010 13:59,2.55,13089.0,United Kingdom
569145,23119,PACK OF 6 LARGE FRUIT STRAWS ,12,9/30/2011 15:17,0.62,18008.0,United Kingdom
566747,22775,PURPLE DRAWERKNOB ACRYLIC EDWARDIAN,36,9/14/2011 15:33,1.25,16928.0,United Kingdom
548363,21398,RED POLKADOT COFFEE  MUG,48,3/30/2011 15:48,0.39,12428.0,Finland
552823,22147,FELTCRAFT BUTTERFLY HEARTS,4,5/11/2011 13:06,1.45,14731.0,United Kingdom
538268,22926,IVORY GIANT GARDEN THERMOMETER,2,12/10/2010 12:45,5.95,18065.0,United Kingdom
576848,23292,SPACEBOY CHILDRENS CUP,4,11/16/2011 15:38,1.25,15051.0,United Kingdom
548014,20749,ASSORTED COLOUR MINI CASES,2,3/29/2011 11:29,7.95,17719.0,United Kingdom
550305,22651,GENTLEMAN SHIRT REPAIR KIT ,12,4/17/2011 10:27,0.85,17920.0,United Kingdom
539050,21982,PACK OF 12 SUKI TISSUES ,2,12/15/2010 16:21,0.29,12577.0,France
581454,23552,BICYCLE PUNCTURE REPAIR KIT ,6,12/8/2011 18:22,2.08,15156.0,United Kingdom
578664,23597,PAPER BUNTING PAISLEY PARK,4,11/24/2011 16:59,2.95,15910.0,United Kingdom
567890,82600,NO SINGING METAL SIGN,12,9/22/2011 15:40,2.1,14125.0,United Kingdom
539609,22834,HAND WARMER BABUSHKA DESIGN,24,12/20/2010 14:15,0.85,15527.0,United Kingdom
575214,23352,ROLL WRAP 50'S RED CHRISTMAS ,12,11/9/2011 10:48,1.25,16751.0,United Kingdom
568206,23232,WRAP VINTAGE LEAF DESIGN,50,9/25/2011 15:32,0.42,14806.0,United Kingdom
551057,22302,COFFEE MUG PEARS  DESIGN,6,4/26/2011 11:59,2.55,16942.0,United Kingdom
553505,82486,WOOD S/3 CABINET ANT WHITE FINISH,2,5/17/2011 13:27,8.95,12949.0,United Kingdom
554278,85123A,WHITE HANGING HEART T-LIGHT HOLDER,6,5/23/2011 13:25,2.95,13831.0,United Kingdom
570726,84836,ZINC METAL HEART DECORATION,12,10/12/2011 11:32,1.25,16607.0,United Kingdom
557019,22607,WOODEN ROUNDERS GARDEN SET ,1,6/16/2011 12:45,9.95,15907.0,United Kingdom
565792,22596,CHRISTMAS STAR WISH LIST CHALKBOARD,12,9/7/2011 9:37,1.25,14397.0,United Kingdom
538209,22617,BAKING SET SPACEBOY DESIGN,2,12/10/2010 11:42,4.95,12748.0,United Kingdom
570446,22326,ROUND SNACK BOXES SET OF4 WOODLAND ,12,10/10/2011 14:49,2.95,12431.0,Belgium
562368,84755,COLOUR GLASS T-LIGHT HOLDER HANGING,24,8/4/2011 14:06,0.65,16570.0,United Kingdom
554650,20749,ASSORTED COLOUR MINI CASES,2,5/25/2011 12:54,7.95,12681.0,France
552315,21949,SET OF 6 STRAWBERRY CHOPSTICKS,12,5/8/2011 16:10,1.25,12700.0,France
542214,20975,12 PENCILS SMALL TUBE RED RETROSPOT,24,1/26/2011 12:19,0.65,17118.0,United Kingdom
577601,22757,LARGE RED BABUSHKA NOTEBOOK ,12,11/21/2011 8:31,1.25,17675.0,United Kingdom
579161,21034,REX CASH+CARRY JUMBO SHOPPER,5,11/28/2011 13:56,0.95,17379.0,United Kingdom
549964,22133,PINK LOVE HEART SHAPE CUP,12,4/13/2011 14:12,0.85,13122.0,United Kingdom
543094,21385,IVORY HANGING DECORATION  HEART,24,2/3/2011 11:28,0.85,16030.0,United Kingdom
560209,21278,VINTAGE KITCHEN PRINT PUDDINGS,1,7/15/2011 14:05,2.55,15004.0,United Kingdom
548033,21907,I'M ON HOLIDAY METAL SIGN,12,3/29/2011 12:01,2.1,14441.0,United Kingdom
567612,23263,SET OF 3 WOODEN HEART DECORATIONS,12,9/21/2011 11:48,1.25,17164.0,United Kingdom
571698,84536B,FAIRY CAKES NOTEBOOK A7 SIZE,272,10/18/2011 14:50,0.32,13805.0,United Kingdom
C543772,22355,CHARLOTTE BAG SUKI DESIGN,-1,2/11/2011 15:43,0.85,13534.0,United Kingdom
578995,22384,LUNCH BAG PINK POLKADOT,6,11/27/2011 15:59,1.65,15861.0,United Kingdom
546090,22189,CREAM HEART CARD HOLDER,36,3/9/2011 11:48,3.39,16525.0,United Kingdom
549789,20727,LUNCH BAG  BLACK SKULL.,10,4/12/2011 12:00,1.65,17160.0,United Kingdom
569523,21481,FAWN BLUE HOT WATER BOTTLE,1,10/4/2011 14:41,3.75,16033.0,United Kingdom
554019,82583,HOT BATHS METAL SIGN,24,5/20/2011 13:16,2.1,17591.0,United Kingdom
567634,20712,JUMBO BAG WOODLAND ANIMALS,100,9/21/2011 13:35,1.79,12939.0,United Kingdom
561020,21531,RED RETROSPOT SUGAR JAM BOWL,1,7/22/2011 17:21,2.55,13563.0,United Kingdom
576924,22693,GROW A FLYTRAP OR SUNFLOWER IN TIN,24,11/17/2011 10:53,1.25,17419.0,United Kingdom
564536,22467,GUMBALL COAT RACK,1,8/25/2011 15:12,2.55,13159.0,United Kingdom
540014,21035,SET/2 RED RETROSPOT TEA TOWELS ,1,1/4/2011 11:34,2.95,14606.0,United Kingdom
574716,72807B,SET/3 OCEAN SCENT CANDLE JEWEL BOX,2,11/6/2011 14:33,4.25,14502.0,United Kingdom
557571,22548,HEADS AND TAILS SPORTING FUN,144,6/21/2011 10:53,0.85,12830.0,United Kingdom
577079,23084,RABBIT NIGHT LIGHT,48,11/17/2011 15:22,1.79,14416.0,United Kingdom
558875,85048,15CM CHRISTMAS GLASS BALL 20 LIGHTS,1,7/4/2011 13:35,7.95,13301.0,United Kingdom
574328,21484,CHICK GREY HOT WATER BOTTLE,12,11/4/2011 9:05,4.25,13081.0,United Kingdom
571243,22557,PLASTERS IN TIN VINTAGE PAISLEY ,12,10/14/2011 15:26,1.65,14595.0,United Kingdom
545700,84991,60 TEATIME FAIRY CAKE CASES,4,3/6/2011 14:57,0.55,17811.0,United Kingdom
547367,23184,BULL DOG BOTTLE OPENER,1,3/22/2011 13:11,4.95,15437.0,United Kingdom
540353,84997B,RED 3 PIECE RETROSPOT CUTLERY SET,1,1/6/2011 14:53,3.75,13764.0,United Kingdom
557129,84050,PINK HEART SHAPE EGG FRYING PAN,1,6/16/2011 19:59,1.65,17841.0,United Kingdom
569983,85049G,CHOCOLATE BOX RIBBONS ,3,10/6/2011 19:49,1.25,17231.0,United Kingdom
578809,20718,RED RETROSPOT SHOPPER BAG,6,11/25/2011 13:23,1.25,13048.0,United Kingdom
542780,22804,CANDLEHOLDER PINK HANGING HEART,6,2/1/2011 9:38,2.95,17675.0,United Kingdom
580277,23084,RABBIT NIGHT LIGHT,24,12/2/2011 13:02,1.79,16474.0,United Kingdom
562388,22720,SET OF 3 CAKE TINS PANTRY DESIGN ,1,8/4/2011 15:52,4.95,18099.0,United Kingdom
576589,23318,BOX OF 6 MINI VINTAGE CRACKERS,6,11/15/2011 14:29,2.49,17659.0,United Kingdom
570721,22592,CARDHOLDER HOLLY WREATH METAL,4,10/12/2011 10:51,3.75,13842.0,United Kingdom
576657,23499,SET 12 VINTAGE DOILY CHALK ,24,11/16/2011 11:03,0.42,12720.0,Germany
577023,20973,12 PENCIL SMALL TUBE WOODLAND,24,11/17/2011 12:43,0.65,16186.0,United Kingdom
547358,21244,BLUE POLKADOT PLATE ,1,3/22/2011 12:25,1.69,15998.0,United Kingdom
548405,22788,BROCANTE COAT RACK,2,3/31/2011 9:48,9.95,17088.0,United Kingdom
547194,21232,STRAWBERRY CERAMIC TRINKET BOX,4,3/21/2011 12:42,1.25,12637.0,France
573744,21704,BAG 250g SWIRLY MARBLES,12,11/1/2011 8:16,0.85,17733.0,United Kingdom
552669,23155,KNICKERBOCKERGLORY MAGNET ASSORTED ,6,5/10/2011 15:05,0.83,16710.0,United Kingdom
544837,22029,SPACEBOY BIRTHDAY CARD,12,2/24/2011 10:29,0.42,15910.0,United Kingdom
543006,22900, SET 2 TEA TOWELS I LOVE LONDON ,6,2/2/2011 12:53,2.95,17975.0,United Kingdom
544301,84849B,FAIRY SOAP SOAP HOLDER,1,2/17/2011 12:59,1.69,14606.0,United Kingdom
555577,21216,"SET 3 RETROSPOT TEA,COFFEE,SUGAR",4,6/5/2011 15:53,4.95,15301.0,United Kingdom
539580,22804,CANDLEHOLDER PINK HANGING HEART,12,12/20/2010 12:51,2.95,15312.0,United Kingdom
565327,22114,HOT WATER BOTTLE TEA AND SYMPATHY,4,9/2/2011 13:48,4.25,12832.0,United Kingdom
564731,20728,LUNCH BAG CARS BLUE,10,8/28/2011 12:57,1.65,16186.0,United Kingdom
547850,21770,OPEN CLOSED METAL SIGN,3,3/27/2011 12:06,4.95,14472.0,United Kingdom
577504,84596G,SMALL CHOCOLATES PINK BOWL,8,11/20/2011 12:36,0.42,14159.0,United Kingdom
560555,21984,PACK OF 12 PINK PAISLEY TISSUES ,3,7/19/2011 13:01,0.29,14178.0,United Kingdom
563500,22672,FRENCH BATHROOM SIGN BLUE METAL,6,8/16/2011 17:25,1.65,15856.0,United Kingdom
537399,21258,VICTORIAN SEWING BOX LARGE,2,12/6/2010 14:31,12.75,13030.0,United Kingdom
571441,21875,KINGS CHOICE MUG,2,10/17/2011 13:31,3.29,14096.0,United Kingdom
578999,85175,CACTI T-LIGHT CANDLES,16,11/27/2011 16:08,0.42,17595.0,United Kingdom
569903,22232,JIGSAW TOADSTOOLS 3 PIECE,16,10/6/2011 16:25,0.59,13892.0,United Kingdom
570218,23343,JUMBO BAG VINTAGE CHRISTMAS ,10,10/9/2011 12:20,2.08,16873.0,United Kingdom
541280,21731,RED TOADSTOOL LED NIGHT LIGHT,12,1/17/2011 11:57,1.65,15296.0,United Kingdom
579125,23469,CARD HOLDER LOVE BIRD SMALL,6,11/28/2011 12:19,4.15,14215.0,United Kingdom
556041,21056,DOCTOR'S BAG SOFT TOY,1,6/8/2011 12:44,8.95,17954.0,United Kingdom
540943,22700,BLACK AND WHITE DOG BOWL,2,1/12/2011 12:31,2.95,17841.0,United Kingdom
578531,23211,RED ROCKING HORSE HAND PAINTED,7,11/24/2011 14:40,1.25,17364.0,United Kingdom
576615,23090,VINTAGE GLASS T-LIGHT HOLDER,12,11/15/2011 16:42,0.83,17231.0,United Kingdom
541596,22969,HOMEMADE JAM SCENTED CANDLES,12,1/19/2011 16:19,1.45,17602.0,United Kingdom
565235,22973,CHILDREN'S CIRCUS PARADE MUG,12,9/2/2011 9:43,1.65,13418.0,United Kingdom
573339,23206,LUNCH BAG APPLE DESIGN,10,10/30/2011 11:49,1.65,13278.0,United Kingdom
568833,22466,FAIRY TALE COTTAGE NIGHT LIGHT,4,9/29/2011 11:39,1.95,17348.0,United Kingdom
542727,22113,GREY HEART HOT WATER BOTTLE,1,1/31/2011 15:09,3.75,17604.0,United Kingdom
540248,22457,NATURAL SLATE HEART CHALKBOARD ,6,1/5/2011 15:57,2.95,15034.0,United Kingdom
554121,84949,SILVER HANGING T-LIGHT HOLDER,6,5/22/2011 15:31,1.65,17690.0,United Kingdom
541181,22502,PICNIC BASKET WICKER SMALL,16,1/14/2011 11:50,4.95,12877.0,United Kingdom
578702,20723,STRAWBERRY CHARLOTTE BAG,10,11/25/2011 10:58,0.85,15382.0,United Kingdom
570672,23502,PLAYING CARDS VINTAGE DOILY ,12,10/11/2011 14:52,1.25,12536.0,France
575986,21535,RED RETROSPOT SMALL MILK JUG,6,11/13/2011 14:11,2.55,13018.0,United Kingdom
575129,48194,DOORMAT HEARTS,1,11/8/2011 14:30,8.25,13110.0,United Kingdom
568990,20725,LUNCH BAG RED RETROSPOT,10,9/29/2011 16:42,1.65,15933.0,United Kingdom
578270,23236,STORAGE TIN VINTAGE DOILY ,1,11/23/2011 13:39,5.79,14096.0,United Kingdom
560901,23317,BLUE REFECTORY CLOCK ,2,7/21/2011 17:39,9.95,12476.0,Germany
562099,85099F,JUMBO BAG STRAWBERRY,10,8/2/2011 13:46,2.08,14688.0,United Kingdom
550522,21967,PACK OF 12 SKULL TISSUES,24,4/19/2011 10:04,0.29,12947.0,United Kingdom
554113,21314,SMALL GLASS HEART TRINKET POT,8,5/22/2011 14:53,2.1,16700.0,United Kingdom
567170,23264,SET OF 3 WOODEN SLEIGH DECORATIONS,1,9/18/2011 12:40,1.25,13566.0,United Kingdom
576236,22666,RECIPE BOX PANTRY YELLOW DESIGN,1,11/14/2011 13:31,2.95,13755.0,United Kingdom
546993,22480,RED TEA TOWEL CLASSIC DESIGN,4,3/18/2011 13:19,1.25,17921.0,United Kingdom
562034,22192,BLUE DINER WALL CLOCK,2,8/2/2011 9:14,8.5,12449.0,Belgium
566451,23079,TOADSTOOL BEDSIDE LIGHT ,1,9/12/2011 16:14,8.95,18069.0,United Kingdom
564188,22287,DECORATION WOBBLY CHICKEN,10,8/23/2011 15:33,0.39,13140.0,United Kingdom
562688,23035,DRAWER KNOB CERAMIC IVORY,6,8/8/2011 13:53,1.45,13869.0,United Kingdom
554809,84879,ASSORTED COLOUR BIRD ORNAMENT,24,5/26/2011 13:13,1.69,16838.0,United Kingdom
573340,21232,STRAWBERRY CERAMIC TRINKET POT,4,10/30/2011 11:55,1.25,14159.0,United Kingdom
553054,21467,CHERRY CROCHET FOOD COVER,1,5/13/2011 10:22,3.75,17886.0,United Kingdom
552465,21524,DOORMAT SPOTTY HOME SWEET HOME,1,5/9/2011 15:17,7.95,16242.0,United Kingdom
564165,21755,LOVE BUILDING BLOCK WORD,1,8/23/2011 13:35,5.95,13593.0,United Kingdom
C566384,22201,FRYING PAN BLUE POLKADOT,-1,9/12/2011 12:41,4.25,17811.0,United Kingdom
573418,23089,GLASS BON BON JAR,24,10/31/2011 9:35,1.95,15360.0,United Kingdom
575584,22086,PAPER CHAIN KIT 50'S CHRISTMAS ,6,11/10/2011 11:55,2.95,12682.0,France
578266,84927F,PSYCHEDELIC TILE HOOK,6,11/23/2011 13:34,0.39,12748.0,United Kingdom
549571,20749,ASSORTED COLOUR MINI CASES,2,4/10/2011 15:25,7.95,15655.0,United Kingdom
542610,21890,S/6 WOODEN SKITTLES IN COTTON BAG,3,1/30/2011 14:05,2.95,13148.0,United Kingdom
542611,22646,CERAMIC STRAWBERRY CAKE MONEY BANK,4,1/30/2011 14:13,1.45,15415.0,United Kingdom
547906,82578,KITCHEN METAL SIGN,2,3/28/2011 12:13,0.55,14410.0,United Kingdom
574839,23462,ROCOCO WALL MIRROR WHITE,1,11/7/2011 11:40,19.95,15493.0,United Kingdom
554843,22537,MAGIC DRAWING SLATE DINOSAUR,24,5/26/2011 19:13,0.42,13911.0,United Kingdom
563348,22679,FRENCH BLUE METAL DOOR SIGN 4,10,8/15/2011 13:48,1.25,13078.0,United Kingdom
553385,22443,GROW YOUR OWN HERBS SET OF 3,1,5/16/2011 15:53,7.95,16710.0,United Kingdom
560285,21212,PACK OF 72 RETROSPOT CAKE CASES,24,7/18/2011 9:21,0.55,14944.0,United Kingdom
C559486,22423,REGENCY CAKESTAND 3 TIER,-1,7/8/2011 13:51,12.75,13047.0,United Kingdom
575036,23583,LUNCH BAG PAISLEY PARK  ,10,11/8/2011 11:45,1.65,15249.0,United Kingdom
580094,22952,60 CAKE CASES VINTAGE CHRISTMAS,1,12/1/2011 14:50,0.55,15904.0,United Kingdom
580672,22757,LARGE RED BABUSHKA NOTEBOOK ,3,12/5/2011 14:29,0.39,17920.0,United Kingdom
538086,10002,INFLATABLE POLITICAL GLOBE ,10,12/9/2010 14:44,0.85,12872.0,United Kingdom
550130,85135C,RED DRAGONFLY HELICOPTER,1,4/14/2011 13:17,7.95,14390.0,United Kingdom
556103,22077,6 RIBBONS RUSTIC CHARM,10,6/8/2011 16:18,1.65,16011.0,United Kingdom
545514,22610,PENS ASSORTED FUNNY FACE,36,3/3/2011 12:06,0.85,15053.0,United Kingdom
570272,23356,LOVE HOT WATER BOTTLE,3,10/10/2011 10:45,5.95,14297.0,United Kingdom
558540,22892,SET OF SALT AND PEPPER TOADSTOOLS,12,6/30/2011 12:15,1.25,17706.0,United Kingdom
574965,23504,PLAYING CARDS JUBILEE UNION JACK,1,11/8/2011 10:44,1.25,17964.0,United Kingdom
555284,23228,FILIGREE HEART BIRD WHITE ,24,6/2/2011 9:37,1.04,14298.0,United Kingdom
537219,21531,RED RETROSPOT SUGAR JAM BOWL,1,12/5/2010 15:47,2.55,14081.0,United Kingdom
580064,23188,VINTAGE  2 METRE FOLDING RULER,3,12/1/2011 13:32,1.65,18077.0,United Kingdom
540148,21355,TOAST ITS - I LOVE YOU ,24,1/5/2011 10:58,1.25,14189.0,United Kingdom
564727,85114A,BLACK ENCHANTED FOREST PLACEMAT,6,8/28/2011 12:31,1.65,16686.0,United Kingdom
542737,21890,S/6 WOODEN SKITTLES IN COTTON BAG,1,1/31/2011 15:52,2.95,15058.0,United Kingdom
580639,22174,PHOTO CUBE,1,12/5/2011 12:46,1.65,17254.0,United Kingdom
543040,21094,SET/6 RED SPOTTY PAPER PLATES,4,2/2/2011 17:06,0.85,17337.0,United Kingdom
580939,22867,HAND WARMER BIRD DESIGN,12,12/6/2011 14:14,2.1,14907.0,United Kingdom
580051,22273,FELTCRAFT DOLL MOLLY,6,12/1/2011 12:55,2.95,12963.0,United Kingdom
574474,23305,SET 4 PICNIC CUTLERY BLUEBERRY,4,11/4/2011 12:05,1.95,17979.0,United Kingdom
C576363,90050,CRACKED GLAZE NECKLACE IVORY,-2,11/14/2011 17:23,6.95,14794.0,United Kingdom
545658,21791,VINTAGE HEADS AND TAILS CARD GAME ,1,3/4/2011 14:13,1.25,14670.0,United Kingdom
548313,84375,SET OF 20 KIDS COOKIE CUTTERS,6,3/30/2011 12:15,2.1,15353.0,United Kingdom
555648,22723,SET OF 6 HERB TINS SKETCHBOOK,1,6/6/2011 13:46,3.95,14623.0,United Kingdom
560145,22627,MINT KITCHEN SCALES,2,7/15/2011 11:04,8.5,13381.0,United Kingdom
567625,22909,SET OF 20 VINTAGE CHRISTMAS NAPKINS,12,9/21/2011 12:55,0.85,13627.0,United Kingdom
550016,22249,DECORATION WHITE CHICK MAGIC GARDEN,16,4/14/2011 10:54,0.85,15416.0,United Kingdom
580909,23498,CLASSIC BICYCLE CLIPS ,12,12/6/2011 13:27,1.45,18225.0,United Kingdom
544129,22047,EMPIRE GIFT WRAP,25,2/16/2011 11:54,0.42,13199.0,United Kingdom
570225,23207,LUNCH BAG ALPHABET DESIGN,2,10/9/2011 13:15,1.65,16595.0,United Kingdom
560047,22118,JOY WOODEN BLOCK LETTERS,1,7/14/2011 15:01,4.95,17259.0,United Kingdom
556258,22544,MINI JIGSAW SPACEBOY,24,6/9/2011 17:48,0.42,12694.0,France
537759,37495,FAIRY CAKE BIRTHDAY CANDLE SET,4,12/8/2010 11:42,3.75,13126.0,United Kingdom
576191,46000S,POLYESTER FILLER PAD 40x40cm,15,11/14/2011 11:54,1.45,17377.0,United Kingdom
563477,21580,RABBIT  DESIGN  COTTON TOTE BAG,1,8/16/2011 15:39,2.25,17097.0,Spain
578233,23365,SET 12 COLOUR PENCILS LOVE LONDON,12,11/23/2011 12:20,0.65,14049.0,United Kingdom
537224,84531B,BLUE KNITTED EGG COSY,1,12/5/2010 16:24,1.95,13174.0,United Kingdom
540680,84989A,75 GREEN FAIRY CAKE CASES,1,1/10/2011 16:24,0.55,15311.0,United Kingdom
557636,22666,RECIPE BOX PANTRY YELLOW DESIGN,1,6/21/2011 15:41,2.95,17841.0,United Kingdom
577800,16237,SLEEPING CAT ERASERS,60,11/21/2011 17:00,0.21,15484.0,United Kingdom
562549,21929,JUMBO BAG PINK VINTAGE PAISLEY,6,8/5/2011 16:10,2.08,17092.0,United Kingdom
551822,21638,ASSORTED TUTTI FRUTTI NOTEBOOK,12,5/4/2011 12:26,2.1,13524.0,United Kingdom
C549905,21781,MA CAMPAGNE CUTLERY BOX,-2,4/12/2011 16:21,14.95,17576.0,United Kingdom
564643,23302,KNEELING MAT HOUSEWORK  DESIGN,4,8/26/2011 13:25,1.65,15356.0,United Kingdom
577059,23313,VINTAGE CHRISTMAS BUNTING,5,11/17/2011 14:30,4.95,13704.0,United Kingdom
554638,23168,CLASSIC CAFE SUGAR DISPENSER,1,5/25/2011 11:59,1.25,14810.0,United Kingdom
560828,84660B,BLACK STITCHED WALL CLOCK,100,7/21/2011 11:55,0.79,14298.0,United Kingdom
565853,22866,HAND WARMER SCOTTY DOG DESIGN,12,9/7/2011 13:19,2.1,13756.0,United Kingdom
555591,22682,FRENCH BLUE METAL DOOR SIGN 7,10,6/6/2011 9:59,1.25,15073.0,United Kingdom
549746,22666,RECIPE BOX PANTRY YELLOW DESIGN,24,4/12/2011 10:38,2.55,15251.0,United Kingdom
559898,22173,METAL 4 HOOK HANGER FRENCH CHATEAU,2,7/13/2011 12:18,2.95,16225.0,United Kingdom
C578003,37495,FAIRY CAKE BIRTHDAY CANDLE SET,-3,11/22/2011 12:31,3.75,13832.0,United Kingdom
573496,23201,JUMBO BAG ALPHABET,2,10/31/2011 11:59,2.08,17841.0,United Kingdom
557962,22838,3 TIER CAKE TIN RED AND CREAM,1,6/24/2011 9:22,14.95,13709.0,United Kingdom
562102,23126,FELTCRAFT GIRL AMELIE KIT,6,8/2/2011 14:21,4.95,13089.0,United Kingdom
566213,22746,POPPY'S PLAYHOUSE LIVINGROOM ,6,9/9/2011 15:09,2.1,14895.0,United Kingdom
580527,22642,SET OF 4 NAPKIN CHARMS STARS   ,4,12/4/2011 15:19,0.79,13736.0,United Kingdom
571965,21618,4 WILDFLOWER BOTANICAL CANDLES,1,10/20/2011 10:41,1.25,17238.0,United Kingdom
573142,21617,4 LILY  BOTANICAL DINNER CANDLES,36,10/27/2011 17:48,1.25,18035.0,United Kingdom
563376,20719,WOODLAND CHARLOTTE BAG,1,8/16/2011 10:36,0.85,15752.0,United Kingdom
576638,23356,LOVE HOT WATER BOTTLE,3,11/16/2011 9:35,5.95,13890.0,United Kingdom
541253,22112,CHOCOLATE HOT WATER BOTTLE,1,1/16/2011 13:51,4.95,17841.0,United Kingdom
555640,23154,SET OF 4 JAM JAR MAGNETS,12,6/6/2011 13:06,2.08,14475.0,United Kingdom
560841,22193,RED DINER WALL CLOCK,4,7/21/2011 12:25,7.65,14298.0,United Kingdom
544074,22453,MEASURING TAPE BABUSHKA BLUE,4,2/15/2011 14:49,2.95,14156.0,EIRE
562571,82486,WOOD S/3 CABINET ANT WHITE FINISH,2,8/7/2011 12:21,8.95,13782.0,United Kingdom
546687,84946,ANTIQUE SILVER TEA GLASS ETCHED,12,3/16/2011 9:58,1.25,16040.0,United Kingdom
557466,85088,CANDY SPOT HAND BAG,12,6/20/2011 13:08,2.1,13815.0,Germany
570374,22582,PACK OF 6 SWEETIE GIFT BOXES,2,10/10/2011 12:34,2.55,14719.0,United Kingdom
579196,22622,BOX OF VINTAGE ALPHABET BLOCKS,1,11/28/2011 15:54,24.96,14096.0,United Kingdom
542800,22156,HEART DECORATION WITH PEARLS ,1,2/1/2011 11:16,0.72,14606.0,United Kingdom
556184,21232,STRAWBERRY CERAMIC TRINKET BOX,12,6/9/2011 11:39,1.25,16592.0,United Kingdom
559510,22963,JAM JAR WITH GREEN LID,12,7/8/2011 15:29,0.85,14961.0,United Kingdom
563922,20998,ROSE DU SUD OVEN GLOVE,1,8/21/2011 14:10,2.95,14529.0,United Kingdom
565918,21391,FRENCH LAVENDER SCENT HEART,9,9/7/2011 16:27,0.75,13249.0,United Kingdom
555202,84978,HANGING HEART JAR T-LIGHT HOLDER,2,6/1/2011 12:11,1.25,16813.0,United Kingdom
560397,21559,STRAWBERRY LUNCH BOX WITH CUTLERY,12,7/18/2011 14:04,2.55,17652.0,United Kingdom
560300,21499,BLUE POLKADOT WRAP,25,7/18/2011 10:29,0.42,14911.0,EIRE
570228,23397,FOOT STOOL HOME SWEET HOME ,1,10/9/2011 13:28,9.95,15821.0,United Kingdom
564632,48194,DOORMAT HEARTS,2,8/26/2011 11:58,7.95,16556.0,United Kingdom
580553,21243,PINK POLKADOT PLATE ,16,12/5/2011 10:14,1.69,12646.0,USA
548213,22491,PACK OF 12 COLOURED PENCILS,12,3/30/2011 9:15,0.85,15521.0,United Kingdom
557026,21992,VINTAGE PAISLEY STATIONERY SET,12,6/16/2011 13:14,1.25,16571.0,United Kingdom
544153,22120,WELCOME  WOODEN BLOCK LETTERS,1,2/16/2011 12:11,9.95,15356.0,United Kingdom
562912,22670,FRENCH WC SIGN BLUE METAL,2,8/10/2011 13:15,1.25,15311.0,United Kingdom
556065,62086A,PINK RETRO BIG FLOWER BAG,6,6/8/2011 14:29,1.95,14829.0,United Kingdom
548612,22966,GINGERBREAD MAN COOKIE CUTTER,3,4/1/2011 11:34,1.25,13137.0,United Kingdom
544808,82551,LAUNDRY 15C METAL SIGN,3,2/23/2011 15:11,1.45,14562.0,United Kingdom
540168,21903,MAN FLU METAL SIGN,5,1/5/2011 12:15,2.1,13715.0,United Kingdom
563432,17003,BROCADE RING PURSE ,36,8/16/2011 12:12,0.29,16713.0,United Kingdom
555488,23206,LUNCH BAG APPLE DESIGN,1,6/3/2011 13:43,1.65,16942.0,United Kingdom
536790,84029E,RED WOOLLY HOTTIE WHITE HEART.,6,12/2/2010 15:26,3.39,17850.0,United Kingdom
571441,21993,FLORAL FOLK STATIONERY SET,5,10/17/2011 13:31,2.46,14096.0,United Kingdom
537265,21506,"FANCY FONT BIRTHDAY CARD, ",12,12/6/2010 11:26,0.42,15919.0,United Kingdom
571276,23236,STORAGE TIN VINTAGE DOILY ,3,10/16/2011 12:30,2.89,14702.0,United Kingdom
541120,21976,PACK OF 60 MUSHROOM CAKE CASES,24,1/14/2011 9:13,0.55,12490.0,France
563444,23148,MINIATURE ANTIQUE ROSE HOOK IVORY,5,8/16/2011 13:50,0.83,16033.0,United Kingdom
571035,85099B,JUMBO BAG RED RETROSPOT,10,10/13/2011 12:50,2.08,12446.0,RSA
581449,22423,REGENCY CAKESTAND 3 TIER,1,12/8/2011 17:37,12.75,12748.0,United Kingdom
571032,22844,VINTAGE CREAM DOG FOOD CONTAINER,1,10/13/2011 12:38,8.5,13827.0,United Kingdom
573075,21365,MIRRORED WALL ART STARS,1,10/27/2011 14:04,0.75,17545.0,United Kingdom
574306,22139,RETROSPOT TEA SET CERAMIC 11 PC ,3,11/3/2011 16:37,4.95,17481.0,United Kingdom
541484,20802,SMALL GLASS SUNDAE DISH CLEAR,36,1/18/2011 12:46,0.42,16814.0,United Kingdom
546789,21929,JUMBO BAG PINK VINTAGE PAISLEY,400,3/17/2011 10:17,1.65,15769.0,United Kingdom
538003,82582,AREA PATROLLED METAL SIGN,24,12/9/2010 12:05,2.1,12429.0,Denmark
573955,23012,GLASS APOTHECARY BOTTLE PERFUME,4,11/2/2011 10:51,3.95,14216.0,United Kingdom
544777,21110,LARGE CAKE TOWEL PINK SPOTS,1,2/23/2011 12:00,6.75,15311.0,United Kingdom
542399,48194,DOORMAT HEARTS,3,1/27/2011 15:38,7.95,15549.0,United Kingdom
550811,22301,COFFEE MUG CAT + BIRD DESIGN,12,4/20/2011 16:04,2.55,16011.0,United Kingdom
566190,22645,CERAMIC HEART FAIRY CAKE MONEY BANK,4,9/9/2011 13:20,1.45,12748.0,United Kingdom
554920,22841,ROUND CAKE TIN VINTAGE GREEN,2,5/27/2011 12:41,7.95,16275.0,United Kingdom
580833,23148,MINIATURE ANTIQUE ROSE HOOK IVORY,3,12/6/2011 11:41,0.83,16764.0,United Kingdom
573353,22739,RIBBON REEL CHRISTMAS SOCK BAUBLE,3,10/30/2011 12:39,1.65,16115.0,United Kingdom
C540852,84078A,SET/4 WHITE RETRO STORAGE CUBES ,-12,1/12/2011 9:48,34.95,15197.0,United Kingdom
568660,23353,6 GIFT TAGS VINTAGE CHRISTMAS ,12,9/28/2011 12:33,0.83,15134.0,United Kingdom
559794,23005,TRAVEL CARD WALLET I LOVE LONDON,24,7/12/2011 13:16,0.42,16700.0,United Kingdom
547358,48187,DOORMAT NEW ENGLAND,1,3/22/2011 12:25,7.95,15998.0,United Kingdom
555420,21718,RED METAL BEACH SPADE ,12,6/3/2011 10:29,1.25,13458.0,United Kingdom
548308,22898,CHILDRENS APRON APPLES DESIGN,1,3/30/2011 12:00,1.95,17220.0,United Kingdom
579536,23370,SET 36 COLOURING PENCILS DOILY,16,11/30/2011 9:53,1.25,12957.0,United Kingdom
571035,22381,TOY TIDY PINK POLKADOT,5,10/13/2011 12:50,2.1,12446.0,RSA
576339,21676,FLOWERS  STICKERS,1,11/14/2011 15:27,1.63,14096.0,United Kingdom
554542,20711,JUMBO BAG TOYS ,10,5/25/2011 8:32,2.08,15194.0,United Kingdom
574836,22594,CHRISTMAS GINGHAM TREE,12,11/7/2011 11:32,0.85,17623.0,United Kingdom
538006,85123A,WHITE HANGING HEART T-LIGHT HOLDER,32,12/9/2010 12:13,2.55,14987.0,United Kingdom
565920,22197,POPCORN HOLDER,36,9/8/2011 8:56,0.85,15298.0,United Kingdom
546541,84637,KITCHEN FLOWER POTS WALL PLAQUE,3,3/14/2011 15:11,5.95,14911.0,EIRE
567183,22718,CARD CAT AND TREE ,12,9/18/2011 15:32,0.42,14769.0,United Kingdom
536567,22632,HAND WARMER RED RETROSPOT,24,12/1/2010 15:27,2.1,16048.0,United Kingdom
569383,22093,MOTORING TISSUE BOX,36,10/3/2011 16:46,0.39,15159.0,United Kingdom
574053,23200,JUMBO BAG PEARS,10,11/2/2011 14:04,2.08,16379.0,United Kingdom
562880,22637,PIGGY BANK RETROSPOT ,48,8/10/2011 10:53,2.1,15838.0,United Kingdom
565209,21787,RAIN PONCHO RETROSPOT,2,9/1/2011 16:59,0.85,15910.0,United Kingdom
571441,21985,PACK OF 12 HEARTS DESIGN TISSUES ,1,10/17/2011 13:31,0.83,14096.0,United Kingdom
551341,21755,LOVE BUILDING BLOCK WORD,3,4/28/2011 7:52,5.95,15189.0,United Kingdom
536488,84347,ROTATING SILVER ANGELS T-LIGHT HLDR,1,12/1/2010 12:31,2.55,17897.0,United Kingdom
559036,21188,3D HEARTS  HONEYCOMB PAPER GARLAND,12,7/5/2011 15:14,2.95,12637.0,France
550632,85150,LADIES & GENTLEMEN METAL SIGN,2,4/19/2011 14:56,2.55,16907.0,United Kingdom
557790,72351B,SET/6 PINK  BUTTERFLY T-LIGHTS,72,6/22/2011 16:33,1.69,14099.0,United Kingdom
537133,21625,VINTAGE UNION JACK APRON,1,12/5/2010 12:29,6.95,18156.0,United Kingdom
545235,22129,PARTY CONES CANDY TREE DECORATION,24,3/1/2011 10:31,0.85,12683.0,France
538040,84029G,KNITTED UNION FLAG HOT WATER BOTTLE,2,12/9/2010 13:08,3.75,16520.0,United Kingdom
552978,20719,WOODLAND CHARLOTTE BAG,100,5/12/2011 14:46,0.72,12590.0,Germany
548745,23183,MOTHER'S KITCHEN SPOON REST ,6,4/4/2011 12:10,3.75,12471.0,Germany
540533,22663,JUMBO BAG DOLLY GIRL DESIGN,4,1/9/2011 14:12,1.95,15005.0,United Kingdom
569369,23274,STAR T-LIGHT HOLDER WILLIE WINKIE,12,10/3/2011 15:32,1.65,15105.0,United Kingdom
540508,82494L,WOODEN FRAME ANTIQUE WHITE ,4,1/9/2011 11:20,2.95,14810.0,United Kingdom
546502,85053,FRENCH ENAMEL CANDLEHOLDER,1,3/14/2011 11:46,2.1,16005.0,United Kingdom
556578,23205,CHARLOTTE BAG VINTAGE ALPHABET ,10,6/13/2011 14:13,0.85,12472.0,Germany
573163,23483,HANGING  BUTTERFLY T-LIGHT HOLDER,12,10/28/2011 9:06,1.25,16843.0,United Kingdom
551958,21243,PINK  POLKADOT PLATE ,8,5/5/2011 12:37,1.69,13883.0,United Kingdom
580501,23245,SET OF 3 REGENCY CAKE TINS,4,12/4/2011 13:00,4.95,14546.0,United Kingdom
552061,21930,JUMBO STORAGE BAG SKULLS,10,5/6/2011 10:43,2.08,13001.0,United Kingdom
546189,21137,BLACK RECORD COVER FRAME,4,3/10/2011 10:56,3.75,13102.0,United Kingdom
564749,22727,ALARM CLOCK BAKELIKE RED ,4,8/30/2011 8:15,3.75,12708.0,Germany
549099,20974,12 PENCILS SMALL TUBE SKULL,2,4/6/2011 11:07,0.65,16241.0,United Kingdom
576255,21791,VINTAGE HEADS AND TAILS CARD GAME ,2,11/14/2011 14:09,1.25,15993.0,United Kingdom
550191,22488,NATURAL SLATE RECTANGLE CHALKBOARD,6,4/14/2011 19:59,1.65,16806.0,United Kingdom
561926,22170,PICTURE FRAME WOOD TRIPLE PORTRAIT,4,8/1/2011 12:48,6.75,12749.0,United Kingdom
573390,48188,DOORMAT WELCOME PUPPIES,2,10/30/2011 14:53,8.25,17213.0,United Kingdom
548712,21563,RED HEART SHAPE LOVE BUCKET ,6,4/3/2011 14:42,2.95,17050.0,United Kingdom
539933,22960,JAM MAKING SET WITH JARS,6,12/23/2010 11:24,4.25,15235.0,United Kingdom
563021,23188,VINTAGE  2 METER FOLDING RULER,6,8/11/2011 13:25,1.65,18077.0,United Kingdom
551843,71053,WHITE METAL LANTERN,4,5/4/2011 13:57,3.75,16094.0,United Kingdom
559894,85123A,WHITE HANGING HEART T-LIGHT HOLDER,7,7/13/2011 12:06,2.95,14159.0,United Kingdom
562161,22652,TRAVEL SEWING KIT,2,8/3/2011 11:58,1.65,17841.0,United Kingdom
543342,22120,WELCOME  WOODEN BLOCK LETTERS,3,2/7/2011 12:27,9.95,17162.0,United Kingdom
552013,22436,12 COLOURED PARTY BALLOONS,60,5/5/2011 17:34,0.65,12451.0,Switzerland
558558,20728,LUNCH BAG CARS BLUE,1,6/30/2011 13:17,1.65,17841.0,United Kingdom
C538833,21558,SKULL LUNCH BOX WITH CUTLERY ,-1,12/14/2010 13:05,2.55,14680.0,United Kingdom
566734,22567,20 DOLLY PEGS RETROSPOT,1,9/14/2011 14:09,1.45,16910.0,United Kingdom
579196,22107,PIZZA PLATE IN BOX,8,11/28/2011 15:54,3.29,14096.0,United Kingdom
573464,23418,LAVENDER TOILETTE BOTTLE,12,10/31/2011 10:56,2.08,15667.0,United Kingdom
567853,21918,SET 12 KIDS COLOUR  CHALK STICKS,4,9/22/2011 13:31,0.42,15484.0,United Kingdom
540509,22046,TEA PARTY  WRAPPING PAPER ,25,1/9/2011 11:27,0.42,14800.0,United Kingdom
558127,21137,BLACK RECORD COVER FRAME,120,6/27/2011 10:42,3.39,13777.0,United Kingdom
562539,21238,RED RETROSPOT CUP,2,8/5/2011 15:30,0.85,17220.0,United Kingdom
562157,23172,REGENCY TEA PLATE PINK,24,8/3/2011 11:44,1.65,16012.0,United Kingdom
554132,84997A,CHILDRENS CUTLERY POLKADOT GREEN ,4,5/23/2011 9:43,4.15,12360.0,Austria
572732,23233,WRAP POPPIES  DESIGN,50,10/25/2011 15:21,0.42,18079.0,United Kingdom
558916,22077,6 RIBBONS RUSTIC CHARM,24,7/5/2011 9:33,1.65,16985.0,United Kingdom
545001,21580,RABBIT  DESIGN  COTTON TOTE BAG,6,2/25/2011 12:40,2.25,16841.0,United Kingdom
548157,21929,JUMBO BAG PINK VINTAGE PAISLEY,80,3/29/2011 13:27,1.65,14298.0,United Kingdom
538662,84519A,TOMATO CHARLIE+LOLA COASTER SET,24,12/13/2010 15:44,1.25,15159.0,United Kingdom
552886,22621,TRADITIONAL KNITTING NANCY,12,5/12/2011 10:18,1.65,16244.0,United Kingdom
549277,85145,JARDIN ETCHED GLASS LARGE BELL JAR,2,4/7/2011 13:11,3.95,16469.0,United Kingdom
557069,22385,JUMBO BAG SPACEBOY DESIGN,10,6/16/2011 15:22,2.08,12562.0,France
557442,22814,CARD PARTY GAMES ,24,6/20/2011 12:53,0.42,14808.0,United Kingdom
550993,23205,CHARLOTTE BAG VINTAGE ALPHABET ,10,4/21/2011 19:51,0.85,15810.0,United Kingdom
548358,85020,ROUND PINK HEART MIRROR,6,3/30/2011 15:29,2.1,15832.0,United Kingdom
566398,21115,ROSE CARAVAN DOORSTOP,4,9/12/2011 13:10,6.75,12884.0,United Kingdom
547537,22356,CHARLOTTE BAG PINK POLKADOT,10,3/23/2011 15:16,0.85,13534.0,United Kingdom
579427,23040,PAPER LANTERN 9 POINT SNOW STAR ,3,11/29/2011 13:04,5.75,16479.0,United Kingdom
560828,81950B,FLOWER BLUE CLOCK WITH SUCKER,50,7/21/2011 11:55,0.29,14298.0,United Kingdom
545184,22076,6 RIBBONS EMPIRE  ,12,2/28/2011 15:00,1.65,13292.0,United Kingdom
546015,22637,PIGGY BANK RETROSPOT ,4,3/8/2011 16:48,2.55,14336.0,United Kingdom
539496,20802,SMALL GLASS SUNDAE DISH CLEAR,36,12/20/2010 10:38,0.42,13050.0,United Kingdom
559876,22469,HEART OF WICKER SMALL,1,7/13/2011 11:09,1.65,15752.0,United Kingdom
550033,21239,PINK  POLKADOT CUP,4,4/14/2011 11:45,0.85,15005.0,United Kingdom
572189,84406B,CREAM CUPID HEARTS COAT HANGER,16,10/21/2011 11:08,4.15,15286.0,United Kingdom
545469,22720,SET OF 3 CAKE TINS PANTRY DESIGN ,6,3/3/2011 10:09,4.95,17646.0,United Kingdom
568075,90019A,SILVER M.O.P ORBIT BRACELET,1,9/23/2011 14:21,4.95,14652.0,United Kingdom
579162,20725,LUNCH BAG RED RETROSPOT,3,11/28/2011 13:58,1.65,16393.0,United Kingdom
555500,21693,SMALL HAMMERED SILVER CANDLEPOT ,6,6/3/2011 15:32,2.95,15508.0,United Kingdom
562031,48129,DOORMAT TOPIARY,1,8/1/2011 17:37,7.95,16984.0,United Kingdom
556258,22992,REVOLVER WOODEN RULER ,24,6/9/2011 17:48,1.95,12694.0,France
565454,82484,WOOD BLACK BOARD ANT WHITE FINISH,2,9/4/2011 16:08,7.95,17410.0,United Kingdom
565748,23173,REGENCY TEAPOT ROSES ,24,9/6/2011 12:38,8.15,14156.0,EIRE
568901,15056N,EDWARDIAN PARASOL NATURAL,2,9/29/2011 13:22,5.95,15050.0,United Kingdom
569221,23341,PINK DINER WALL CLOCK,2,10/2/2011 13:44,8.5,14970.0,United Kingdom
538991,85123A,WHITE HANGING HEART T-LIGHT HOLDER,32,12/15/2010 11:53,2.55,17511.0,United Kingdom
553754,84970S,HANGING HEART ZINC T-LIGHT HOLDER,12,5/19/2011 10:25,0.85,16175.0,United Kingdom
565835,23338,EGG FRYING PAN RED ,1,9/7/2011 11:32,2.08,14452.0,United Kingdom
536750,82494L,WOODEN FRAME ANTIQUE WHITE ,6,12/2/2010 14:04,2.55,17850.0,United Kingdom
570116,22147,FELTCRAFT BUTTERFLY HEARTS,3,10/7/2011 12:38,1.45,12856.0,United Kingdom
581476,16008,SMALL FOLDING SCISSOR(POINTED EDGE),240,12/9/2011 8:48,0.12,12433.0,Norway
538171,20762,GREEN FERN SKETCHBOOK ,1,12/9/2010 20:01,3.75,17530.0,United Kingdom
561702,22626,BLACK KITCHEN SCALES,2,7/29/2011 10:58,8.5,15149.0,United Kingdom
571846,22666,RECIPE BOX PANTRY YELLOW DESIGN,1,10/19/2011 12:35,2.95,17841.0,United Kingdom
581149,23500,KEY RING BASEBALL BOOT ASSORTED ,20,12/7/2011 14:12,1.25,15471.0,United Kingdom
564729,22771,CLEAR DRAWER KNOB ACRYLIC EDWARDIAN,8,8/28/2011 12:44,1.25,13137.0,United Kingdom
578825,20972,PINK CREAM FELT CRAFT TRINKET BOX ,12,11/25/2011 14:21,1.25,17562.0,United Kingdom
557889,23291,DOLLY GIRL CHILDRENS CUP,8,6/23/2011 13:51,1.25,12412.0,Denmark
553678,22666,RECIPE BOX PANTRY YELLOW DESIGN,6,5/18/2011 13:00,2.95,14009.0,United Kingdom
C554197,21781,MA CAMPAGNE CUTLERY BOX,-1,5/23/2011 12:14,14.95,14573.0,United Kingdom
563017,22271,FELTCRAFT DOLL ROSIE,6,8/11/2011 12:48,2.95,13198.0,United Kingdom
573485,23140,TRIPLE WIRE HOOK IVORY HEART,6,10/31/2011 11:37,4.15,15752.0,United Kingdom
560723,22694,WICKER STAR ,2,7/20/2011 13:53,2.1,16464.0,United Kingdom
540031,22119,PEACE WOODEN BLOCK LETTERS,2,1/4/2011 13:50,6.95,17975.0,United Kingdom
553004,22093,MOTORING TISSUE BOX,4,5/12/2011 16:11,1.25,17764.0,United Kingdom
543010,84970S,HANGING HEART ZINC T-LIGHT HOLDER,12,2/2/2011 13:16,0.85,18250.0,United Kingdom
564144,20984,12 PENCILS TALL TUBE POSY,24,8/23/2011 11:53,0.29,13939.0,United Kingdom
575631,21916,SET 12 RETRO WHITE CHALK STICKS,1,11/10/2011 13:41,0.42,15184.0,United Kingdom
580399,22553,PLASTERS IN TIN SKULLS,3,12/4/2011 11:45,1.65,13471.0,United Kingdom
573744,84946,ANTIQUE SILVER T-LIGHT GLASS,24,11/1/2011 8:16,1.25,17733.0,United Kingdom
555124,21975,PACK OF 60 DINOSAUR CAKE CASES,1,5/31/2011 15:26,0.55,18204.0,United Kingdom
538069,22736,RIBBON REEL MAKING SNOWMEN ,1,12/9/2010 14:08,1.65,16795.0,United Kingdom
559364,23203,JUMBO BAG DOILEY PATTERNS,10,7/8/2011 8:48,2.08,17735.0,United Kingdom
569843,21745,GAOLERS KEYS DECORATIVE GARDEN ,1,10/6/2011 13:29,3.75,14449.0,United Kingdom
549570,22356,CHARLOTTE BAG PINK POLKADOT,3,4/10/2011 15:19,0.85,17550.0,United Kingdom
562963,22983,CARD BILLBOARD FONT,12,8/11/2011 10:29,0.42,13203.0,United Kingdom
566200,21892,TRADITIONAL WOODEN CATCH CUP GAME ,2,9/9/2011 14:14,1.25,16910.0,United Kingdom
577503,22835,HOT WATER BOTTLE I AM SO POORLY,1,11/20/2011 12:34,4.95,18110.0,United Kingdom
556184,21174,POTTERING IN THE SHED METAL SIGN,12,6/9/2011 11:39,2.08,16592.0,United Kingdom
557057,21403,BLUE EGG  SPOON,48,6/16/2011 14:46,0.12,16843.0,United Kingdom
574025,16045,POPART WOODEN PENCILS ASST,100,11/2/2011 12:26,0.04,12748.0,United Kingdom
538903,22800,ANTIQUE TALL SWIRLGLASS TRINKET POT,4,12/15/2010 10:17,3.75,13496.0,United Kingdom
559167,16161P,WRAP ENGLISH ROSE ,50,7/6/2011 16:54,0.42,17997.0,United Kingdom
538851,84970S,HANGING HEART ZINC T-LIGHT HOLDER,12,12/14/2010 13:32,0.85,16556.0,United Kingdom
540514,82494L,WOODEN FRAME ANTIQUE WHITE ,6,1/9/2011 11:43,2.95,15708.0,United Kingdom
568650,22174,PHOTO CUBE,12,9/28/2011 11:56,1.65,13505.0,Switzerland
560989,23203,JUMBO BAG DOILEY PATTERNS,12,7/22/2011 13:20,2.08,15704.0,United Kingdom
569460,22187,GREEN CHRISTMAS TREE CARD HOLDER,12,10/4/2011 11:33,1.95,13895.0,United Kingdom
571441,22689,DOORMAT MERRY CHRISTMAS RED ,2,10/17/2011 13:31,16.63,14096.0,United Kingdom
554839,23168,CLASSIC CAFE SUGAR DISPENSER,3,5/26/2011 17:15,1.25,14056.0,United Kingdom
545812,21975,PACK OF 60 DINOSAUR CAKE CASES,24,3/7/2011 12:26,0.55,14214.0,United Kingdom
579885,22358,KINGS CHOICE TEA CADDY ,2,11/30/2011 17:37,2.95,15444.0,United Kingdom
574480,22573,STAR WOODEN CHRISTMAS DECORATION,12,11/4/2011 12:42,0.85,15010.0,United Kingdom
565835,23294,SET OF 6 SNACK LOAF BAKING CASES,1,9/7/2011 11:32,0.83,14452.0,United Kingdom
580735,22813,PACK 3 BOXES BIRD PANETTONE ,12,12/6/2011 8:52,1.95,17728.0,United Kingdom
541872,22629,SPACEBOY LUNCH BOX ,1,1/24/2011 9:52,1.95,14796.0,United Kingdom
557233,22631,CIRCUS PARADE LUNCH BOX ,1,6/17/2011 14:44,1.95,15356.0,United Kingdom
540859,22440,BALLOON WATER BOMB PACK OF 35,10,1/12/2011 10:58,0.42,17965.0,United Kingdom
544837,22998,TRAVEL CARD WALLET KEEP CALM,4,2/24/2011 10:29,0.42,15910.0,United Kingdom
554489,22551,PLASTERS IN TIN SPACEBOY,12,5/24/2011 13:46,1.65,17272.0,United Kingdom
546466,20754,RETROSPOT RED WASHING UP GLOVES,1,3/14/2011 11:04,2.1,18118.0,United Kingdom
570197,22371,AIRLINE BAG VINTAGE TOKYO 78,1,10/7/2011 15:45,4.25,13755.0,United Kingdom
C569490,15056N,EDWARDIAN PARASOL NATURAL,-33,10/4/2011 13:15,5.95,12457.0,Cyprus
544153,47566B,TEA TIME PARTY BUNTING,1,2/16/2011 12:11,4.95,15356.0,United Kingdom
560504,22969,HOMEMADE JAM SCENTED CANDLES,12,7/19/2011 11:47,1.45,13081.0,United Kingdom
572499,23549,WRAP BIRD GARDEN ,25,10/24/2011 14:10,0.42,15786.0,United Kingdom
568686,22988,SOLDIERS EGG CUP ,4,9/28/2011 14:26,1.25,16115.0,United Kingdom
551152,21977,PACK OF 60 PINK PAISLEY CAKE CASES,10,4/26/2011 14:47,0.55,13230.0,United Kingdom
566304,23205,CHARLOTTE BAG VINTAGE ALPHABET ,10,9/12/2011 9:03,0.85,18158.0,United Kingdom
556539,22605,WOODEN CROQUET GARDEN SET,1,6/13/2011 12:44,14.95,13589.0,United Kingdom
561893,85099F,JUMBO BAG STRAWBERRY,1,7/31/2011 14:39,2.08,12942.0,United Kingdom
554098,22551,PLASTERS IN TIN SPACEBOY,2,5/22/2011 13:01,1.65,14769.0,United Kingdom
569401,22112,CHOCOLATE HOT WATER BOTTLE,3,10/4/2011 8:56,4.95,15111.0,United Kingdom
563721,20719,WOODLAND CHARLOTTE BAG,30,8/18/2011 16:27,0.85,15232.0,United Kingdom
537693,22742,MAKE YOUR OWN PLAYTIME CARD KIT,6,12/8/2010 10:45,2.95,12441.0,France
570009,22570,FELTCRAFT CUSHION RABBIT,4,10/7/2011 9:38,3.75,14138.0,United Kingdom
548550,22296,HEART IVORY TRELLIS LARGE,12,4/1/2011 8:22,1.65,18161.0,United Kingdom
578040,21034,REX CASH+CARRY JUMBO SHOPPER,2,11/22/2011 14:21,0.95,13322.0,United Kingdom
559058,POST,POSTAGE,6,7/6/2011 9:49,15.0,12407.0,Belgium
577773,85177,BASKET OF FLOWERS SEWING KIT,2,11/21/2011 15:57,0.85,16712.0,United Kingdom
569241,22941,CHRISTMAS LIGHTS 10 REINDEER,4,10/3/2011 9:30,8.5,14488.0,United Kingdom
574025,20832,RED FLOCK LOVE HEART PHOTO FRAME,24,11/2/2011 12:26,0.39,12748.0,United Kingdom
541989,84050,PINK HEART SHAPE EGG FRYING PAN,6,1/25/2011 8:21,1.65,13615.0,United Kingdom
562377,21034,REX CASH+CARRY JUMBO SHOPPER,1,8/4/2011 15:04,0.95,14535.0,United Kingdom
561917,82580,BATHROOM METAL SIGN,1,8/1/2011 11:57,0.55,16904.0,United Kingdom
562688,22189,CREAM HEART CARD HOLDER,4,8/8/2011 13:53,3.95,13869.0,United Kingdom
578146,23397,FOOT STOOL HOME SWEET HOME ,1,11/23/2011 11:07,9.95,13742.0,United Kingdom
573373,23583,LUNCH BAG PAISLEY PARK  ,1,10/30/2011 13:37,1.65,14684.0,United Kingdom
558372,23199,JUMBO BAG APPLES,3,6/28/2011 15:47,2.08,16200.0,United Kingdom
568686,22728,ALARM CLOCK BAKELIKE PINK,1,9/28/2011 14:26,3.75,16115.0,United Kingdom
549449,22087,PAPER BUNTING WHITE LACE,24,4/8/2011 14:12,2.95,14227.0,United Kingdom
546091,22804,CANDLEHOLDER PINK HANGING HEART,6,3/9/2011 11:53,2.95,14936.0,Channel Islands
552977,47599A,PINK PARTY BAGS,6,5/12/2011 14:13,2.1,18221.0,United Kingdom
575628,23234,BISCUIT TIN VINTAGE CHRISTMAS,3,11/10/2011 13:31,2.89,12844.0,United Kingdom
575482,23323,WHITE WICKER STAR ,2,11/9/2011 16:33,2.1,15916.0,United Kingdom
577544,22574,HEART WOODEN CHRISTMAS DECORATION,6,11/20/2011 14:43,0.85,17758.0,United Kingdom
554111,22055,MINI CAKE STAND  HANGING STRAWBERY,8,5/22/2011 14:40,1.65,15724.0,United Kingdom
571241,21524,DOORMAT SPOTTY HOME SWEET HOME,1,10/14/2011 14:58,8.25,14592.0,United Kingdom
545587,37447,CERAMIC CAKE DESIGN SPOTTED PLATE,4,3/4/2011 9:46,1.49,14796.0,United Kingdom
558362,22625,RED KITCHEN SCALES,24,6/28/2011 15:14,7.65,16029.0,United Kingdom
554353,48138,DOORMAT UNION FLAG,10,5/24/2011 9:10,6.75,14258.0,United Kingdom
574338,22585,PACK OF 6 BIRDY GIFT TAGS,12,11/4/2011 10:05,1.25,14150.0,United Kingdom
550503,22697,GREEN REGENCY TEACUP AND SAUCER,6,4/18/2011 15:31,2.95,15508.0,United Kingdom
563076,23293,SET OF 12 FAIRY CAKE BAKING CASES,128,8/11/2011 16:12,0.72,14646.0,Netherlands
560712,84536A,ENGLISH ROSE NOTEBOOK A7 SIZE,2,7/20/2011 13:06,0.42,14456.0,United Kingdom
557006,23203,JUMBO BAG DOILEY PATTERNS,20,6/16/2011 11:29,2.08,14282.0,United Kingdom
543165,84050,PINK HEART SHAPE EGG FRYING PAN,1,2/3/2011 19:58,1.65,13230.0,United Kingdom
549555,22930,BAKING MOULD HEART MILK CHOCOLATE,1,4/10/2011 12:52,2.55,13606.0,United Kingdom
574735,23275,SET OF 3 HANGING OWLS OLLIE BEAK,12,11/6/2011 15:41,1.25,13155.0,United Kingdom
C542537,21121,SET/10 RED POLKADOT PARTY CANDLES,-24,1/28/2011 13:54,1.25,12501.0,Germany
539106,21523,DOORMAT FANCY FONT HOME SWEET HOME,10,12/16/2010 10:51,6.75,16705.0,United Kingdom
569669,85035A,GARDENIA 3 WICK MORRIS BOXED CANDLE,2,10/5/2011 13:47,4.25,14730.0,United Kingdom
580401,84078A,SET/4 WHITE RETRO STORAGE CUBES ,2,12/4/2011 11:50,39.95,17618.0,United Kingdom
576189,20978,36 PENCILS TUBE SKULLS,1,11/14/2011 11:33,1.25,14684.0,United Kingdom
567804,22737,RIBBON REEL CHRISTMAS PRESENT ,1,9/22/2011 12:13,1.65,17920.0,United Kingdom
555559,23302,KNEELING MAT HOUSEWORK  DESIGN,12,6/5/2011 14:18,1.65,13862.0,United Kingdom
542114,22926,IVORY GIANT GARDEN THERMOMETER,4,1/25/2011 14:00,5.95,16943.0,United Kingdom
547663,22654,DELUXE SEWING KIT ,1,3/24/2011 13:16,5.95,16022.0,United Kingdom
568919,23298,SPOTTY BUNTING,2,9/29/2011 14:38,4.95,12937.0,United Kingdom
572295,84378,SET OF 3 HEART COOKIE CUTTERS,2,10/23/2011 13:49,1.45,16686.0,United Kingdom
540161,21870,I CAN ONLY PLEASE ONE PERSON MUG,2,1/5/2011 11:52,1.25,16719.0,United Kingdom
563182,22470,HEART OF WICKER LARGE,6,8/12/2011 14:33,2.95,17122.0,United Kingdom
575337,47503A,ASS FLORAL PRINT MULTI SCREWDRIVER,12,11/9/2011 14:11,0.42,17867.0,United Kingdom
541241,85184C,S/4 VALENTINE DECOUPAGE HEART BOX,2,1/16/2011 11:08,2.95,13782.0,United Kingdom
578266,22666,RECIPE BOX PANTRY YELLOW DESIGN,1,11/23/2011 13:34,2.95,12748.0,United Kingdom
573359,23377,PACK OF 12 DOLLY GIRL TISSUES,4,10/30/2011 12:48,0.39,14178.0,United Kingdom
573319,21833,CAMOUFLAGE LED TORCH,12,10/30/2011 10:18,1.69,17651.0,United Kingdom
548533,22423,REGENCY CAKESTAND 3 TIER,3,3/31/2011 17:17,12.75,13883.0,United Kingdom
572969,23368,SET 12 COLOUR PENCILS DOLLY GIRL ,16,10/27/2011 10:46,0.65,13363.0,United Kingdom
549716,85123A,WHITE HANGING HEART T-LIGHT HOLDER,12,4/11/2011 14:43,2.95,14628.0,United Kingdom
563252,21907,I'M ON HOLIDAY METAL SIGN,12,8/15/2011 11:59,2.1,17655.0,United Kingdom
567336,23374,RED SPOT PAPER GIFT BAG,20,9/19/2011 14:56,0.82,12621.0,Germany
569246,22142,CHRISTMAS CRAFT WHITE FAIRY ,3,10/3/2011 9:57,3.29,14096.0,United Kingdom
C556647,21878,PACK OF 6 SANDCASTLE FLAGS ASSORTED,-12,6/13/2011 16:14,0.85,13012.0,United Kingdom
547866,47567B,TEA TIME KITCHEN APRON,3,3/27/2011 13:21,5.95,14878.0,United Kingdom
545415,22720,SET OF 3 CAKE TINS PANTRY DESIGN ,3,3/2/2011 13:03,4.95,15641.0,United Kingdom
546419,21468,BUTTERFLY CROCHET FOOD COVER,2,3/13/2011 11:06,3.75,16693.0,United Kingdom
555537,21900,"KEY FOB , SHED",1,6/5/2011 12:37,0.65,15453.0,United Kingdom
547672,84459A,PINK METAL CHICKEN HEART ,2,3/24/2011 13:54,1.49,17754.0,United Kingdom
555865,23065,LARGE DECO JEWELLERY STAND,3,6/7/2011 14:30,12.5,14530.0,United Kingdom
571306,79321,CHILLI LIGHTS,4,10/17/2011 9:57,5.75,16701.0,United Kingdom
545232,22570,FELTCRAFT CUSHION RABBIT,4,3/1/2011 10:19,3.75,15676.0,United Kingdom
565150,79302M,"ART LIGHTS,FUNK MONKEY",12,9/1/2011 14:26,2.55,14298.0,United Kingdom
548212,21395,BLUE POLKADOT BEAKER ,12,3/30/2011 9:12,0.39,12456.0,Switzerland
561528,22027,TEA PARTY BIRTHDAY CARD,12,7/28/2011 8:55,0.42,13098.0,United Kingdom
566274,84949,SILVER HANGING T-LIGHT HOLDER,42,9/11/2011 13:58,1.65,13884.0,United Kingdom
547985,22147,FELTCRAFT BUTTERFLY HEARTS,12,3/29/2011 8:43,1.45,16455.0,United Kingdom
561968,21866,UNION JACK FLAG LUGGAGE TAG,1,8/1/2011 13:29,1.25,16332.0,United Kingdom
575939,22142,CHRISTMAS CRAFT WHITE FAIRY ,12,11/13/2011 11:37,1.45,13004.0,United Kingdom
543657,22748,POPPY'S PLAYHOUSE KITCHEN,6,2/11/2011 10:38,2.1,15133.0,United Kingdom
572182,22816,CARD MOTORBIKE SANTA,12,10/21/2011 10:32,0.42,13588.0,United Kingdom
543900,22813,PACK 3 BOXES BIRD PANNETONE ,24,2/14/2011 12:11,1.95,12621.0,Germany
574311,23356,LOVE HOT WATER BOTTLE,4,11/3/2011 16:56,5.95,15640.0,United Kingdom
560716,22728,ALARM CLOCK BAKELIKE PINK,6,7/20/2011 13:26,3.75,17675.0,United Kingdom
565800,21494,ROTATING LEAVES T-LIGHT HOLDER,12,9/7/2011 10:23,1.25,14911.0,EIRE
572460,20718,RED RETROSPOT SHOPPER BAG,10,10/24/2011 12:54,1.25,17001.0,United Kingdom
563404,23292,SPACEBOY CHILDRENS CUP,48,8/16/2011 11:04,1.25,16303.0,United Kingdom
547066,21243,PINK  POLKADOT PLATE ,16,3/20/2011 13:41,1.69,12921.0,United Kingdom
565384,22998,TRAVEL CARD WALLET KEEP CALM,24,9/2/2011 15:45,0.42,13507.0,United Kingdom
579408,23190,BUNDLE OF 3 SCHOOL EXERCISE BOOKS  ,1,11/29/2011 12:34,1.65,14701.0,United Kingdom
561039,47566,PARTY BUNTING,8,7/24/2011 12:02,4.95,16525.0,United Kingdom
564630,23167,SMALL CERAMIC TOP STORAGE JAR ,12,8/26/2011 11:53,0.83,13644.0,United Kingdom
C542832,35004B,SET OF 3 BLACK FLYING DUCKS,-12,2/1/2011 11:28,4.65,15694.0,United Kingdom
553842,21244,BLUE POLKADOT PLATE ,16,5/19/2011 12:24,1.69,12524.0,Germany
568909,22596,CHRISTMAS STAR WISH LIST CHALKBOARD,12,9/29/2011 13:38,1.25,16818.0,United Kingdom
579002,22421,LIPSTICK PEN FUSCHIA,7,11/27/2011 16:27,0.42,14093.0,United Kingdom
566917,22112,CHOCOLATE HOT WATER BOTTLE,12,9/15/2011 14:37,4.95,18259.0,United Kingdom
538171,20758,ABSTRACT CIRCLES POCKET BOOK,6,12/9/2010 20:01,0.85,17530.0,United Kingdom
568780,23507,MINI PLAYING CARDS BUFFALO BILL ,24,9/29/2011 8:27,0.42,18235.0,United Kingdom
551954,22411,JUMBO SHOPPER VINTAGE RED PAISLEY,10,5/5/2011 12:13,2.08,14515.0,United Kingdom
541479,21380,WOODEN HAPPY BIRTHDAY GARLAND,36,1/18/2011 11:54,2.95,16422.0,United Kingdom
555158,20749,ASSORTED COLOUR MINI CASES,2,6/1/2011 8:38,7.95,14842.0,United Kingdom
576300,22493,PAINT YOUR OWN CANVAS SET,4,11/14/2011 14:39,1.65,15058.0,United Kingdom
566301,47591D,PINK FAIRY CAKE CHILDRENS APRON,2,9/11/2011 16:06,1.95,16474.0,United Kingdom
545044,21206,STRAWBERRY HONEYCOMB  GARLAND ,12,2/27/2011 11:31,1.65,15738.0,United Kingdom
573870,21034,REX CASH+CARRY JUMBO SHOPPER,1,11/1/2011 12:25,0.95,14485.0,United Kingdom
566320,22910,PAPER CHAIN KIT VINTAGE CHRISTMAS,6,9/12/2011 11:41,2.95,13983.0,United Kingdom
579124,22131,FOOD CONTAINER SET 3 LOVE HEART ,1,11/28/2011 12:14,1.95,15721.0,United Kingdom
568146,23202,JUMBO BAG VINTAGE LEAF,10,9/25/2011 11:33,2.08,16169.0,United Kingdom
575886,22059,CERAMIC STRAWBERRY DESIGN MUG,1,11/11/2011 13:57,1.49,12517.0,Germany
558572,23206,LUNCH BAG APPLE DESIGN,10,6/30/2011 14:47,1.65,14282.0,United Kingdom
566600,22697,GREEN REGENCY TEACUP AND SAUCER,6,9/13/2011 15:41,2.95,13704.0,United Kingdom
554494,23110,PARISIENNE KEY CABINET ,2,5/24/2011 14:00,5.75,16327.0,United Kingdom
565408,23203,JUMBO BAG VINTAGE DOILY ,3,9/4/2011 11:12,2.08,16813.0,United Kingdom
578856,22139,RETROSPOT TEA SET CERAMIC 11 PC ,3,11/27/2011 11:18,4.95,17769.0,United Kingdom
562880,22646,CERAMIC STRAWBERRY CAKE MONEY BANK,72,8/10/2011 10:53,1.25,15838.0,United Kingdom
541107,21563,RED HEART SHAPE LOVE BUCKET ,12,1/13/2011 14:55,2.95,17744.0,United Kingdom
578078,16048,TEATIME ROUND PENCIL SHARPENER ,24,11/22/2011 16:24,0.12,12586.0,Italy
560255,23239,SET OF 4 KNICK KNACK TINS POPPIES,6,7/17/2011 13:08,4.15,16054.0,United Kingdom
575063,82578,KITCHEN METAL SIGN,1,11/8/2011 12:32,0.55,16764.0,United Kingdom
542107,21704,BAG 250g SWIRLY MARBLES,1,1/25/2011 13:38,0.85,16222.0,United Kingdom
539502,21065,BOOM BOX SPEAKER GIRLS,24,12/20/2010 11:14,1.25,14099.0,United Kingdom
577572,23344,JUMBO BAG 50'S CHRISTMAS ,2,11/20/2011 15:48,2.08,17384.0,United Kingdom
553703,23108,SET OF 10 LED DOLLY LIGHTS,2,5/18/2011 14:57,6.25,13192.0,United Kingdom
555533,21770,OPEN CLOSED METAL SIGN,2,6/5/2011 12:12,4.95,15722.0,United Kingdom
579446,23229,VINTAGE DONKEY TAIL GAME ,6,11/29/2011 13:43,3.75,14121.0,United Kingdom
564190,21430,SET/3 RED GINGHAM ROSE STORAGE BOX,4,8/23/2011 16:01,3.75,16143.0,United Kingdom
567340,23081,GREEN METAL BOX ARMY SUPPLIES,2,9/19/2011 15:02,8.25,12540.0,Spain
546315,84970S,HANGING HEART ZINC T-LIGHT HOLDER,12,3/11/2011 8:31,0.85,16558.0,United Kingdom
544839,48185,DOORMAT FAIRY CAKE,2,2/24/2011 10:50,7.95,14841.0,United Kingdom
575164,22169,FAMILY ALBUM WHITE PICTURE FRAME,2,11/8/2011 16:55,8.5,18216.0,United Kingdom
545914,85099F,JUMBO BAG STRAWBERRY,20,3/8/2011 11:39,1.95,13340.0,United Kingdom
540019,21868,POTTING SHED TEA MUG,12,1/4/2011 12:18,1.25,12957.0,United Kingdom
565445,22470,HEART OF WICKER LARGE,2,9/4/2011 14:50,2.95,13548.0,United Kingdom
537131,22604,SET OF 4 NAPKIN CHARMS CUTLERY,1,12/5/2010 12:26,2.55,15716.0,United Kingdom
561331,22382,LUNCH BAG SPACEBOY DESIGN ,2,7/26/2011 14:24,1.65,16809.0,United Kingdom
571328,22731,3D CHRISTMAS STAMPS STICKERS ,18,10/17/2011 11:27,1.25,12473.0,Germany
565475,21872,GLAMOROUS  MUG,72,9/5/2011 10:47,1.06,14156.0,EIRE
C542604,22666,RECIPE BOX PANTRY YELLOW DESIGN,-1,1/30/2011 12:35,2.95,13148.0,United Kingdom
557970,23069,EDWARDIAN PHOTO FRAME,2,6/24/2011 10:11,6.25,16915.0,United Kingdom
563892,90158,ST TROPEZ NECKLACE,1,8/19/2011 17:08,4.95,16330.0,United Kingdom
577258,23493,VINTAGE DOILY TRAVEL SEWING KIT,1,11/18/2011 12:27,1.95,16764.0,United Kingdom
569897,20992,JAZZ HEARTS PURSE NOTEBOOK,2,10/6/2011 16:01,0.39,17813.0,United Kingdom
570507,23433,HANGING QUILTED PATCHWORK APPLES,12,10/11/2011 9:53,0.83,16561.0,United Kingdom
580903,23300,GARDENERS KNEELING PAD CUP OF TEA ,1,12/6/2011 12:56,1.65,14606.0,United Kingdom
553211,22746,POPPY'S PLAYHOUSE LIVINGROOM ,6,5/16/2011 9:40,2.1,15358.0,United Kingdom
548406,22467,GUMBALL COAT RACK,36,3/31/2011 9:57,2.1,15061.0,United Kingdom
561247,22579,WOODEN TREE CHRISTMAS SCANDINAVIAN,12,7/26/2011 11:38,0.85,16592.0,United Kingdom
551985,22628,PICNIC BOXES SET OF 3 RETROSPOT ,4,5/5/2011 14:38,4.95,12395.0,Belgium
564995,23048,SET OF 10 LANTERNS FAIRY LIGHT STAR,2,8/31/2011 16:09,4.15,16780.0,United Kingdom
546659,22383,LUNCH BAG SUKI DESIGN ,20,3/15/2011 14:25,1.65,16996.0,United Kingdom
552723,22992,REVOLVER WOODEN RULER ,12,5/11/2011 10:18,1.95,16229.0,United Kingdom
574034,22597,MUSICAL ZINC HEART DECORATION ,2,11/2/2011 12:45,0.29,17841.0,United Kingdom
569910,22847,BREAD BIN DINER STYLE IVORY,1,10/6/2011 16:47,16.95,17139.0,United Kingdom
553833,21174,POTTERING IN THE SHED METAL SIGN,1,5/19/2011 11:41,2.08,17346.0,United Kingdom
577535,23570,TRADITIONAL PICK UP STICKS GAME ,1,11/20/2011 14:07,1.25,14071.0,United Kingdom
536464,22945,CHRISTMAS METAL TAGS ASSORTED ,6,12/1/2010 12:23,0.85,17968.0,United Kingdom
581225,84380,SET OF 3 BUTTERFLY COOKIE CUTTERS,12,12/8/2011 9:55,1.45,17677.0,United Kingdom
541206,20750,RED RETROSPOT MINI CASES,72,1/14/2011 12:24,6.35,14646.0,Netherlands
569910,22382,LUNCH BAG SPACEBOY DESIGN ,20,10/6/2011 16:47,1.65,17139.0,United Kingdom
561005,23297,SET 40 HEART SHAPE PETIT FOUR CASES,1,7/22/2011 14:53,1.65,17961.0,United Kingdom
580956,22196,SMALL HEART MEASURING SPOONS,3,12/6/2011 14:23,0.85,17841.0,United Kingdom
564747,23089,GLASS BON BON JAR,6,8/28/2011 16:09,1.65,14869.0,United Kingdom
548714,22746,POPPY'S PLAYHOUSE LIVINGROOM ,1,4/3/2011 15:07,2.1,17337.0,United Kingdom
543923,22931,BAKING MOULD HEART WHITE CHOCOLATE,6,2/14/2011 14:14,2.55,14644.0,United Kingdom
554080,22557,PLASTERS IN TIN VINTAGE PAISLEY ,6,5/22/2011 11:42,1.65,16931.0,United Kingdom
555553,23205,CHARLOTTE BAG VINTAGE ALPHABET ,10,6/5/2011 13:45,0.85,12662.0,Germany
562380,23012,GLASS APOTHECARY BOTTLE PERFUME,4,8/4/2011 15:23,3.95,14778.0,United Kingdom
553870,21326,AGED GLASS SILVER T-LIGHT HOLDER,96,5/19/2011 14:29,0.65,17980.0,United Kingdom
561043,23308,SET OF 60 VINTAGE LEAF CAKE CASES ,8,7/24/2011 12:20,0.55,15708.0,United Kingdom
546255,22595,GINGHAM HEART DECORATION,12,3/10/2011 14:56,0.85,13468.0,United Kingdom
541006,48173C,DOORMAT BLACK FLOCK ,2,1/13/2011 10:43,7.95,13993.0,United Kingdom
556937,22470,HEART OF WICKER LARGE,12,6/15/2011 16:05,2.95,17716.0,United Kingdom
564020,23202,JUMBO BAG VINTAGE LEAF,10,8/22/2011 11:57,2.08,13971.0,United Kingdom
544724,48184,DOORMAT ENGLISH ROSE ,2,2/23/2011 10:46,7.95,15605.0,United Kingdom
560845,20914,SET/5 RED RETROSPOT LID GLASS BOWLS,6,7/21/2011 12:29,2.95,15570.0,United Kingdom
573748,22086,PAPER CHAIN KIT 50'S CHRISTMAS ,12,11/1/2011 9:24,2.95,14911.0,EIRE
572282,20719,WOODLAND CHARLOTTE BAG,2,10/23/2011 11:39,0.85,17634.0,United Kingdom
579545,23208,LUNCH BAG VINTAGE LEAF DESIGN,20,11/30/2011 10:18,1.65,13098.0,United Kingdom
537142,82578,KITCHEN METAL SIGN,1,12/5/2010 12:57,0.55,12748.0,United Kingdom
571562,22382,LUNCH BAG SPACEBOY DESIGN ,20,10/18/2011 10:04,1.65,14156.0,EIRE
554866,47590A,BLUE HAPPY BIRTHDAY BUNTING,3,5/27/2011 10:41,5.45,13488.0,United Kingdom
539988,22586,FELTCRAFT HAIRBAND PINK AND BLUE,1,12/23/2010 16:06,0.85,18116.0,United Kingdom
571034,23426,METAL SIGN DROP YOUR PANTS,6,10/13/2011 12:47,2.89,12359.0,Cyprus
560536,21755,LOVE BUILDING BLOCK WORD,3,7/19/2011 12:15,5.95,16626.0,United Kingdom
578627,85099B,JUMBO BAG RED RETROSPOT,20,11/24/2011 15:41,2.08,14709.0,United Kingdom
559167,23203,JUMBO BAG DOILEY PATTERNS,2,7/6/2011 16:54,2.08,17997.0,United Kingdom
541481,21619,4 VANILLA BOTANICAL CANDLES,12,1/18/2011 12:09,1.25,14696.0,United Kingdom
562392,22979,PANTRY WASHING UP BRUSH,12,8/4/2011 16:07,1.45,15205.0,United Kingdom
556439,21116,OWL DOORSTOP,9,6/10/2011 14:46,4.95,18061.0,United Kingdom
538968,20725,LUNCH BAG RED RETROSPOT,10,12/15/2010 11:34,1.65,15384.0,United Kingdom
544074,22385,JUMBO BAG SPACEBOY DESIGN,2,2/15/2011 14:49,1.95,14156.0,EIRE
572552,22961,JAM MAKING SET PRINTED,2,10/24/2011 17:07,3.29,14096.0,United Kingdom
579142,23564,EGG CUP MILKMAID INGRID,6,11/28/2011 13:06,1.25,16744.0,United Kingdom
556917,22492,MINI PAINT SET VINTAGE ,576,6/15/2011 13:37,0.55,12415.0,Australia
562046,85014A,BLACK/BLUE POLKADOT UMBRELLA,3,8/2/2011 10:34,5.95,12378.0,Switzerland
577126,23114,VINTAGE LEAF CHOPPING BOARD  ,9,11/17/2011 19:22,4.95,12406.0,Denmark
548714,22409,MONEY BOX BISCUITS DESIGN,1,4/3/2011 15:07,1.25,17337.0,United Kingdom
581192,22654,DELUXE SEWING KIT ,2,12/7/2011 17:05,5.95,15883.0,United Kingdom
576695,22210,WOOD STAMP SET BEST WISHES,1,11/16/2011 12:25,0.83,16469.0,United Kingdom
570466,22465,HANGING METAL STAR LANTERN,2,10/10/2011 16:03,1.65,16791.0,United Kingdom
543036,72821,CUPID SCENTED CANDLE IN GLASS,2,2/2/2011 15:57,1.65,17223.0,United Kingdom
545337,20761,BLUE PAISLEY SKETCHBOOK,1,3/1/2011 17:28,3.75,15984.0,United Kingdom
574738,23206,LUNCH BAG APPLE DESIGN,1,11/6/2011 16:01,1.65,12748.0,United Kingdom
565835,21563,RED HEART SHAPE LOVE BUCKET ,1,9/7/2011 11:32,2.95,14452.0,United Kingdom
571247,23404,HOME SWEET HOME BLACKBOARD,6,10/14/2011 16:04,4.95,15826.0,United Kingdom
559155,22963,JAM JAR WITH GREEN LID,12,7/6/2011 15:49,0.85,13418.0,United Kingdom
572066,23298,SPOTTY BUNTING,18,10/20/2011 13:07,4.95,15159.0,United Kingdom
557633,48116,DOORMAT MULTICOLOUR STRIPE,2,6/21/2011 15:13,7.95,13750.0,United Kingdom
572653,85049G,CHOCOLATE BOX RIBBONS ,2,10/25/2011 12:12,1.25,15861.0,United Kingdom
538473,21166,COOK WITH WINE METAL SIGN ,4,12/12/2010 12:35,1.95,13668.0,United Kingdom
551437,22431,WATERING CAN BLUE ELEPHANT,6,4/28/2011 15:13,1.95,13725.0,United Kingdom
563569,22720,SET OF 3 CAKE TINS PANTRY DESIGN ,3,8/17/2011 14:47,4.95,18257.0,United Kingdom
542586,21206,STRAWBERRY HONEYCOMB  GARLAND ,12,1/28/2011 15:45,1.65,12377.0,Switzerland
547571,22197,SMALL POPCORN HOLDER,24,3/24/2011 9:52,0.85,16265.0,United Kingdom
548218,22682,FRENCH BLUE METAL DOOR SIGN 7,10,3/30/2011 9:36,1.25,13999.0,United Kingdom
543534,85099B,JUMBO BAG RED RETROSPOT,10,2/9/2011 13:25,1.95,13590.0,United Kingdom
567639,22302,COFFEE MUG PEARS  DESIGN,24,9/21/2011 14:07,2.55,15290.0,United Kingdom
536604,84832,ZINC WILLIE WINKIE  CANDLE STICK,12,12/2/2010 8:43,0.85,14741.0,United Kingdom
562518,23012,GLASS APOTHECARY BOTTLE PERFUME,4,8/5/2011 12:30,3.95,16818.0,United Kingdom
548309,22084,PAPER CHAIN KIT EMPIRE,1,3/30/2011 12:02,2.95,16657.0,United Kingdom
576592,22720,SET OF 3 CAKE TINS PANTRY DESIGN ,3,11/15/2011 14:47,4.95,13614.0,United Kingdom
562213,22729,ALARM CLOCK BAKELIKE ORANGE,1,8/3/2011 13:39,3.75,13975.0,United Kingdom
555746,82494L,WOODEN FRAME ANTIQUE WHITE ,3,6/7/2011 10:55,2.95,14606.0,United Kingdom
547490,22241,GARLAND WOODEN HAPPY EASTER,4,3/23/2011 11:48,1.25,17507.0,United Kingdom
577696,21620,SET OF 4 ROSE BOTANICAL CANDLES,1,11/21/2011 11:57,1.25,16406.0,United Kingdom
581404,22114,HOT WATER BOTTLE TEA AND SYMPATHY,3,12/8/2011 13:47,4.25,13680.0,United Kingdom
568204,22714,CARD BIRTHDAY COWBOY,12,9/25/2011 15:25,0.42,13670.0,United Kingdom
571653,23523,WALL ART TREASURE AHOY ,6,10/18/2011 12:17,3.29,14298.0,United Kingdom
555383,22668,PINK BABY BUNTING,5,6/2/2011 15:13,2.95,12517.0,Germany
563104,21340,CLASSIC METAL BIRDCAGE PLANT HOLDER,2,8/12/2011 10:13,12.75,13888.0,United Kingdom
561864,23083,SET 6 PAPER TABLE LANTERN STARS ,48,7/31/2011 10:43,3.29,13217.0,United Kingdom
576062,23237,SET OF 4 KNICK KNACK TINS LEAF,12,11/13/2011 15:30,4.15,12867.0,United Kingdom
537111,22804,CANDLEHOLDER PINK HANGING HEART,2,12/5/2010 12:08,2.95,14810.0,United Kingdom
550200,23208,LUNCH BAG VINTAGE LEAF DESIGN,10,4/15/2011 10:21,1.65,16523.0,United Kingdom
563178,23031,DRAWER KNOB CRACKLE GLAZE PINK,6,8/12/2011 14:12,1.65,16011.0,United Kingdom
571669,21481,FAWN BLUE HOT WATER BOTTLE,3,10/18/2011 13:11,3.75,17758.0,United Kingdom
545408,22625,RED KITCHEN SCALES,2,3/2/2011 12:10,8.5,15067.0,United Kingdom
566781,21915,RED  HARMONICA IN BOX ,12,9/15/2011 10:11,1.25,17333.0,United Kingdom
558057,22383,LUNCH BAG SUKI DESIGN ,10,6/24/2011 14:57,1.65,15665.0,United Kingdom
581146,22086,PAPER CHAIN KIT 50'S CHRISTMAS ,3,12/7/2011 13:53,2.95,17602.0,United Kingdom
573033,21169,YOU'RE CONFUSING ME METAL SIGN ,6,10/27/2011 13:41,1.69,14099.0,United Kingdom
551193,21580,RABBIT  DESIGN  COTTON TOTE BAG,1,4/27/2011 11:05,2.25,17954.0,United Kingdom
547055,85188A,GREEN METAL SWINGING BUNNY,2,3/20/2011 12:14,0.85,16444.0,United Kingdom
558455,22784,LANTERN CREAM GAZEBO ,3,6/29/2011 13:58,4.95,14327.0,United Kingdom
567656,84031B,CHARLIE LOLA BLUE HOT WATER BOTTLE ,1,9/21/2011 14:40,4.13,14096.0,United Kingdom
543309,22352,LUNCH BOX WITH CUTLERY RETROSPOT ,1,2/7/2011 12:05,2.55,18118.0,United Kingdom
572863,22661,CHARLOTTE BAG DOLLY GIRL DESIGN,5,10/26/2011 12:53,0.85,17841.0,United Kingdom
560417,22775,PURPLE DRAWERKNOB ACRYLIC EDWARDIAN,12,7/18/2011 14:56,1.25,16011.0,United Kingdom
568065,23157,SET OF 6 NATIVITY MAGNETS ,12,9/23/2011 13:44,2.08,16240.0,United Kingdom
553224,22367,CHILDRENS APRON SPACEBOY DESIGN,2,5/16/2011 10:40,1.95,17228.0,United Kingdom
560901,84944,SET OF 6 KASHMIR FOLKART BAUBLES,12,7/21/2011 17:39,1.65,12476.0,Germany
542790,22178,VICTORIAN GLASS HANGING T-LIGHT,12,2/1/2011 10:38,1.25,16612.0,United Kingdom
562432,23208,LUNCH BAG VINTAGE LEAF DESIGN,20,8/4/2011 17:38,1.65,14004.0,United Kingdom
544298,22931,BAKING MOULD HEART WHITE CHOCOLATE,12,2/17/2011 12:51,2.1,14298.0,United Kingdom
558067,22905,CALENDAR IN SEASON DESIGN,6,6/24/2011 15:51,2.95,14156.0,EIRE
539469,82494L,WOODEN FRAME ANTIQUE WHITE ,2,12/19/2010 13:59,2.95,17841.0,United Kingdom
579427,22666,RECIPE BOX PANTRY YELLOW DESIGN,2,11/29/2011 13:04,2.95,16479.0,United Kingdom
542619,22588,CARD HOLDER GINGHAM HEART,5,1/30/2011 15:54,2.55,13869.0,United Kingdom
563228,22840,ROUND CAKE TIN VINTAGE RED,1,8/14/2011 15:34,7.95,17988.0,United Kingdom
C579781,22457,NATURAL SLATE HEART CHALKBOARD ,-1,11/30/2011 15:20,2.95,17451.0,United Kingdom
C554517,23118,PARISIENNE JEWELLERY DRAWER ,-2,5/24/2011 16:55,7.5,15434.0,United Kingdom
541289,21042,RED RETROSPOT APRON ,1,1/17/2011 13:23,5.95,14606.0,United Kingdom
566595,23340,VINTAGE CHRISTMAS CAKE FRILL,480,9/13/2011 15:03,1.45,18251.0,United Kingdom
577485,23167,SMALL CERAMIC TOP STORAGE JAR ,8,11/20/2011 11:56,0.83,16360.0,United Kingdom
548612,20725,LUNCH BAG RED RETROSPOT,10,4/1/2011 11:34,1.65,13137.0,United Kingdom
566258,22326,ROUND SNACK BOXES SET OF4 WOODLAND ,8,9/11/2011 12:45,2.95,13124.0,United Kingdom
574303,23296,SET OF 6 TEA TIME BAKING CASES,48,11/3/2011 16:28,1.25,13324.0,United Kingdom
560828,16161G,WRAP BAD HAIR DAY,50,7/21/2011 11:55,0.1,14298.0,United Kingdom
579144,23473,WOODLAND SMALL RED FELT HEART,12,11/28/2011 13:11,0.83,13269.0,United Kingdom
571442,23375,50'S CHRISTMAS PAPER GIFT BAG,20,10/17/2011 13:39,0.82,17049.0,United Kingdom
562517,21993,FLORAL FOLK STATIONERY SET,2,8/5/2011 12:27,1.25,15719.0,United Kingdom
537387,82484,WOOD BLACK BOARD ANT WHITE FINISH,3,12/6/2010 13:34,6.45,13468.0,United Kingdom
540168,22569,FELTCRAFT CUSHION BUTTERFLY,2,1/5/2011 12:15,3.75,13715.0,United Kingdom
562345,23300,GARDENERS KNEELING PAD CUP OF TEA ,48,8/4/2011 12:14,1.45,13694.0,United Kingdom
565588,82600,NO SINGING METAL SIGN,1,9/5/2011 13:50,2.1,16918.0,United Kingdom
537538,22295,HEART FILIGREE DOVE LARGE,12,12/7/2010 11:49,1.65,15353.0,United Kingdom
544368,85199L,LARGE HANGING IVORY & RED WOOD BIRD,1,2/18/2011 11:27,0.65,14057.0,United Kingdom
537862,84946,ANTIQUE SILVER TEA GLASS ETCHED,12,12/8/2010 16:21,1.25,12971.0,United Kingdom
C549666,21530,DAIRY MAID TOASTRACK,-2,4/11/2011 12:17,0.79,13113.0,United Kingdom
563444,23374,RED SPOT PAPER GIFT BAG,5,8/16/2011 13:50,0.82,16033.0,United Kingdom
567618,16156S,WRAP PINK FAIRY CAKES ,50,9/21/2011 12:26,0.42,12721.0,France
553374,20718,RED RETROSPOT SHOPPER BAG,10,5/16/2011 14:51,1.25,14489.0,United Kingdom
566917,22834,HAND WARMER BABUSHKA DESIGN,12,9/15/2011 14:37,2.1,18259.0,United Kingdom
579399,79066K,RETRO MOD TRAY,1,11/29/2011 12:09,0.85,13137.0,United Kingdom
549014,22616,PACK OF 12 LONDON TISSUES ,8,4/5/2011 15:00,0.29,17841.0,United Kingdom
561072,23251,VINTAGE RED ENAMEL TRIM MUG ,12,7/24/2011 15:39,1.25,14019.0,United Kingdom
557635,22645,CERAMIC HEART FAIRY CAKE MONEY BANK,4,6/21/2011 15:27,1.45,12748.0,United Kingdom
552320,22379,RECYCLING BAG RETROSPOT ,10,5/9/2011 8:26,2.1,13985.0,United Kingdom
565766,23147,SINGLE ANTIQUE ROSE HOOK IVORY,3,9/6/2011 14:23,1.45,17841.0,United Kingdom
538182,85123A,WHITE HANGING HEART T-LIGHT HOLDER,6,12/10/2010 10:18,2.95,17827.0,United Kingdom
551835,22072,RED RETROSPOT TEA CUP AND SAUCER ,4,5/4/2011 13:17,3.75,17646.0,United Kingdom
559330,22037,ROBOT BIRTHDAY CARD,12,7/7/2011 15:44,0.42,17696.0,United Kingdom
538156,84356,POMPOM CURTAIN,1,12/9/2010 16:53,6.95,15555.0,United Kingdom
546850,22951,60 CAKE CASES DOLLY GIRL DESIGN,2,3/17/2011 13:20,0.55,13268.0,United Kingdom
576774,21790,VINTAGE SNAP CARDS,12,11/16/2011 13:21,0.85,13131.0,United Kingdom
567700,21790,VINTAGE SNAP CARDS,12,9/22/2011 9:33,0.85,16379.0,United Kingdom
576079,23265,SET OF 3 WOODEN TREE DECORATIONS,1,11/13/2011 16:24,1.25,16877.0,United Kingdom
547360,22652,TRAVEL SEWING KIT,10,3/22/2011 12:30,1.65,16135.0,United Kingdom
580482,22946,WOODEN ADVENT CALENDAR CREAM,1,12/4/2011 12:44,16.95,16033.0,United Kingdom
542004,15036,ASSORTED COLOURS SILK FAN,48,1/25/2011 11:08,0.75,12971.0,United Kingdom
572121,20828,GLITTER BUTTERFLY CLIPS,13,10/20/2011 19:51,2.55,17092.0,United Kingdom
558738,21987,PACK OF 6 SKULL PAPER CUPS,12,7/1/2011 15:35,0.65,12922.0,United Kingdom
541709,21259,VICTORIAN SEWING BOX SMALL ,2,1/21/2011 11:09,5.95,17504.0,United Kingdom
546030,85178,VICTORIAN SEWING KIT,12,3/9/2011 8:59,1.25,14013.0,United Kingdom
C572531,23122,PARTY CHARMS 50 PIECES,-2,10/24/2011 15:57,0.83,13269.0,United Kingdom
578824,22851,SET 20 NAPKINS FAIRY CAKES DESIGN ,1,11/25/2011 14:02,0.85,17883.0,United Kingdom
554123,21713,CITRONELLA CANDLE FLOWERPOT,8,5/22/2011 15:44,2.1,16818.0,United Kingdom
574100,22616,PACK OF 12 LONDON TISSUES ,24,11/3/2011 10:13,0.39,14098.0,United Kingdom
557473,22705,WRAP GREEN PEARS ,25,6/20/2011 13:28,0.42,17428.0,United Kingdom
556779,21200,MULTICOLOUR HONEYCOMB PAPER GARLAND,2,6/14/2011 12:45,1.65,16774.0,United Kingdom
570821,22940,FELTCRAFT CHRISTMAS FAIRY,12,10/12/2011 12:51,3.75,17173.0,United Kingdom
C577832,22989,SET 2 PANTRY DESIGN TEA TOWELS,-6,11/22/2011 10:18,3.25,18274.0,United Kingdom
577483,22227,HANGING HEART MIRROR DECORATION ,4,11/20/2011 11:50,0.65,14502.0,United Kingdom
580727,22420,LIPSTICK PEN BABY PINK,6,12/5/2011 17:17,0.83,14096.0,United Kingdom
548451,21703,BAG 125g SWIRLY MARBLES,12,3/31/2011 11:25,0.42,17365.0,United Kingdom
562203,22652,TRAVEL SEWING KIT,10,8/3/2011 12:50,1.65,16102.0,United Kingdom
572617,22666,RECIPE BOX PANTRY YELLOW DESIGN,6,10/25/2011 11:52,2.95,18272.0,United Kingdom
568542,22121,NOEL WOODEN BLOCK LETTERS ,1,9/27/2011 14:31,5.95,16750.0,United Kingdom
558620,85035C,ROSE 3 WICK MORRIS BOX CANDLE,1,6/30/2011 16:39,4.25,15584.0,United Kingdom
541604,22721,SET OF 3 CAKE TINS SKETCHBOOK,2,1/19/2011 17:23,4.95,14572.0,United Kingdom
543565,22961,JAM MAKING SET PRINTED,12,2/10/2011 10:40,1.45,14431.0,United Kingdom
581449,22727,ALARM CLOCK BAKELIKE RED ,1,12/8/2011 17:37,3.75,12748.0,United Kingdom
567326,23252,VINTAGE RED ENAMEL TRIM JUG ,4,9/19/2011 14:38,3.75,14290.0,United Kingdom
557414,84077,WORLD WAR 2 GLIDERS ASSTD DESIGNS,48,6/20/2011 11:42,0.29,15840.0,United Kingdom
553655,82486,WOOD S/3 CABINET ANT WHITE FINISH,2,5/18/2011 11:14,8.95,16775.0,United Kingdom
557621,84820,DANISH ROSE TRINKET TRAYS,2,6/21/2011 14:00,5.95,12444.0,Norway
558099,90067A,PINK VINTAGE VICTORIAN EARRINGS,3,6/26/2011 13:45,2.95,17593.0,United Kingdom
561796,22586,FELTCRAFT HAIRBAND PINK AND BLUE,12,7/29/2011 13:34,0.85,13138.0,United Kingdom
573579,23534,WALL ART STOP FOR TEA ,3,10/31/2011 14:19,5.95,15033.0,United Kingdom
577842,23355,HOT WATER BOTTLE KEEP CALM,16,11/22/2011 10:39,4.95,16353.0,United Kingdom
552263,23008,DOLLY GIRL BABY GIFT SET,6,5/8/2011 11:38,14.95,15561.0,United Kingdom
575692,22578,WOODEN STAR CHRISTMAS SCANDINAVIAN,2,11/10/2011 16:27,0.29,12508.0,France
569363,23191,BUNDLE OF 3 RETRO NOTE BOOKS,24,10/3/2011 15:08,1.65,13297.0,United Kingdom
558700,22115,METAL SIGN EMPIRE TEA,1,7/1/2011 12:33,0.79,17920.0,United Kingdom
570866,23408,PHOTO FRAME LINEN AND LACE SMALL,12,10/12/2011 15:49,2.08,17096.0,United Kingdom
550504,22610,PENS ASSORTED FUNNY FACE,36,4/18/2011 15:43,0.85,16654.0,United Kingdom
577609,POST,POSTAGE,1,11/21/2011 9:51,300.0,12349.0,Italy
578017,23203,JUMBO BAG VINTAGE DOILY ,1,11/22/2011 13:07,2.08,13569.0,United Kingdom
556325,22622,BOX OF VINTAGE ALPHABET BLOCKS,3,6/10/2011 11:20,11.95,17234.0,United Kingdom
550459,85123A,WHITE HANGING HEART T-LIGHT HOLDER,5,4/18/2011 13:17,2.95,18116.0,United Kingdom
573311,22728,ALARM CLOCK BAKELIKE PINK,1,10/28/2011 16:45,3.75,14071.0,United Kingdom
568065,23344,JUMBO BAG 50'S CHRISTMAS ,10,9/23/2011 13:44,2.08,16240.0,United Kingdom
537250,22082,RIBBON REEL STRIPES DESIGN ,10,12/6/2010 10:43,1.65,12708.0,Germany
544037,21059,PARTY INVITES DINOSAURS,24,2/15/2011 11:31,0.85,14961.0,United Kingdom
538151,22961,JAM MAKING SET PRINTED,12,12/9/2010 16:28,1.45,16163.0,United Kingdom
543464,22804,CANDLEHOLDER PINK HANGING HEART,6,2/8/2011 14:15,2.95,16779.0,United Kingdom
581237,23508,MINI PLAYING CARDS DOLLY GIRL ,1,12/8/2011 10:40,0.42,15443.0,United Kingdom
563697,23203,JUMBO BAG VINTAGE DOILY ,3,8/18/2011 13:44,2.08,16813.0,United Kingdom
544944,85200,BUNNY EGG BOX,12,2/25/2011 10:46,1.25,14541.0,United Kingdom
540505,85180A,RED HEARTS LIGHT CHAIN ,12,1/9/2011 11:05,1.25,17095.0,United Kingdom
559904,23144,ZINC T-LIGHT HOLDER STARS SMALL,12,7/13/2011 13:20,0.83,13149.0,United Kingdom
550035,21215,IVORY PAPER CUP CAKE CASES ,6,4/14/2011 11:48,0.55,15039.0,United Kingdom
571158,21775,DECORATIVE FLORE BATHROOM BOTTLE,6,10/14/2011 10:25,1.25,14606.0,United Kingdom
537193,22770,MIRROR CORNICE,1,12/5/2010 13:49,14.95,15023.0,United Kingdom
550836,21340,CLASSIC METAL BIRDCAGE PLANT HOLDER,1,4/21/2011 10:55,12.75,14759.0,United Kingdom
580260,23418,LAVENDER TOILETTE BOTTLE,3,12/2/2011 12:36,2.08,14085.0,United Kingdom
549099,82582,AREA PATROLLED METAL SIGN,1,4/6/2011 11:07,2.1,16241.0,United Kingdom
556685,23253,16 PIECE CUTLERY SET PANTRY DESIGN,2,6/14/2011 10:00,15.95,14503.0,United Kingdom
562339,21916,SET 12 RETRO WHITE CHALK STICKS,1,8/4/2011 11:59,0.42,13571.0,United Kingdom
571411,22119,PEACE WOODEN BLOCK LETTERS,2,10/17/2011 12:33,6.95,17858.0,United Kingdom
558096,21112,SWISS ROLL TOWEL PINK  SPOTS,2,6/26/2011 13:24,2.95,15532.0,United Kingdom
550462,20723,STRAWBERRY CHARLOTTE BAG,10,4/18/2011 13:22,0.85,16458.0,United Kingdom
577403,21108,FAIRY CAKE FLANNEL ASSORTED COLOUR,36,11/20/2011 10:15,0.79,13988.0,United Kingdom
569580,22187,GREEN CHRISTMAS TREE CARD HOLDER,3,10/5/2011 11:16,1.95,15039.0,United Kingdom
561797,85099B,JUMBO BAG RED RETROSPOT,10,7/29/2011 13:37,2.08,13178.0,United Kingdom
573343,23198,PANTRY MAGNETIC  SHOPPING LIST,2,10/30/2011 11:59,1.45,13566.0,United Kingdom
540672,22974,CHILDRENS DOLLY GIRL MUG,12,1/10/2011 15:51,1.65,15281.0,United Kingdom
550277,POST,POSTAGE,3,4/15/2011 12:48,40.0,12639.0,Sweden
560259,22628,PICNIC BOXES SET OF 3 RETROSPOT ,4,7/17/2011 13:29,4.95,13654.0,United Kingdom
544939,22178,VICTORIAN GLASS HANGING T-LIGHT,12,2/25/2011 10:10,1.25,17034.0,United Kingdom
539484,22952,60 CAKE CASES VINTAGE CHRISTMAS,24,12/19/2010 15:44,0.55,15640.0,United Kingdom
580613,21270,ANTIQUE CREAM CUTLERY CUPBOARD,1,12/5/2011 12:03,12.75,14759.0,United Kingdom
544582,79321,CHILLI LIGHTS,8,2/21/2011 14:38,5.75,13410.0,United Kingdom
544077,20854,BLUE PATCH PURSE PINK HEART,4,2/15/2011 15:04,1.65,14825.0,United Kingdom
569524,22766,PHOTO FRAME CORNICE,3,10/4/2011 14:42,2.95,14506.0,United Kingdom
577496,23539,WALL ART LOVES' SECRET ,8,11/20/2011 12:20,5.95,16784.0,United Kingdom
545602,21531,RED RETROSPOT SUGAR JAM BOWL,2,3/4/2011 11:49,2.55,17315.0,United Kingdom
575576,23393,HOME SWEET HOME CUSHION COVER ,4,11/10/2011 11:45,3.75,16025.0,United Kingdom
564335,22091,EMPIRE TISSUE BOX,2,8/24/2011 14:23,0.39,15800.0,United Kingdom
557759,79051A,SMOKEY GREY COLOUR D.O.F. GLASS,24,6/22/2011 13:52,0.29,14156.0,EIRE
571654,20914,SET/5 RED RETROSPOT LID GLASS BOWLS,2,10/18/2011 12:17,2.95,18118.0,United Kingdom
C557566,22103,MIRROR MOSAIC T-LIGHT HOLDER ROUND,-2,6/21/2011 10:39,1.65,15998.0,United Kingdom
581133,22380,TOY TIDY SPACEBOY  ,20,12/7/2011 12:55,0.79,14904.0,United Kingdom
549553,37482P,CUBIC MUG PINK POLKADOT,5,4/10/2011 12:22,0.39,16931.0,United Kingdom
550359,22090,PAPER BUNTING RETROSPOT,1,4/18/2011 10:41,2.95,17841.0,United Kingdom
546261,21458,2 PICTURE BOOK EGGS EASTER BUNNY,3,3/10/2011 15:01,1.25,17841.0,United Kingdom
572885,22683,FRENCH BLUE METAL DOOR SIGN 8,3,10/26/2011 13:45,1.25,15311.0,United Kingdom
548199,21931,JUMBO STORAGE BAG SUKI,10,3/29/2011 16:12,1.95,16945.0,United Kingdom
580872,23344,JUMBO BAG 50'S CHRISTMAS ,10,12/6/2011 12:02,2.08,18283.0,United Kingdom
577747,22689,DOORMAT MERRY CHRISTMAS RED ,30,11/21/2011 14:21,8.0,17450.0,United Kingdom
C572546,23108,SET OF 10 LED DOLLY LIGHTS,-1,10/24/2011 16:50,6.25,17481.0,United Kingdom
557627,16218,CARTOON  PENCIL SHARPENERS,240,6/21/2011 14:30,0.06,12583.0,France
574733,22766,PHOTO FRAME CORNICE,8,11/6/2011 15:17,2.95,17082.0,United Kingdom
576508,85061W,WHITE JEWELLED HEART DECORATION,4,11/15/2011 12:02,0.85,17777.0,United Kingdom
569403,84879,ASSORTED COLOUR BIRD ORNAMENT,16,10/4/2011 9:02,1.69,13319.0,United Kingdom
552821,22759,SET OF 3 NOTEBOOKS IN PARCEL,1,5/11/2011 12:58,1.65,18118.0,United Kingdom
573758,21200,MULTICOLOUR HONEYCOMB PAPER GARLAND,24,11/1/2011 9:51,1.65,14345.0,United Kingdom
561584,20619,TROPICAL PASSPORT COVER ,6,7/28/2011 10:38,2.1,13534.0,United Kingdom
569141,23426,METAL SIGN DROP YOUR PANTS,18,9/30/2011 15:02,2.89,13021.0,United Kingdom
577108,22139,RETROSPOT TEA SET CERAMIC 11 PC ,2,11/17/2011 17:34,4.95,15983.0,United Kingdom
557892,84992,72 SWEETHEART FAIRY CAKE CASES,1,6/23/2011 14:11,0.55,14534.0,United Kingdom
542719,22295,HEART FILIGREE DOVE LARGE,2,1/31/2011 14:18,1.65,17619.0,United Kingdom
580399,21563,RED HEART SHAPE LOVE BUCKET ,12,12/4/2011 11:45,0.79,13471.0,United Kingdom
543458,21755,LOVE BUILDING BLOCK WORD,2,2/8/2011 13:28,5.95,14587.0,United Kingdom
562153,22382,LUNCH BAG SPACEBOY DESIGN ,30,8/3/2011 11:21,1.45,14088.0,United Kingdom
580256,82552,WASHROOM METAL SIGN,4,12/2/2011 12:24,1.45,14688.0,United Kingdom
576062,22867,HAND WARMER BIRD DESIGN,5,11/13/2011 15:30,2.1,12867.0,United Kingdom
545980,22738,RIBBON REEL SNOWY VILLAGE,1,3/8/2011 12:49,1.65,14730.0,United Kingdom
539292,82486,WOOD S/3 CABINET ANT WHITE FINISH,2,12/16/2010 16:42,7.95,16539.0,United Kingdom
549234,23127,FELTCRAFT GIRL NICOLE KIT,1,4/7/2011 11:12,4.95,16515.0,United Kingdom
538708,84823,DANISH ROSE FOLDING CHAIR,8,12/14/2010 10:43,7.95,16202.0,United Kingdom
549729,22804,CANDLEHOLDER PINK HANGING HEART,2,4/11/2011 16:17,2.95,13634.0,United Kingdom
540856,21199,PINK  HEART CONFETTI IN TUBE,48,1/12/2011 10:16,0.42,16655.0,United Kingdom
572899,20763,DAISY SKETCHBOOK ,1,10/26/2011 14:50,3.75,13435.0,United Kingdom
567200,21059,PARTY INVITES DINOSAURS,12,9/19/2011 10:15,0.85,16460.0,United Kingdom
568317,23215,JINGLE BELL HEART ANTIQUE SILVER,12,9/26/2011 13:25,2.08,17491.0,United Kingdom
539050,21034,REX CASH+CARRY JUMBO SHOPPER,1,12/15/2010 16:21,0.95,12577.0,France
541795,22749,FELTCRAFT PRINCESS CHARLOTTE DOLL,2,1/21/2011 13:47,3.75,14692.0,United Kingdom
566290,22382,LUNCH BAG SPACEBOY DESIGN ,1,9/11/2011 15:24,1.65,14456.0,United Kingdom
565588,23130,MISTLETOE HEART WREATH GREEN,6,9/5/2011 13:50,4.15,16918.0,United Kingdom
568901,23349,ROLL WRAP VINTAGE CHRISTMAS,6,9/29/2011 13:22,1.25,15050.0,United Kingdom
563903,20727,LUNCH BAG  BLACK SKULL.,5,8/21/2011 11:15,1.65,17068.0,United Kingdom
554942,22212,FOUR HOOK  WHITE LOVEBIRDS,1,5/27/2011 14:01,2.1,17841.0,United Kingdom
553936,23202,JUMBO BAG VINTAGE LEAF,10,5/20/2011 10:32,1.95,15078.0,United Kingdom
550662,22652,TRAVEL SEWING KIT,10,4/20/2011 9:29,1.65,15078.0,United Kingdom
567662,22748,POPPY'S PLAYHOUSE KITCHEN,6,9/21/2011 15:12,2.1,17758.0,United Kingdom
562551,90036E,"FLOWER GLASS GARLD NECKL36""AMETHYST",1,8/5/2011 16:19,7.95,17231.0,United Kingdom
577728,22383,LUNCH BAG SUKI DESIGN ,1,11/21/2011 12:52,1.65,17811.0,United Kingdom
567195,22588,CARD HOLDER GINGHAM HEART,12,9/19/2011 9:30,2.89,17451.0,United Kingdom
537867,21741,COSY SLIPPER SHOES LARGE GREEN,6,12/8/2010 16:48,2.95,16717.0,United Kingdom
568907,23243,SET OF TEA COFFEE SUGAR TINS PANTRY,8,9/29/2011 13:35,4.95,15370.0,United Kingdom
541997,21868,POTTING SHED TEA MUG,12,1/25/2011 10:38,1.25,18077.0,United Kingdom
580956,84029E,RED WOOLLY HOTTIE WHITE HEART.,2,12/6/2011 14:23,4.25,17841.0,United Kingdom
547500,22938,CUPCAKE LACE PAPER SET 6,48,3/23/2011 12:39,1.65,13408.0,United Kingdom
536561,22318,FIVE HEART HANGING DECORATION,6,12/1/2010 15:06,2.95,12921.0,United Kingdom
549978,23050,RECYCLED ACAPULCO MAT GREEN,2,4/13/2011 15:00,8.25,14834.0,United Kingdom
538012,21238,RED RETROSPOT CUP,2,12/9/2010 12:32,0.85,14527.0,United Kingdom
544039,48188,DOORMAT WELCOME PUPPIES,20,2/15/2011 11:33,6.75,14744.0,United Kingdom
573511,22195,LARGE HEART MEASURING SPOONS,24,10/31/2011 12:25,1.65,12347.0,Iceland
544405,22825,DECORATIVE PLANT POT WITH FRIEZE,1,2/18/2011 13:10,7.95,16814.0,United Kingdom
557569,22025,RING OF ROSES BIRTHDAY CARD,12,6/21/2011 10:46,0.42,12474.0,Germany
541604,22938,CUPCAKE LACE PAPER SET 6,12,1/19/2011 17:23,1.95,14572.0,United Kingdom
569729,82484,WOOD BLACK BOARD ANT WHITE FINISH,2,10/6/2011 9:43,7.95,16350.0,United Kingdom
580727,22653,BUTTON BOX ,4,12/5/2011 17:17,1.63,14096.0,United Kingdom
577980,22960,JAM MAKING SET WITH JARS,1,11/22/2011 12:24,4.25,16330.0,United Kingdom
562670,22558,CLOTHES PEGS RETROSPOT PACK 24 ,12,8/8/2011 13:42,1.65,14911.0,EIRE
579093,23209,LUNCH BAG VINTAGE DOILY ,40,11/28/2011 10:54,1.65,13081.0,United Kingdom
580956,22499,WOODEN UNION JACK BUNTING,3,12/6/2011 14:23,5.95,17841.0,United Kingdom
570254,22424,ENAMEL BREAD BIN CREAM,3,10/10/2011 9:41,12.75,16179.0,United Kingdom
567709,22138,BAKING SET 9 PIECE RETROSPOT ,3,9/22/2011 9:53,4.95,15239.0,United Kingdom
546003,22636,CHILDS BREAKFAST SET CIRCUS PARADE,3,3/8/2011 15:07,8.5,16712.0,United Kingdom
576212,23503,PLAYING CARDS KEEP CALM & CARRY ON,6,11/14/2011 12:45,1.25,18082.0,United Kingdom
563557,21535,RED RETROSPOT SMALL MILK JUG,6,8/17/2011 13:33,2.55,15786.0,United Kingdom
542796,21985,PACK OF 12 HEARTS DESIGN TISSUES ,12,2/1/2011 11:07,0.29,17356.0,United Kingdom
574682,22197,POPCORN HOLDER,25,11/6/2011 12:44,0.85,14963.0,United Kingdom
552261,23201,JUMBO BAG ALPHABET,10,5/8/2011 11:34,1.95,16807.0,United Kingdom
564042,22728,ALARM CLOCK BAKELIKE PINK,2,8/22/2011 12:52,3.75,15443.0,United Kingdom
554097,22431,WATERING CAN BLUE ELEPHANT,6,5/22/2011 13:01,1.95,12567.0,France
538035,22078,RIBBON REEL LACE DESIGN ,1,12/9/2010 13:03,2.1,16065.0,United Kingdom
536743,21918,SET 12 KIDS COLOUR  CHALK STICKS,1,12/2/2010 13:32,0.42,17964.0,United Kingdom
538145,21135,VICTORIAN  METAL POSTCARD SPRING,8,12/9/2010 16:08,1.69,15211.0,United Kingdom
576655,20970,PINK FLORAL FELTCRAFT SHOULDER BAG,4,11/16/2011 10:55,3.75,15687.0,United Kingdom
536796,22744,MAKE YOUR OWN MONSOON CARD KIT,2,12/2/2010 15:46,2.95,15574.0,United Kingdom
536863,21586,KINGS CHOICE GIANT TUBE MATCHES,1,12/3/2010 11:19,2.55,17967.0,United Kingdom
542621,84536B,FAIRY CAKES NOTEBOOK A7 SIZE,16,1/31/2011 9:05,0.42,12528.0,Germany
555257,23298,SPOTTY BUNTING,5,6/1/2011 15:28,4.95,17596.0,United Kingdom
546378,22241,GARLAND WOODEN HAPPY EASTER,12,3/11/2011 12:17,1.25,14329.0,United Kingdom
574080,23009,I LOVE LONDON BABY GIFT SET,1,11/2/2011 16:29,16.95,16348.0,United Kingdom
580956,22135,MINI LADLE LOVE HEART PINK,2,12/6/2011 14:23,0.42,17841.0,United Kingdom
539040,48138,DOORMAT UNION FLAG,2,12/15/2010 15:14,7.95,17214.0,United Kingdom
562712,84991,60 TEATIME FAIRY CAKE CASES,24,8/8/2011 15:00,0.55,13016.0,United Kingdom
554162,23204,CHARLOTTE BAG APPLES DESIGN,10,5/23/2011 11:52,0.85,16722.0,United Kingdom
554977,85099C,JUMBO  BAG BAROQUE BLACK WHITE,2,5/29/2011 11:03,2.08,16444.0,United Kingdom
573275,21530,DAIRY MAID TOASTRACK,1,10/28/2011 13:12,0.79,15311.0,United Kingdom
551013,22314,OFFICE MUG WARMER CHOC+BLUE,6,4/26/2011 10:54,2.95,15108.0,European Community
550468,21314,SMALL GLASS HEART TRINKET POT,8,4/18/2011 13:43,2.1,16700.0,United Kingdom
561208,22996,TRAVEL CARD WALLET VINTAGE TICKET,72,7/25/2011 16:39,0.42,15372.0,United Kingdom
580956,23002,TRAVEL CARD WALLET SKULLS,2,12/6/2011 14:23,0.42,17841.0,United Kingdom
543631,22839,3 TIER CAKE TIN GREEN AND CREAM,1,2/10/2011 16:17,14.95,14081.0,United Kingdom
551869,21724,PANDA AND BUNNIES STICKER SHEET,10,5/4/2011 16:36,0.85,16767.0,United Kingdom
564060,23360,SET 8 CANDLES VINTAGE DOILY,2,8/22/2011 14:37,1.95,17073.0,United Kingdom
563262,23182,TOILET SIGN OCCUPIED OR VACANT,24,8/15/2011 12:44,0.83,15311.0,United Kingdom
566771,22588,CARD HOLDER GINGHAM HEART,6,9/15/2011 9:34,2.89,15322.0,United Kingdom
566612,47594B,SCOTTIES DESIGN WASHBAG,5,9/13/2011 17:16,1.95,16229.0,United Kingdom
556113,48184,DOORMAT ENGLISH ROSE ,2,6/9/2011 9:32,7.95,13510.0,United Kingdom
557318,22767,TRIPLE PHOTO FRAME CORNICE ,2,6/19/2011 16:11,9.95,14911.0,EIRE
553831,23110,PARISIENNE KEY CABINET ,4,5/19/2011 11:36,5.75,14442.0,Channel Islands
555591,22683,FRENCH BLUE METAL DOOR SIGN 8,10,6/6/2011 9:59,1.25,15073.0,United Kingdom
558063,16161P,WRAP ENGLISH ROSE ,25,6/24/2011 15:28,0.42,16395.0,United Kingdom
545764,21622,VINTAGE UNION JACK CUSHION COVER,2,3/7/2011 12:00,4.95,13408.0,United Kingdom
558992,23243,SET OF TEA COFFEE SUGAR TINS PANTRY,8,7/5/2011 11:36,4.95,14223.0,United Kingdom
561896,22326,ROUND SNACK BOXES SET OF4 WOODLAND ,6,7/31/2011 15:22,2.95,15819.0,United Kingdom
558041,23321,SMALL WHITE HEART OF WICKER,12,6/24/2011 13:20,1.65,12422.0,Switzerland
571747,22079,RIBBON REEL HEARTS DESIGN ,10,10/19/2011 10:59,1.65,13849.0,United Kingdom
578679,22273,FELTCRAFT DOLL MOLLY,12,11/25/2011 8:12,2.95,15117.0,United Kingdom
579171,22197,POPCORN HOLDER,3,11/28/2011 14:30,0.85,13030.0,United Kingdom
568517,82581,TOILET METAL SIGN,2,9/27/2011 12:52,0.55,14456.0,United Kingdom
557292,22661,CHARLOTTE BAG DOLLY GIRL DESIGN,10,6/19/2011 13:06,0.85,17562.0,United Kingdom
566285,22284,HEN HOUSE DECORATION,12,9/11/2011 14:51,1.65,13611.0,United Kingdom
538655,84992,72 SWEETHEART FAIRY CAKE CASES,2,12/13/2010 15:16,0.55,17375.0,United Kingdom
566730,47590A,BLUE HAPPY BIRTHDAY BUNTING,1,9/14/2011 13:31,5.45,14606.0,United Kingdom
550034,22457,NATURAL SLATE HEART CHALKBOARD ,12,4/14/2011 11:48,2.95,16187.0,United Kingdom
568095,90022,EDWARDIAN DROP EARRINGS JET BLACK,4,9/23/2011 14:49,3.75,14911.0,EIRE
553009,84249A,"GREETING CARD,SQUARE, DOUGHNUTS",12,5/12/2011 16:52,0.42,13601.0,United Kingdom
543777,20914,SET/5 RED RETROSPOT LID GLASS BOWLS,1,2/11/2011 16:20,2.95,15406.0,United Kingdom
565725,23004,TRAVEL CARD WALLET PANTRY,24,9/6/2011 11:55,0.42,13949.0,United Kingdom
547650,15056N,EDWARDIAN PARASOL NATURAL,1,3/24/2011 12:08,5.95,17059.0,United Kingdom
543978,22985,"WRAP, BILLBOARD FONTS DESIGN",25,2/14/2011 15:37,0.42,12867.0,United Kingdom
539722,22654,DELUXE SEWING KIT ,3,12/21/2010 13:45,5.95,14911.0,EIRE
547724,47585A,PINK FAIRY CAKE CUSHION COVER,4,3/25/2011 10:42,3.75,13468.0,United Kingdom
545417,82582,AREA PATROLLED METAL SIGN,12,3/2/2011 13:42,2.1,15622.0,United Kingdom
566024,21877,HOME SWEET HOME MUG,12,9/8/2011 12:51,1.65,13871.0,United Kingdom
553178,23145,ZINC T-LIGHT HOLDER STAR LARGE,3,5/15/2011 11:29,0.95,17302.0,United Kingdom
558751,22142,CHRISTMAS CRAFT WHITE FAIRY ,4,7/3/2011 11:26,1.45,16009.0,United Kingdom
569675,23296,SET OF 6 TEA TIME BAKING CASES,8,10/5/2011 14:03,1.25,15687.0,United Kingdom
571461,47504K,ENGLISH ROSE GARDEN SECATEURS,1,10/17/2011 14:12,0.79,16932.0,United Kingdom
568151,23400,SHELF WITH 4 HOOKS HOME SWEET HOME,4,9/25/2011 11:39,6.25,17506.0,United Kingdom
580512,23583,LUNCH BAG PAISLEY PARK  ,10,12/4/2011 13:55,1.65,12673.0,Germany
570091,85204,HANGING WOOD AND FELT FLOWER,96,10/7/2011 11:47,0.12,15632.0,United Kingdom
560106,23237,SET OF 4 KNICK KNACK TINS LEAF,6,7/14/2011 20:01,4.15,17554.0,United Kingdom
572280,21212,PACK OF 72 RETROSPOT CAKE CASES,2,10/23/2011 11:05,0.55,16007.0,United Kingdom
558057,21122,SET/10 PINK POLKADOT PARTY CANDLES,24,6/24/2011 14:57,1.25,15665.0,United Kingdom
539978,21879,HEARTS GIFT TAPE,24,12/23/2010 14:06,0.19,13165.0,United Kingdom
566010,85071D,CHARLIE+LOLA MY ROOM DOOR SIGN,4,9/8/2011 12:05,0.39,13700.0,United Kingdom
549325,22969,HOMEMADE JAM SCENTED CANDLES,12,4/8/2011 10:32,1.45,12717.0,Greece
536528,22744,MAKE YOUR OWN MONSOON CARD KIT,2,12/1/2010 13:17,2.95,15525.0,United Kingdom
558102,84828,JUNGLE POPSICLES ICE LOLLY MOULDS,1,6/26/2011 14:06,1.25,17372.0,United Kingdom
551739,23068,ALUMINIUM STAMPED HEART,1,5/4/2011 10:58,2.49,18118.0,United Kingdom
556829,23306,SET OF 36 DOILIES PANTRY DESIGN,12,6/15/2011 10:51,1.45,12809.0,Portugal
576692,23077,DOUGHNUT LIP GLOSS ,20,11/16/2011 12:21,1.25,17412.0,United Kingdom
539475,22899,CHILDREN'S APRON DOLLY GIRL ,3,12/19/2010 14:41,2.1,16686.0,United Kingdom
572329,22571,ROCKING HORSE RED CHRISTMAS ,12,10/24/2011 10:13,0.85,14019.0,United Kingdom
569229,23415,HOME SWEET HOME HOOK,2,10/2/2011 14:56,1.65,14502.0,United Kingdom
577791,23508,MINI PLAYING CARDS DOLLY GIRL ,20,11/21/2011 16:36,0.42,17100.0,United Kingdom
562570,21497,FANCY FONTS BIRTHDAY WRAP,25,8/7/2011 12:10,0.42,14079.0,United Kingdom
564897,23296,SET OF 6 TEA TIME BAKING CASES,72,8/31/2011 11:22,1.25,12678.0,France
558700,21034,REX CASH+CARRY JUMBO SHOPPER,1,7/1/2011 12:33,0.95,17920.0,United Kingdom
560870,23208,LUNCH BAG VINTAGE LEAF DESIGN,10,7/21/2011 14:34,1.65,13157.0,United Kingdom
556958,22960,JAM MAKING SET WITH JARS,12,6/16/2011 9:15,3.75,17490.0,United Kingdom
548319,22843,BISCUIT TIN VINTAGE GREEN,2,3/30/2011 12:48,6.75,14180.0,United Kingdom
558709,21993,FLORAL FOLK STATIONERY SET,3,7/1/2011 13:02,1.25,17338.0,United Kingdom
572867,22384,LUNCH BAG PINK POLKADOT,1,10/26/2011 13:19,1.65,14598.0,United Kingdom
560122,18094C,WHITE AND BLUE CERAMIC OIL BURNER,12,7/15/2011 10:33,1.25,14332.0,United Kingdom
551398,21212,PACK OF 72 RETROSPOT CAKE CASES,24,4/28/2011 13:09,0.55,12417.0,Spain
560696,22381,TOY TIDY PINK POLKADOT,1,7/20/2011 12:14,2.1,14606.0,United Kingdom
573320,23196,VINTAGE LEAF MAGNETIC NOTEPAD,24,10/30/2011 10:29,1.45,15513.0,United Kingdom
564190,21908,CHOCOLATE THIS WAY METAL SIGN,12,8/23/2011 16:01,2.1,16143.0,United Kingdom
546670,21467,CHERRY CROCHET FOOD COVER,1,3/15/2011 15:37,3.75,13451.0,United Kingdom
547097,22933,BAKING MOULD EASTER EGG MILK CHOC,6,3/21/2011 9:33,2.95,13021.0,United Kingdom
565366,23355,HOT WATER BOTTLE KEEP CALM,4,9/2/2011 14:56,4.95,17091.0,United Kingdom
557956,20724,RED RETROSPOT CHARLOTTE BAG,2,6/23/2011 19:20,0.85,18283.0,United Kingdom
578901,23275,SET OF 3 HANGING OWLS OLLIE BEAK,3,11/27/2011 11:47,1.25,17812.0,United Kingdom
561698,22178,VICTORIAN GLASS HANGING T-LIGHT,12,7/29/2011 10:21,1.25,15974.0,United Kingdom
579666,22456,NATURAL SLATE CHALKBOARD LARGE ,3,11/30/2011 12:31,4.95,14893.0,United Kingdom
564724,82483,WOOD 2 DRAWER CABINET WHITE FINISH,2,8/28/2011 12:16,6.95,15555.0,United Kingdom
578074,21892,TRADITIONAL WOODEN CATCH CUP GAME ,4,11/22/2011 16:06,1.25,17590.0,United Kingdom
543993,22385,JUMBO BAG SPACEBOY DESIGN,10,2/15/2011 10:40,1.95,17612.0,United Kingdom
552324,21716,BOYS VINTAGE TIN SEASIDE BUCKET,24,5/9/2011 9:46,2.55,16672.0,United Kingdom
576778,22739,RIBBON REEL CHRISTMAS SOCK BAUBLE,3,11/16/2011 13:24,1.65,16085.0,United Kingdom
558900,22197,POPCORN HOLDER,5,7/4/2011 16:06,0.85,15349.0,United Kingdom
545995,22808,SET OF 6 T-LIGHTS EASTER CHICKS,4,3/8/2011 13:54,2.95,15023.0,United Kingdom
557263,21731,RED TOADSTOOL LED NIGHT LIGHT,144,6/19/2011 11:08,1.45,14646.0,Netherlands
570482,23380,PACK OF 12 VINTAGE DOILY TISSUES,1,10/10/2011 17:00,0.39,17459.0,United Kingdom
C570708,M,Manual,-600,10/12/2011 10:11,0.19,12908.0,United Kingdom
544169,21745,GAOLERS KEYS DECORATIVE GARDEN ,4,2/16/2011 13:44,3.75,13078.0,United Kingdom
556777,21976,PACK OF 60 MUSHROOM CAKE CASES,24,6/14/2011 12:31,0.55,14426.0,United Kingdom
566625,21559,STRAWBERRY LUNCH BOX WITH CUTLERY,6,9/14/2011 9:38,2.55,14911.0,EIRE
564535,23245,SET OF 3 REGENCY CAKE TINS,4,8/25/2011 15:10,4.95,18075.0,United Kingdom
543538,47559B,TEA TIME OVEN GLOVE,10,2/9/2011 13:57,1.25,16143.0,United Kingdom
567853,21260,FIRST AID TIN,3,9/22/2011 13:31,3.25,15484.0,United Kingdom
564042,22980,PANTRY SCRUBBING BRUSH,3,8/22/2011 12:52,1.65,15443.0,United Kingdom
544461,16219,HOUSE SHAPE PENCIL SHARPENER,24,2/20/2011 14:08,0.21,13744.0,United Kingdom
571296,82582,AREA PATROLLED METAL SIGN,1,10/16/2011 16:13,2.1,13760.0,United Kingdom
573338,23583,LUNCH BAG PAISLEY PARK  ,2,10/30/2011 11:47,1.65,14546.0,United Kingdom
563714,22588,CARD HOLDER GINGHAM HEART,6,8/18/2011 15:51,2.89,14565.0,United Kingdom
561020,21476,STEEL SWEETHEART ROUND TABLE CREAM,1,7/22/2011 17:21,14.95,13563.0,United Kingdom
559557,22400,MAGNETS PACK OF 4 HOME SWEET HOME,12,7/11/2011 10:33,0.39,17444.0,Canada
568955,21977,PACK OF 60 PINK PAISLEY CAKE CASES,24,9/29/2011 15:40,0.55,13759.0,United Kingdom
558099,84709B,PINK OVAL JEWELLED MIRROR,4,6/26/2011 13:45,5.95,17593.0,United Kingdom
559068,47580,TEA TIME DES TEA COSY,1,7/6/2011 10:41,2.55,17841.0,United Kingdom
549520,22460,EMBOSSED GLASS TEALIGHT HOLDER,96,4/8/2011 15:19,1.06,13265.0,United Kingdom
555589,21731,RED TOADSTOOL LED NIGHT LIGHT,12,6/6/2011 9:36,1.65,12802.0,Netherlands
541847,22588,CARD HOLDER GINGHAM HEART,4,1/23/2011 13:25,2.55,15443.0,United Kingdom
577016,22507,MEMO BOARD RETROSPOT  DESIGN,4,11/17/2011 12:21,4.95,17095.0,United Kingdom
556970,23308,SET OF 60 VINTAGE LEAF CAKE CASES ,24,6/16/2011 10:18,0.55,13082.0,United Kingdom
549833,16161P,WRAP ENGLISH ROSE ,25,4/12/2011 13:19,0.42,13458.0,United Kingdom
554505,22595,GINGHAM HEART DECORATION,12,5/24/2011 15:14,0.85,17521.0,United Kingdom
570718,22530,MAGIC DRAWING SLATE DOLLY GIRL ,24,10/12/2011 10:36,0.42,12518.0,Germany
546542,21172,PARTY METAL SIGN ,1,3/14/2011 15:13,1.45,13263.0,United Kingdom
566279,23061,VINTAGE EMBOSSED HEART,6,9/11/2011 14:09,1.25,14432.0,United Kingdom
581237,23229,VINTAGE DONKEY TAIL GAME ,3,12/8/2011 10:40,3.75,15443.0,United Kingdom
546950,22084,PAPER CHAIN KIT EMPIRE,4,3/18/2011 11:24,2.95,16511.0,United Kingdom
566558,23032,DRAWER KNOB CRACKLE GLAZE IVORY,2,9/13/2011 11:51,1.65,15311.0,United Kingdom
537375,70007,HI TEC ALPINE HAND WARMER,6,12/6/2010 12:55,1.65,17019.0,United Kingdom
576054,23569,TRADTIONAL ALPHABET STAMP SET,1,11/13/2011 14:55,4.95,15787.0,United Kingdom
563892,90205A,LARGE MINT DIAMANTE HAIRSLIDE,1,8/19/2011 17:08,1.65,16330.0,United Kingdom
575886,22558,CLOTHES PEGS RETROSPOT PACK 24 ,3,11/11/2011 13:57,1.65,12517.0,Germany
549448,22686,FRENCH BLUE METAL DOOR SIGN No,12,4/8/2011 14:07,1.25,13078.0,United Kingdom
557802,22457,NATURAL SLATE HEART CHALKBOARD ,6,6/23/2011 10:15,2.95,15130.0,United Kingdom
580872,90099,NECKLACE+BRACELET SET BLUE HIBISCUS,1,12/6/2011 12:02,2.55,18283.0,United Kingdom
546561,22149,FELTCRAFT 6 FLOWER FRIENDS,6,3/15/2011 10:34,2.1,18260.0,United Kingdom
571274,23484,HEART TRELLIS TRIPLE T-LIGHT HOLDER,4,10/16/2011 12:25,2.89,16934.0,United Kingdom
541658,85099F,JUMBO BAG STRAWBERRY,1,1/20/2011 12:16,1.95,15529.0,United Kingdom
580697,23481,PEARLISED IVORY HEART SMALL ,1,12/5/2011 16:05,1.25,15984.0,United Kingdom
580054,84581,DOG TOY WITH PINK CROCHET SKIRT,2,12/1/2011 13:08,3.75,18122.0,United Kingdom
572314,17090A,LAVENDER INCENSE 40 CONES IN TIN,6,10/23/2011 15:59,1.25,17111.0,United Kingdom
544910,22838,3 TIER CAKE TIN RED AND CREAM,1,2/24/2011 14:32,14.95,16072.0,United Kingdom
576189,72128,COLUMBIAN CANDLE ROUND,2,11/14/2011 11:33,0.85,14684.0,United Kingdom
562210,23229,VINTAGE DONKEY TAIL GAME ,6,8/3/2011 13:10,3.75,13486.0,United Kingdom
541845,22469,HEART OF WICKER SMALL,2,1/23/2011 12:41,1.65,15167.0,United Kingdom
572703,23516,EMBROIDERED RIBBON REEL SOPHIE  ,2,10/25/2011 14:35,3.75,16110.0,United Kingdom
544779,22423,REGENCY CAKESTAND 3 TIER,2,2/23/2011 12:04,12.75,13865.0,United Kingdom
557949,22441,GROW YOUR OWN BASIL IN ENAMEL MUG,8,6/23/2011 17:20,2.1,15530.0,United Kingdom
576593,22997,TRAVEL CARD WALLET UNION JACK,2,11/15/2011 14:48,0.42,15720.0,United Kingdom
546944,21626,VINTAGE UNION JACK PENNANT,5,3/18/2011 11:13,1.95,14701.0,United Kingdom
554376,22551,PLASTERS IN TIN SPACEBOY,2,5/24/2011 11:31,1.65,15719.0,United Kingdom
562784,22662,LUNCH BAG DOLLY GIRL DESIGN,1,8/9/2011 13:22,1.65,16791.0,United Kingdom
577535,23542,WALL ART 70'S ALPHABET ,1,11/20/2011 14:07,8.25,14071.0,United Kingdom
543468,22230,JIGSAW TREE WITH WATERING CAN,3,2/8/2011 14:45,0.85,14562.0,United Kingdom
563946,22966,GINGERBREAD MAN COOKIE CUTTER,12,8/22/2011 10:15,1.25,17527.0,United Kingdom
547122,22727,ALARM CLOCK BAKELIKE RED ,4,3/21/2011 11:52,3.75,17678.0,United Kingdom
572617,20956,PORCELAIN T-LIGHT HOLDERS ASSORTED,12,10/25/2011 11:52,1.25,18272.0,United Kingdom
537852,21874,GIN AND TONIC MUG,12,12/8/2010 15:56,1.25,17340.0,United Kingdom
C563223,37446,MINI CAKE STAND WITH HANGING CAKES,-1,8/14/2011 14:30,1.45,16292.0,United Kingdom
547920,22494,EMERGENCY FIRST AID TIN ,3,3/28/2011 12:52,1.25,14730.0,United Kingdom
546983,21755,LOVE BUILDING BLOCK WORD,3,3/18/2011 12:27,5.95,16626.0,United Kingdom
564139,22383,LUNCH BAG SUKI DESIGN ,1,8/23/2011 11:41,1.65,16904.0,United Kingdom
548714,22555,PLASTERS IN TIN STRONGMAN,1,4/3/2011 15:07,1.65,17337.0,United Kingdom
567959,20724,RED RETROSPOT CHARLOTTE BAG,50,9/23/2011 9:13,0.85,12516.0,Germany
544495,22666,RECIPE BOX PANTRY YELLOW DESIGN,12,2/21/2011 11:42,2.95,12766.0,Portugal
577748,23493,VINTAGE DOILY TRAVEL SEWING KIT,10,11/21/2011 14:24,1.95,15159.0,United Kingdom
568210,22077,6 RIBBONS RUSTIC CHARM,12,9/25/2011 15:56,1.95,17159.0,United Kingdom
550832,82483,WOOD 2 DRAWER CABINET WHITE FINISH,4,4/21/2011 10:31,6.95,17588.0,United Kingdom
547063,22854,CREAM SWEETHEART EGG HOLDER,1,3/20/2011 13:33,4.95,14769.0,United Kingdom
574336,21055,TOOL BOX SOFT TOY ,4,11/4/2011 9:52,8.95,12397.0,Belgium
565803,22352,LUNCH BOX WITH CUTLERY RETROSPOT ,6,9/7/2011 10:38,2.55,17735.0,United Kingdom
545346,22365,DOORMAT RESPECTABLE HOUSE,2,3/2/2011 9:49,7.95,12834.0,United Kingdom
545232,22286,"DECORATION , WOBBLY RABBIT , METAL ",12,3/1/2011 10:19,1.65,15676.0,United Kingdom
542790,21389,IVORY HANGING DECORATION  BIRD,12,2/1/2011 10:38,0.85,16612.0,United Kingdom
560862,84927D,LA PALMIERA TILE HOOK,4,7/21/2011 13:48,0.39,14085.0,United Kingdom
557278,82482,WOODEN PICTURE FRAME WHITE FINISH,12,6/19/2011 12:08,2.55,13089.0,United Kingdom
547510,20979,36 PENCILS TUBE RED RETROSPOT,16,3/23/2011 13:42,1.25,15245.0,United Kingdom
574530,22161,HEART DECORATION RUSTIC HANGING ,12,11/4/2011 14:07,0.19,16887.0,United Kingdom
540469,21355,TOAST ITS - I LOVE YOU ,3,1/7/2011 14:04,1.25,12484.0,Spain
562807,23294,SET OF 6 SNACK LOAF BAKING CASES,12,8/9/2011 14:57,0.83,16053.0,United Kingdom
538707,82483,WOOD 2 DRAWER CABINET WHITE FINISH,2,12/14/2010 10:38,5.95,17894.0,United Kingdom
574328,22978,PANTRY ROLLING PIN,6,11/4/2011 9:05,3.75,13081.0,United Kingdom
559018,21380,WOODEN HAPPY BIRTHDAY GARLAND,2,7/5/2011 13:07,2.95,18203.0,United Kingdom
553657,84997D,CHILDRENS CUTLERY POLKADOT PINK,2,5/18/2011 11:28,4.15,14583.0,United Kingdom
542428,22721,SET OF 3 CAKE TINS SKETCHBOOK,24,1/28/2011 10:00,4.95,17404.0,Sweden
563613,15058A,BLUE POLKADOT GARDEN PARASOL,4,8/18/2011 8:49,7.95,12688.0,Israel
547358,22743,MAKE YOUR OWN FLOWERPOWER CARD KIT,2,3/22/2011 12:25,2.95,15998.0,United Kingdom
574739,22423,REGENCY CAKESTAND 3 TIER,1,11/6/2011 16:04,12.75,16357.0,United Kingdom
554986,22515,CHILDS GARDEN SPADE PINK,4,5/29/2011 12:35,2.1,14451.0,United Kingdom
554994,21154,RED RETROSPOT OVEN GLOVE ,1,5/29/2011 14:18,1.25,14606.0,United Kingdom
570177,22081,RIBBON REEL FLORA + FAUNA ,10,10/7/2011 14:17,1.65,17509.0,United Kingdom
557878,85049D,BRIGHT BLUES RIBBONS ,4,6/23/2011 13:13,1.25,16940.0,United Kingdom
573897,23108,SET OF 10 LED DOLLY LIGHTS,2,11/1/2011 14:29,6.25,16729.0,United Kingdom
552658,21080,SET/20 RED RETROSPOT PAPER NAPKINS ,2,5/10/2011 14:57,0.85,14534.0,United Kingdom
C557945,85099C,JUMBO  BAG BAROQUE BLACK WHITE,-1,6/23/2011 16:11,2.08,18223.0,United Kingdom
544824,22429,ENAMEL MEASURING JUG CREAM,4,2/24/2011 9:32,4.25,17139.0,United Kingdom
574831,22998,TRAVEL CARD WALLET KEEP CALM,2,11/7/2011 11:26,0.42,15522.0,United Kingdom
551835,21584,RETROSPOT SMALL TUBE MATCHES,20,5/4/2011 13:17,1.65,17646.0,United Kingdom
544177,84459B,YELLOW METAL CHICKEN HEART ,3,2/16/2011 14:27,1.49,13001.0,United Kingdom
581123,22112,CHOCOLATE HOT WATER BOTTLE,3,12/7/2011 12:34,4.95,15750.0,United Kingdom
563022,21932,SCANDINAVIAN PAISLEY PICNIC BAG,1,8/11/2011 13:34,1.65,17248.0,United Kingdom
541410,21754,HOME BUILDING BLOCK WORD,6,1/17/2011 16:06,5.95,13089.0,United Kingdom
544495,22662,LUNCH BAG DOLLY GIRL DESIGN,10,2/21/2011 11:42,1.65,12766.0,Portugal
542711,22554,PLASTERS IN TIN WOODLAND ANIMALS,1,1/31/2011 13:19,1.65,17894.0,United Kingdom
555930,21937,STRAWBERRY   PICNIC BAG,5,6/8/2011 8:26,2.95,14745.0,United Kingdom
545004,23232,WRAP VINTAGE PETALS  DESIGN,25,2/25/2011 12:48,0.42,13753.0,United Kingdom
536612,21068,VINTAGE BILLBOARD LOVE/HATE MUG,6,12/2/2010 9:44,1.06,17850.0,United Kingdom
556890,22380,TOY TIDY SPACEBOY  ,5,6/15/2011 12:48,2.1,17581.0,United Kingdom
564065,85230E,STRAWBRY SCENTED VOTIVE CANDLE,24,8/22/2011 15:05,0.29,15150.0,United Kingdom
560036,21467,CHERRY CROCHET FOOD COVER,6,7/14/2011 13:51,3.75,14911.0,EIRE
560601,21791,VINTAGE HEADS AND TAILS CARD GAME ,1,7/19/2011 17:17,1.25,16764.0,United Kingdom
573904,21890,S/6 WOODEN SKITTLES IN COTTON BAG,2,11/1/2011 14:54,3.25,14505.0,United Kingdom
538371,22113,GREY HEART HOT WATER BOTTLE,1,12/12/2010 11:07,3.75,15570.0,United Kingdom
553210,22699,ROSES REGENCY TEACUP AND SAUCER ,6,5/16/2011 9:40,2.95,14016.0,EIRE
538513,21479,WHITE SKULL HOT WATER BOTTLE ,2,12/12/2010 14:21,3.75,15454.0,United Kingdom
567805,23330,DECORATIVE WICKER HEART MEDIUM,2,9/22/2011 12:15,1.25,12854.0,United Kingdom
569225,20724,RED RETROSPOT CHARLOTTE BAG,10,10/2/2011 14:25,0.85,16930.0,United Kingdom
547850,21441,BLUE BIRDHOUSE DECORATION,2,3/27/2011 12:06,0.85,14472.0,United Kingdom
C567691,21673,WHITE SPOT BLUE CERAMIC DRAWER KNOB,-4,9/21/2011 17:04,1.45,17567.0,United Kingdom
579492,23115,RED APPLES CHOPPING BOARD   ,12,11/29/2011 15:23,4.95,12670.0,France
560914,47566,PARTY BUNTING,4,7/21/2011 18:08,4.95,17175.0,United Kingdom
556121,82552,WASHROOM METAL SIGN,2,6/9/2011 10:09,1.45,15855.0,United Kingdom
576516,22736,RIBBON REEL MAKING SNOWMEN ,10,11/15/2011 12:19,1.65,16746.0,United Kingdom
560264,22469,HEART OF WICKER SMALL,12,7/17/2011 13:46,1.65,12833.0,United Kingdom
579538,21463,MIRRORED DISCO BALL ,48,11/30/2011 10:04,4.95,14062.0,United Kingdom
569462,22086,PAPER CHAIN KIT 50'S CHRISTMAS ,6,10/4/2011 11:36,2.95,17014.0,United Kingdom
559807,22662,LUNCH BAG DOLLY GIRL DESIGN,2,7/12/2011 14:48,1.65,17841.0,United Kingdom
560115,22981,PANTRY APPLE CORER,1,7/15/2011 10:05,1.45,17841.0,United Kingdom
566193,23174,REGENCY SUGAR BOWL GREEN,4,9/9/2011 13:37,4.15,14961.0,United Kingdom
551170,20982,12 PENCILS TALL TUBE SKULLS,24,4/26/2011 16:40,0.85,15145.0,United Kingdom
563510,23341,PINK DINER WALL CLOCK,4,8/17/2011 10:50,8.5,15734.0,United Kingdom
568460,22568,FELTCRAFT CUSHION OWL,8,9/27/2011 11:35,3.75,13384.0,United Kingdom
563355,10133,COLOURING PENCILS BROWN TUBE,20,8/15/2011 14:39,0.42,14156.0,EIRE
563183,20726,LUNCH BAG WOODLAND,10,8/12/2011 14:47,1.65,14110.0,United Kingdom
580025,21479,WHITE SKULL HOT WATER BOTTLE ,1,12/1/2011 11:53,4.25,15021.0,United Kingdom
566756,22631,CIRCUS PARADE LUNCH BOX ,12,9/14/2011 15:54,1.95,12457.0,Switzerland
566431,21098,CHRISTMAS TOILET ROLL,12,9/12/2011 14:39,1.25,18180.0,United Kingdom
551351,20707,CRAZY DAISY HEART DECORATION,24,4/28/2011 10:20,1.06,14298.0,United Kingdom
543164,21314,SMALL GLASS HEART TRINKET POT,1,2/3/2011 19:32,2.1,13208.0,United Kingdom
580727,22732,3D VINTAGE CHRISTMAS STICKERS ,5,12/5/2011 17:17,2.46,14096.0,United Kingdom
563833,22139,RETROSPOT TEA SET CERAMIC 11 PC ,3,8/19/2011 12:49,4.95,14755.0,United Kingdom
548868,22467,GUMBALL COAT RACK,6,4/4/2011 14:28,2.55,13015.0,United Kingdom
547716,21430,SET/3 RED GINGHAM ROSE STORAGE BOX,4,3/25/2011 8:52,3.75,16833.0,United Kingdom
572865,21121,SET/10 RED POLKADOT PARTY CANDLES,2,10/26/2011 13:01,1.25,17841.0,United Kingdom
546866,M,Manual,2,3/17/2011 15:47,2.5,14462.0,United Kingdom
580889,23522,WALL ART DOG AND BALL ,1,12/6/2011 12:27,1.25,14071.0,United Kingdom
537335,20757,RED DAISY POCKET BOOK ,3,12/6/2010 12:15,0.85,15048.0,United Kingdom
575216,23493,VINTAGE DOILY TRAVEL SEWING KIT,10,11/9/2011 11:04,1.95,13384.0,United Kingdom
565994,23252,VINTAGE RED ENAMEL TRIM JUG ,1,9/8/2011 11:46,3.75,13244.0,United Kingdom
544472,22360,GLASS JAR ENGLISH CONFECTIONERY,12,2/21/2011 9:09,2.95,15129.0,United Kingdom
558115,23251,VINTAGE RED ENAMEL TRIM MUG ,12,6/27/2011 8:50,1.25,16003.0,United Kingdom
575195,23206,LUNCH BAG APPLE DESIGN,10,11/9/2011 9:40,1.65,16767.0,United Kingdom
566319,21137,BLACK RECORD COVER FRAME,8,9/12/2011 11:25,3.75,13431.0,United Kingdom
578088,75049L,LARGE CIRCULAR MIRROR MOBILE,3,11/22/2011 16:47,1.25,16376.0,United Kingdom
572287,22776,SWEETHEART 3 TIER CAKE STAND ,1,10/23/2011 12:26,9.95,15584.0,United Kingdom
559921,22553,PLASTERS IN TIN SKULLS,1,7/13/2011 15:42,1.65,13667.0,United Kingdom
561325,20735,BLACK MINI TAPE MEASURE ,1,7/26/2011 13:46,0.85,17596.0,United Kingdom
572865,23149,ANTIQUE IVORY WIRE BOWL SMALL,1,10/26/2011 13:01,2.49,17841.0,United Kingdom
566043,48138,DOORMAT UNION FLAG,2,9/8/2011 13:54,8.25,13769.0,United Kingdom
552185,84991,60 TEATIME FAIRY CAKE CASES,24,5/6/2011 13:52,0.55,12921.0,United Kingdom
567865,23507,MINI PLAYING CARDS BUFFALO BILL ,20,9/22/2011 14:11,0.42,17311.0,United Kingdom
568910,22909,SET OF 20 VINTAGE CHRISTMAS NAPKINS,24,9/29/2011 13:39,0.85,16574.0,United Kingdom
573900,22423,REGENCY CAKESTAND 3 TIER,1,11/1/2011 14:45,12.75,17668.0,United Kingdom
564333,22555,PLASTERS IN TIN STRONGMAN,24,8/24/2011 14:14,1.65,13199.0,United Kingdom
580030,22379,RECYCLING BAG RETROSPOT ,10,12/1/2011 12:14,2.1,12951.0,United Kingdom
559919,22045,SPACEBOY GIFT WRAP,200,7/13/2011 15:30,0.34,12415.0,Australia
550137,22244,3 HOOK HANGER MAGIC GARDEN,36,4/14/2011 13:59,1.95,12477.0,Germany
539318,22616,PACK OF 12 LONDON TISSUES ,72,12/16/2010 19:09,0.29,12348.0,Finland
558814,72807C,SET/3 VANILLA SCENTED CANDLE IN BOX,2,7/4/2011 11:47,4.25,14049.0,United Kingdom
570333,22638,SET OF 4 NAPKIN CHARMS CROWNS ,3,10/10/2011 12:19,2.55,18126.0,United Kingdom
554667,22804,CANDLEHOLDER PINK HANGING HEART,12,5/25/2011 15:18,2.95,15727.0,United Kingdom
551062,22699,ROSES REGENCY TEACUP AND SAUCER ,24,4/26/2011 12:16,2.55,18092.0,United Kingdom
577180,POST,POSTAGE,8,11/18/2011 11:27,18.0,12380.0,Belgium
569215,22386,JUMBO BAG PINK POLKADOT,2,10/2/2011 12:30,2.08,13571.0,United Kingdom
549713,21069,VINTAGE BILLBOARD TEA MUG,2,4/11/2011 14:11,1.25,17611.0,United Kingdom
553859,72349B,SET/6 PURPLE BUTTERFLY T-LIGHTS,1,5/19/2011 13:35,2.1,14505.0,United Kingdom
543161,47591D,PINK FAIRY CAKE CHILDRENS APRON,8,2/3/2011 17:01,1.95,14497.0,United Kingdom
558348,22699,ROSES REGENCY TEACUP AND SAUCER ,24,6/28/2011 14:50,2.55,17188.0,United Kingdom
552296,20725,LUNCH BAG RED RETROSPOT,3,5/8/2011 14:09,1.65,15518.0,United Kingdom
578258,23356,LOVE HOT WATER BOTTLE,1,11/23/2011 13:01,5.95,13263.0,United Kingdom
566217,22076,6 RIBBONS EMPIRE  ,1,9/9/2011 15:17,1.25,14096.0,United Kingdom
541504,22073,RED RETROSPOT STORAGE JAR,3,1/18/2011 15:37,3.75,14415.0,United Kingdom
537692,82582,AREA PATROLLED METAL SIGN,6,12/8/2010 10:40,2.1,14796.0,United Kingdom
581064,21592,RETROSPOT CIGAR BOX MATCHES ,48,12/7/2011 11:16,0.39,13882.0,United Kingdom
542520,22090,PAPER BUNTING RETROSPOT,1,1/28/2011 12:21,2.95,15547.0,United Kingdom
562046,22189,CREAM HEART CARD HOLDER,4,8/2/2011 10:34,3.95,12378.0,Switzerland
559809,21977,PACK OF 60 PINK PAISLEY CAKE CASES,4,7/12/2011 14:57,0.55,16409.0,United Kingdom
544634,20674,GREEN POLKADOT BOWL,3,2/22/2011 11:02,1.25,17994.0,United Kingdom
544905,82578,KITCHEN METAL SIGN,12,2/24/2011 13:54,0.55,17117.0,United Kingdom
C539644,22820,GIFT BAG BIRTHDAY,-2,12/20/2010 15:52,0.65,12471.0,Germany
558075,22869,NUMBER TILE COTTAGE GARDEN 1,1,6/24/2011 17:07,1.95,17858.0,United Kingdom
567341,22355,CHARLOTTE BAG SUKI DESIGN,10,9/19/2011 15:04,0.85,14961.0,United Kingdom
571653,21804,WHITE CHRISTMAS GARLAND STARS TREES,12,10/18/2011 12:17,3.39,14298.0,United Kingdom
563557,22169,FAMILY ALBUM WHITE PICTURE FRAME,4,8/17/2011 13:33,8.5,15786.0,United Kingdom
574914,22086,PAPER CHAIN KIT 50'S CHRISTMAS ,5,11/7/2011 16:16,2.95,17109.0,United Kingdom
562155,21985,PACK OF 12 HEARTS DESIGN TISSUES ,216,8/3/2011 11:24,0.25,17940.0,United Kingdom
551171,22521,CHILDS GARDEN TROWEL PINK,2,4/26/2011 16:45,0.85,13263.0,United Kingdom
581381,22411,JUMBO SHOPPER VINTAGE RED PAISLEY,2,12/8/2011 12:54,2.08,16933.0,United Kingdom
578942,22718,CARD CAT AND TREE ,12,11/27/2011 13:29,0.42,17288.0,United Kingdom
546403,22979,PANTRY WASHING UP BRUSH,24,3/11/2011 15:22,1.45,16766.0,United Kingdom
554111,21754,HOME BUILDING BLOCK WORD,6,5/22/2011 14:40,5.95,15724.0,United Kingdom
C563375,22193,RED DINER WALL CLOCK,-2,8/16/2011 10:27,8.5,14911.0,EIRE
541977,82600,NO SINGING METAL SIGN,6,1/24/2011 14:44,2.1,15078.0,United Kingdom
562344,16219,HOUSE SHAPE PENCIL SHARPENER,720,8/4/2011 12:14,0.21,17381.0,United Kingdom
570218,23522,DOG AND BALL WALL ART,6,10/9/2011 12:20,2.89,16873.0,United Kingdom
571665,23515,EMBROIDERED RIBBON REEL DAISY ,6,10/18/2011 12:59,2.08,12540.0,Spain
543800,85186A,EASTER BUNNY GARLAND OF FLOWERS,2,2/13/2011 11:36,0.42,17282.0,United Kingdom
578682,22750,FELTCRAFT PRINCESS LOLA DOLL,12,11/25/2011 8:55,3.75,17173.0,United Kingdom
549558,22481,BLACK TEA TOWEL CLASSIC DESIGN,1,4/10/2011 13:21,1.25,15058.0,United Kingdom
566929,23311,VINTAGE CHRISTMAS STOCKING ,12,9/15/2011 15:21,2.55,17428.0,United Kingdom
568156,20713,JUMBO BAG OWLS,10,9/25/2011 12:16,2.08,14367.0,United Kingdom
557525,85123A,WHITE HANGING HEART T-LIGHT HOLDER,6,6/21/2011 9:26,2.95,12759.0,Netherlands
555113,47591D,PINK FAIRY CAKE CHILDRENS APRON,8,5/31/2011 14:48,1.95,18190.0,United Kingdom
574743,23583,LUNCH BAG PAISLEY PARK  ,6,11/6/2011 16:14,1.65,15351.0,United Kingdom
572294,22551,PLASTERS IN TIN SPACEBOY,4,10/23/2011 13:10,1.65,13471.0,United Kingdom
569695,22569,FELTCRAFT CUSHION BUTTERFLY,8,10/5/2011 15:35,3.75,16843.0,United Kingdom
538864,21479,WHITE SKULL HOT WATER BOTTLE ,24,12/14/2010 14:26,3.39,17739.0,United Kingdom
555119,47566,PARTY BUNTING,14,5/31/2011 15:22,4.95,15163.0,United Kingdom
545308,22250,DECORATION  BUTTERFLY  MAGIC GARDEN,1,3/1/2011 13:19,0.85,14656.0,United Kingdom
566816,23224,CHERUB HEART DECORATION GOLD,144,9/15/2011 10:53,0.72,12731.0,France
549734,20674,GREEN POLKADOT BOWL,4,4/11/2011 17:12,1.25,16409.0,United Kingdom
552065,20725,LUNCH BAG RED RETROSPOT,4,5/6/2011 11:20,1.65,16729.0,United Kingdom
541571,15036,ASSORTED COLOURS SILK FAN,12,1/19/2011 12:38,0.75,12841.0,United Kingdom
547903,22090,PAPER BUNTING RETROSPOT,1,3/28/2011 11:59,2.95,15039.0,United Kingdom
538879,22453,MEASURING TAPE BABUSHKA BLUE,6,12/14/2010 15:50,2.95,15392.0,United Kingdom
539038,82613B,"METAL SIGN,CUPCAKE SINGLE HOOK",20,12/15/2010 14:45,0.42,15641.0,United Kingdom
566451,22189,CREAM HEART CARD HOLDER,1,9/12/2011 16:14,3.95,18069.0,United Kingdom
538187,22767,TRIPLE PHOTO FRAME CORNICE ,2,12/10/2010 10:27,9.95,16499.0,United Kingdom
566821,85099B,JUMBO BAG RED RETROSPOT,20,9/15/2011 11:33,2.08,14227.0,United Kingdom
559691,21175,GIN + TONIC DIET METAL SIGN,12,7/11/2011 15:52,2.55,13089.0,United Kingdom
575135,23406,HOME SWEET HOME KEY HOLDER,2,11/8/2011 14:49,6.25,13928.0,United Kingdom
537138,22086,PAPER CHAIN KIT 50'S CHRISTMAS ,4,12/5/2010 12:44,2.95,17211.0,United Kingdom
574269,23352,ROLL WRAP 50'S RED CHRISTMAS ,12,11/3/2011 14:27,1.25,15570.0,United Kingdom
548673,21314,SMALL GLASS HEART TRINKET POT,8,4/1/2011 16:18,2.1,13767.0,United Kingdom
539281,21355,TOAST ITS - I LOVE YOU ,12,12/16/2010 15:45,1.25,18176.0,United Kingdom
562219,84050,PINK HEART SHAPE EGG FRYING PAN,6,8/3/2011 14:14,1.65,15089.0,United Kingdom
577490,22382,LUNCH BAG SPACEBOY DESIGN ,1,11/20/2011 12:11,1.65,16464.0,United Kingdom
570919,22366,DOORMAT AIRMAIL ,4,10/13/2011 10:57,8.25,12584.0,Italy
537391,21240,BLUE POLKADOT CUP,12,12/6/2010 13:53,0.85,16550.0,United Kingdom
571657,23487,SWEET HEART CAKE CARRIER,1,10/18/2011 12:44,9.95,13835.0,United Kingdom
536749,84029G,KNITTED UNION FLAG HOT WATER BOTTLE,1,12/2/2010 13:49,3.75,17976.0,United Kingdom
579274,22274,FELTCRAFT DOLL EMILY,6,11/29/2011 10:01,2.95,13467.0,United Kingdom
551414,23144,ZINC T-LIGHT HOLDER STARS SMALL,12,4/28/2011 13:35,0.83,15622.0,United Kingdom
C542638,35004C,SET OF 3 COLOURED  FLYING DUCKS,-3,1/31/2011 11:15,5.45,13396.0,United Kingdom
547358,21385,IVORY HANGING DECORATION  HEART,3,3/22/2011 12:25,0.85,15998.0,United Kingdom
553869,22386,JUMBO BAG PINK POLKADOT,10,5/19/2011 14:27,2.08,15394.0,United Kingdom
559679,23245,SET OF 3 REGENCY CAKE TINS,4,7/11/2011 14:46,4.95,15265.0,United Kingdom
560723,23293,SET OF 12 FAIRY CAKE BAKING CASES,4,7/20/2011 13:53,0.83,16464.0,United Kingdom
543828,21481,FAWN BLUE HOT WATER BOTTLE,12,2/14/2011 9:45,2.95,14156.0,EIRE
568326,22714,CARD BIRTHDAY COWBOY,12,9/26/2011 14:00,0.42,13200.0,United Kingdom
C567361,23318,BOX OF 6 MINI VINTAGE CRACKERS,-3,9/19/2011 16:47,2.49,13599.0,United Kingdom
536551,22466,FAIRY TALE COTTAGE NIGHTLIGHT,6,12/1/2010 14:34,1.95,17346.0,United Kingdom
575938,22943,CHRISTMAS LIGHTS 10 VINTAGE BAUBLES,2,11/13/2011 11:30,4.95,17790.0,United Kingdom
550783,22979,PANTRY WASHING UP BRUSH,12,4/20/2011 13:58,1.45,13485.0,United Kingdom
556808,23050,RECYCLED ACAPULCO MAT GREEN,2,6/14/2011 15:45,8.25,17749.0,United Kingdom
552051,22900, SET 2 TEA TOWELS I LOVE LONDON ,6,5/6/2011 10:10,3.25,14796.0,United Kingdom
556917,20979,36 PENCILS TUBE RED RETROSPOT,128,6/15/2011 13:37,1.06,12415.0,Australia
554151,22980,PANTRY SCRUBBING BRUSH,1,5/23/2011 11:07,1.65,14049.0,United Kingdom
578925,22139,RETROSPOT TEA SET CERAMIC 11 PC ,6,11/27/2011 12:13,4.95,17365.0,United Kingdom
539099,21154,RED RETROSPOT OVEN GLOVE ,10,12/16/2010 10:30,1.25,16670.0,United Kingdom
540992,22766,PHOTO FRAME CORNICE,4,1/12/2011 16:57,2.95,17364.0,United Kingdom
538517,22561,WOODEN SCHOOL COLOURING SET,2,12/12/2010 16:05,1.65,17618.0,United Kingdom
561873,22149,FELTCRAFT 6 FLOWER FRIENDS,40,7/31/2011 11:48,1.85,13316.0,United Kingdom
571741,20718,RED RETROSPOT SHOPPER BAG,20,10/19/2011 10:36,1.25,15610.0,United Kingdom
559329,21394,RED POLKADOT BEAKER ,96,7/7/2011 15:41,0.39,15241.0,United Kingdom
553411,22026,BANQUET BIRTHDAY  CARD  ,24,5/17/2011 9:28,0.42,12714.0,France
558861,22773,GREEN DRAWER KNOB ACRYLIC EDWARDIAN,12,7/4/2011 12:19,1.25,13373.0,United Kingdom
573287,84879,ASSORTED COLOUR BIRD ORNAMENT,8,10/28/2011 14:42,1.69,14194.0,United Kingdom
C576561,21559,STRAWBERRY LUNCH BOX WITH CUTLERY,-1,11/15/2011 13:22,2.1,15311.0,United Kingdom
550167,22432,WATERING CAN PINK BUNNY,6,4/14/2011 16:38,1.95,14206.0,United Kingdom
544824,22501,PICNIC BASKET WICKER LARGE,2,2/24/2011 9:32,9.95,17139.0,United Kingdom
579414,85049C,ROMANTIC PINKS RIBBONS ,2,11/29/2011 12:52,1.25,14719.0,United Kingdom
560397,23294,SET OF 6 SNACK LOAF BAKING CASES,8,7/18/2011 14:04,0.83,17652.0,United Kingdom
567074,22379,RECYCLING BAG RETROSPOT ,5,9/16/2011 12:22,2.1,17068.0,United Kingdom
544479,22505,MEMO BOARD COTTAGE DESIGN,24,2/21/2011 10:28,4.25,14646.0,Netherlands
544479,22333,RETROSPOT PARTY BAG + STICKER SET,48,2/21/2011 10:28,1.45,14646.0,Netherlands
569857,20712,JUMBO BAG WOODLAND ANIMALS,200,10/6/2011 14:31,1.95,12939.0,United Kingdom
574310,23013,GLASS APOTHECARY BOTTLE TONIC,4,11/3/2011 16:56,3.95,13467.0,United Kingdom
561462,23298,SPOTTY BUNTING,30,7/27/2011 12:19,4.15,14088.0,United Kingdom
548406,22659,LUNCH BOX I LOVE LONDON,64,3/31/2011 9:57,1.65,15061.0,United Kingdom
579559,21326,AGED GLASS SILVER T-LIGHT HOLDER,2,11/30/2011 11:30,0.65,16764.0,United Kingdom
571006,23368,SET 12 COLOUR PENCILS DOLLY GIRL ,16,10/13/2011 12:06,0.65,17063.0,United Kingdom
537852,22207,FRYING PAN UNION FLAG,7,12/8/2010 15:56,4.25,17340.0,United Kingdom
537354,21723,ALPHABET HEARTS STICKER SHEET,1,12/6/2010 12:23,0.85,12748.0,United Kingdom
541574,21080,SET/20 RED RETROSPOT PAPER NAPKINS ,12,1/19/2011 12:52,0.85,12826.0,United Kingdom
C553032,22891,TEA FOR ONE POLKADOT,-3,5/12/2011 19:44,4.25,13320.0,United Kingdom
537126,22921,HERB MARKER CHIVES ,2,12/5/2010 12:13,0.65,18118.0,United Kingdom
580287,23284,DOORMAT KEEP CALM AND COME IN,2,12/2/2011 13:28,8.25,14594.0,United Kingdom
546479,21746,SMALL RED RETROSPOT WINDMILL,12,3/14/2011 11:38,1.25,12682.0,France
573937,22601,CHRISTMAS RETROSPOT ANGEL WOOD,12,11/2/2011 10:40,0.85,15830.0,United Kingdom
563022,23332,IVORY WICKER HEART LARGE,2,8/11/2011 13:34,1.65,17248.0,United Kingdom
551993,22138,BAKING SET 9 PIECE RETROSPOT ,1,5/5/2011 15:39,4.95,14697.0,United Kingdom
561006,22138,BAKING SET 9 PIECE RETROSPOT ,3,7/22/2011 15:02,4.95,16161.0,United Kingdom
578088,21976,PACK OF 60 MUSHROOM CAKE CASES,3,11/22/2011 16:47,0.55,16376.0,United Kingdom
547906,23176,ABC TREASURE BOOK BOX ,1,3/28/2011 12:13,2.25,14410.0,United Kingdom
558262,23292,SPACEBOY CHILDRENS CUP,96,6/28/2011 8:45,1.05,14646.0,Netherlands
553464,21232,STRAWBERRY CERAMIC TRINKET BOX,36,5/17/2011 11:07,1.25,16218.0,United Kingdom
570885,20724,RED RETROSPOT CHARLOTTE BAG,10,10/13/2011 10:20,0.85,14211.0,United Kingdom
545338,90160C,TURQ+RED BOUDICCA LARGE BRACELET,2,3/1/2011 17:32,6.95,17449.0,United Kingdom
574050,22086,PAPER CHAIN KIT 50'S CHRISTMAS ,6,11/2/2011 13:41,2.95,13904.0,United Kingdom
538909,20750,RED RETROSPOT MINI CASES,2,12/15/2010 10:48,7.95,13491.0,United Kingdom
580502,22113,GREY HEART HOT WATER BOTTLE,4,12/4/2011 13:15,4.25,16931.0,United Kingdom
574660,22464,HANGING METAL HEART LANTERN,1,11/6/2011 11:55,1.65,15407.0,United Kingdom
561902,23242,TREASURE TIN BUFFALO BILL ,48,7/31/2011 15:50,2.08,17404.0,Sweden
574023,23109,PACK OF SIX LED TEA LIGHTS,12,11/2/2011 12:20,2.89,14390.0,United Kingdom
558063,21059,PARTY INVITES DINOSAURS,6,6/24/2011 15:28,0.85,16395.0,United Kingdom
571665,21819,GLITTER CHRISTMAS STAR ,36,10/18/2011 12:59,0.39,12540.0,Spain
564727,22494,EMERGENCY FIRST AID TIN ,2,8/28/2011 12:31,1.25,16686.0,United Kingdom
581480,22633,HAND WARMER UNION JACK,12,12/9/2011 9:07,2.1,14441.0,United Kingdom
577060,84946,ANTIQUE SILVER T-LIGHT GLASS,12,11/17/2011 14:36,1.25,14397.0,United Kingdom
557745,21864,UNION JACK FLAG PASSPORT COVER ,3,6/22/2011 12:16,2.1,15750.0,United Kingdom
575301,23455,SMALL PARLOUR PICTURE FRAME,6,11/9/2011 12:32,2.89,13804.0,United Kingdom
574305,23211,RED ROCKING HORSE HAND PAINTED,24,11/3/2011 16:30,1.25,18081.0,United Kingdom
545377,21627,ELEPHANT CARNIVAL POUFFE,1,3/2/2011 11:32,14.95,14606.0,United Kingdom
537369,84912A,PINK ROSE WASHBAG,1,12/6/2010 12:41,3.75,17860.0,United Kingdom
544074,22748,POPPY'S PLAYHOUSE KITCHEN,2,2/15/2011 14:49,2.1,14156.0,EIRE
551269,21559,STRAWBERRY LUNCH BOX WITH CUTLERY,6,4/27/2011 12:21,2.55,12840.0,United Kingdom
537138,84754,S/15 SILVER GLASS BAUBLES IN BAG,12,12/5/2010 12:44,1.25,17211.0,United Kingdom
541800,22348,TEA BAG PLATE RED RETROSPOT,12,1/21/2011 14:38,0.85,15235.0,United Kingdom
537159,22684,FRENCH BLUE METAL DOOR SIGN 9,1,12/5/2010 13:17,1.25,14527.0,United Kingdom
545468,21830,ASSORTED CREEPY CRAWLIES,24,3/3/2011 9:41,0.42,16571.0,United Kingdom
548404,22768,FAMILY PHOTO FRAME CORNICE,2,3/31/2011 9:38,9.95,16398.0,United Kingdom
565675,23070,EDWARDIAN HEART PHOTO FRAME,4,9/6/2011 9:51,4.15,15513.0,United Kingdom
566345,22791,T-LIGHT GLASS FLUTED ANTIQUE,12,9/12/2011 12:27,1.25,17685.0,United Kingdom
552310,22435,SET OF 9 HEART SHAPED BALLOONS,3,5/8/2011 15:22,1.25,17323.0,United Kingdom
558234,22464,HANGING METAL HEART LANTERN,12,6/27/2011 14:37,1.65,18073.0,United Kingdom
554362,21212,PACK OF 72 RETROSPOT CAKE CASES,1,5/24/2011 10:17,0.55,17811.0,United Kingdom
558860,22439,6 ROCKET BALLOONS ,2,7/4/2011 12:18,0.65,17975.0,United Kingdom
540514,22303,COFFEE MUG APPLES DESIGN,12,1/9/2011 11:43,2.55,15708.0,United Kingdom
537258,21948,SET OF 6 CAKE CHOPSTICKS,6,12/6/2010 11:16,1.25,17227.0,United Kingdom
576695,23057,BEADED CHANDELIER T-LIGHT HOLDER,1,11/16/2011 12:25,4.95,16469.0,United Kingdom
554103,22382,LUNCH BAG SPACEBOY DESIGN ,3,5/22/2011 13:51,1.65,15555.0,United Kingdom
541874,22423,REGENCY CAKESTAND 3 TIER,16,1/24/2011 10:01,10.95,15497.0,United Kingdom
C570290,23207,LUNCH BAG ALPHABET DESIGN,-10,10/10/2011 11:54,1.65,14665.0,United Kingdom
578250,22493,PAINT YOUR OWN CANVAS SET,1,11/23/2011 12:43,1.65,15901.0,United Kingdom
537604,21527,RED RETROSPOT TRADITIONAL TEAPOT ,2,12/7/2010 13:01,7.95,13488.0,United Kingdom
573913,22635,CHILDS BREAKFAST SET DOLLY GIRL ,2,11/1/2011 15:49,9.95,17653.0,United Kingdom
575705,23531,WALL ART BIG LOVE ,3,11/10/2011 17:06,6.95,15159.0,United Kingdom
561890,23308,SET OF 60 VINTAGE LEAF CAKE CASES ,24,7/31/2011 14:17,0.55,12697.0,Sweden
574916,22899,CHILDREN'S APRON DOLLY GIRL ,6,11/7/2011 16:19,2.1,16790.0,United Kingdom
537224,21484,CHICK GREY HOT WATER BOTTLE,1,12/5/2010 16:24,3.45,13174.0,United Kingdom
580956,22195,LARGE HEART MEASURING SPOONS,2,12/6/2011 14:23,1.65,17841.0,United Kingdom
540275,22386,JUMBO BAG PINK POLKADOT,20,1/6/2011 12:11,1.95,13680.0,United Kingdom
536386,85099C,JUMBO  BAG BAROQUE BLACK WHITE,100,12/1/2010 9:57,1.65,16029.0,United Kingdom
543915,22440,BALLOON WATER BOMB PACK OF 35,20,2/14/2011 13:21,0.42,13717.0,United Kingdom
571244,37448,CERAMIC CAKE DESIGN SPOTTED MUG,5,10/14/2011 15:46,1.49,17180.0,United Kingdom
538826,22465,HANGING METAL STAR LANTERN,12,12/14/2010 12:58,1.65,12370.0,Cyprus
571675,22865,HAND WARMER OWL DESIGN,12,10/18/2011 13:26,2.1,13700.0,United Kingdom
564191,22549,PICTURE DOMINOES,1,8/23/2011 16:16,1.45,17315.0,United Kingdom
578270,21991,BOHEMIAN COLLAGE STATIONERY SET,6,11/23/2011 13:39,2.46,14096.0,United Kingdom
560273,22027,TEA PARTY BIRTHDAY CARD,12,7/17/2011 14:59,0.42,14895.0,United Kingdom
574701,84879,ASSORTED COLOUR BIRD ORNAMENT,6,11/6/2011 13:54,1.69,15426.0,United Kingdom
571054,23233,WRAP POPPIES  DESIGN,25,10/13/2011 13:58,0.42,14234.0,United Kingdom
574323,85035C,ROSE 3 WICK MORRIS BOX CANDLE,2,11/3/2011 19:50,1.25,16438.0,United Kingdom
C542256,22095,LADS ONLY TISSUE BOX,-1,1/26/2011 17:04,1.06,17722.0,United Kingdom
573094,22376,AIRLINE BAG VINTAGE JET SET WHITE,1,10/27/2011 14:39,4.25,15707.0,United Kingdom
572333,21891,TRADITIONAL WOODEN SKIPPING ROPE,12,10/24/2011 10:23,1.45,13704.0,United Kingdom
537465,21485,RETROSPOT HEART HOT WATER BOTTLE,6,12/7/2010 10:32,4.95,17735.0,United Kingdom
580279,23369,SET 36 COLOUR PENCILS LOVE LONDON,16,12/2/2011 13:12,1.25,15123.0,United Kingdom
542241,85152,HAND OVER THE CHOCOLATE   SIGN ,2,1/26/2011 14:51,2.1,16409.0,United Kingdom
574741,22563,HAPPY STENCIL CRAFT,1,11/6/2011 16:13,1.25,15993.0,United Kingdom
561246,21224,SET/4 SKULL BADGES,10,7/26/2011 11:38,1.25,16951.0,United Kingdom
542608,21784,SHOE SHINE BOX ,1,1/30/2011 13:51,9.95,16770.0,United Kingdom
578225,23571,TRADITIONAL NAUGHTS & CROSSES,12,11/23/2011 11:51,1.65,17700.0,United Kingdom
575167,90014A,SILVER M.O.P. ORBIT NECKLACE,6,11/8/2011 17:09,2.95,15153.0,United Kingdom
545347,22791,T-LIGHT GLASS FLUTED ANTIQUE,72,3/2/2011 10:20,1.06,13094.0,United Kingdom
579792,22138,BAKING SET 9 PIECE RETROSPOT ,6,11/30/2011 15:43,4.95,12714.0,France
549154,22084,PAPER CHAIN KIT EMPIRE,12,4/6/2011 16:47,2.95,17690.0,United Kingdom
547658,22626,BLACK KITCHEN SCALES,2,3/24/2011 13:04,8.5,13736.0,United Kingdom
568205,22585,PACK OF 6 BIRDY GIFT TAGS,24,9/25/2011 15:30,1.25,18066.0,United Kingdom
537692,22057,CERAMIC PLATE STRAWBERRY DESIGN,4,12/8/2010 10:40,1.49,14796.0,United Kingdom
579555,85183B,CHARLIE & LOLA WASTEPAPER BIN FLORA,1,11/30/2011 11:08,1.25,16241.0,United Kingdom
571629,84978,HANGING HEART JAR T-LIGHT HOLDER,12,10/18/2011 11:18,1.25,13362.0,United Kingdom
568801,21819,GLITTER CHRISTMAS STAR ,36,9/29/2011 10:46,0.39,14475.0,United Kingdom
543820,85049F,BABY BOOM RIBBONS ,2,2/13/2011 16:05,1.25,16084.0,United Kingdom
556531,22847,BREAD BIN DINER STYLE IVORY,1,6/13/2011 11:49,16.95,15491.0,United Kingdom
575681,23695,DOILY THANK YOU CARD,12,11/10/2011 15:32,0.42,16903.0,United Kingdom
550637,23206,LUNCH BAG APPLE DESIGN,4,4/19/2011 15:39,1.65,14415.0,United Kingdom
570488,51014A,"FEATHER PEN,HOT PINK",6,10/10/2011 17:12,0.83,14096.0,United Kingdom
547521,22175,PINK OWL SOFT TOY,6,3/23/2011 15:00,2.95,16713.0,United Kingdom
554106,20983,12 PENCILS TALL TUBE RED RETROSPOT,12,5/22/2011 14:05,0.85,12710.0,Germany
555538,22185,SLATE TILE NATURAL HANGING,12,6/5/2011 12:39,1.65,14512.0,United Kingdom
559056,85132C,CHARLIE AND LOLA FIGURES TINS,12,7/6/2011 9:15,1.95,14645.0,United Kingdom
540567,21179,NO JUNK MAIL METAL SIGN,12,1/10/2011 11:09,1.25,16850.0,United Kingdom
538652,21683,MEDIUM MEDINA STAMPED METAL BOWL ,6,12/13/2010 15:12,2.95,17890.0,United Kingdom
575896,22895,SET OF 2 TEA TOWELS APPLE AND PEARS,12,11/11/2011 14:52,3.25,12480.0,Germany
574657,21790,VINTAGE SNAP CARDS,8,11/6/2011 11:43,0.85,13772.0,United Kingdom
578018,20829,GLITTER HANGING BUTTERFLY STRING,4,11/22/2011 13:08,2.1,15311.0,United Kingdom
545218,21936,RED RETROSPOT PICNIC BAG,5,2/28/2011 17:01,2.95,17462.0,United Kingdom
546524,84459B,YELLOW METAL CHICKEN HEART ,4,3/14/2011 12:51,1.49,17811.0,United Kingdom
577859,22065,CHRISTMAS PUDDING TRINKET POT ,6,11/22/2011 11:24,0.39,14534.0,United Kingdom
580137,23494,VINTAGE DOILY DELUXE SEWING KIT ,3,12/1/2011 19:54,5.95,17566.0,United Kingdom
536621,21791,VINTAGE HEADS AND TAILS CARD GAME ,36,12/2/2010 10:35,1.25,13108.0,United Kingdom
539607,22556,PLASTERS IN TIN CIRCUS PARADE ,24,12/20/2010 14:10,1.65,12681.0,France
575485,22720,SET OF 3 CAKE TINS PANTRY DESIGN ,3,11/9/2011 17:03,4.95,18274.0,United Kingdom
567662,22111,SCOTTIE DOG HOT WATER BOTTLE,3,9/21/2011 15:12,4.95,17758.0,United Kingdom
564315,23293,SET OF 12 FAIRY CAKE BAKING CASES,2,8/24/2011 13:07,0.83,14730.0,United Kingdom
578513,48194,DOORMAT HEARTS,4,11/24/2011 13:32,8.25,16609.0,United Kingdom
575767,16236,KITTY PENCIL ERASERS,1,11/11/2011 11:11,0.21,17348.0,United Kingdom
555571,21671,RED SPOT CERAMIC DRAWER KNOB,12,6/5/2011 15:36,1.25,15462.0,United Kingdom
541795,21385,IVORY HANGING DECORATION  HEART,24,1/21/2011 13:47,0.85,14692.0,United Kingdom
544336,21034,REX CASH+CARRY JUMBO SHOPPER,1,2/17/2011 19:36,0.95,13230.0,United Kingdom
551870,22433,WATERING CAN GREEN DINOSAUR,1,5/4/2011 16:51,1.95,17811.0,United Kingdom
565857,22111,SCOTTIE DOG HOT WATER BOTTLE,3,9/7/2011 14:13,4.95,14911.0,EIRE
564369,23163,REGENCY SUGAR TONGS,48,8/25/2011 9:39,2.08,15189.0,United Kingdom
578794,22816,CARD MOTORBIKE SANTA,12,11/25/2011 12:24,0.42,17232.0,United Kingdom
568191,22738,RIBBON REEL SNOWY VILLAGE,5,9/25/2011 14:37,1.65,16655.0,United Kingdom
576614,22582,PACK OF 6 SWEETIE GIFT BOXES,1,11/15/2011 16:38,2.55,12933.0,United Kingdom
572291,22338,STAR DECORATION PAINTED ZINC ,6,10/23/2011 12:46,0.19,16931.0,United Kingdom
564670,23325,RUSTIC STRAWBERRY JAM POT SMALL,12,8/26/2011 15:44,1.65,12683.0,France
560038,22333,RETROSPOT PARTY BAG + STICKER SET,32,7/14/2011 14:08,1.65,12709.0,Germany
545826,21499,BLUE POLKADOT WRAP,25,3/7/2011 13:03,0.42,17696.0,United Kingdom
563169,84509B,SET OF 4 FAIRY CAKE PLACEMATS,4,8/12/2011 12:42,3.75,14911.0,EIRE
560209,21754,HOME BUILDING BLOCK WORD,2,7/15/2011 14:05,5.95,15004.0,United Kingdom
578125,23581,JUMBO BAG PAISLEY PARK,100,11/23/2011 10:31,1.79,17511.0,United Kingdom
554158,20682,RED RETROSPOT CHILDRENS UMBRELLA,2,5/23/2011 11:44,3.25,15563.0,United Kingdom
566486,84754,S/15 SILVER GLASS BAUBLES IN BAG,12,9/13/2011 9:59,1.25,16098.0,United Kingdom
538996,21754,HOME BUILDING BLOCK WORD,3,12/15/2010 12:06,5.95,15465.0,United Kingdom
537400,21181,PLEASE ONE PERSON METAL SIGN,1,12/6/2010 14:36,2.1,17191.0,United Kingdom
541845,22561,WOODEN SCHOOL COLOURING SET,2,1/23/2011 12:41,1.65,15167.0,United Kingdom
549099,48138,DOORMAT UNION FLAG,1,4/6/2011 11:07,7.95,16241.0,United Kingdom
551584,22379,RECYCLING BAG RETROSPOT ,5,5/3/2011 11:22,2.1,15620.0,United Kingdom
553067,22061,LARGE CAKE STAND  HANGING STRAWBERY,3,5/13/2011 11:44,9.95,16871.0,United Kingdom
566489,22773,GREEN DRAWER KNOB ACRYLIC EDWARDIAN,12,9/13/2011 10:17,1.25,16814.0,United Kingdom
570167,22187,GREEN CHRISTMAS TREE CARD HOLDER,12,10/7/2011 14:04,1.95,15615.0,United Kingdom
556573,23239,SET OF 4 KNICK KNACK TINS POPPIES,1,6/13/2011 13:32,4.15,14667.0,United Kingdom
547053,22384,LUNCH BAG PINK POLKADOT,10,3/20/2011 12:08,1.65,13001.0,United Kingdom
561332,48116,DOORMAT MULTICOLOUR STRIPE,2,7/26/2011 14:25,7.95,13492.0,Switzerland
571461,47369A,PINK GREEN EMBROIDERY COSMETIC BAG,1,10/17/2011 14:12,2.95,16932.0,United Kingdom
581146,21212,PACK OF 72 RETROSPOT CAKE CASES,24,12/7/2011 13:53,0.55,17602.0,United Kingdom
536846,20982,12 PENCILS TALL TUBE SKULLS,1,12/2/2010 19:59,0.85,14573.0,United Kingdom
548670,21907,I'M ON HOLIDAY METAL SIGN,1,4/1/2011 15:37,2.1,15356.0,United Kingdom
573038,22097,SWALLOW SQUARE TISSUE BOX,1,10/27/2011 13:48,0.39,17545.0,United Kingdom
C556270,21520,BOOZE & WOMEN GREETING CARD ,-2,6/9/2011 19:37,0.42,14232.0,United Kingdom
572517,35970,ZINC FOLKART SLEIGH BELLS,4,10/24/2011 14:47,1.69,15068.0,United Kingdom
563560,22595,GINGHAM HEART DECORATION,12,8/17/2011 14:00,0.85,12971.0,United Kingdom
572552,84580,MOUSE TOY WITH PINK T-SHIRT,3,10/24/2011 17:07,4.13,14096.0,United Kingdom
577302,22485,SET OF 2 WOODEN MARKET CRATES,2,11/18/2011 12:57,12.75,17904.0,United Kingdom
564729,23309,SET OF 60 I LOVE LONDON CAKE CASES ,2,8/28/2011 12:44,0.55,13137.0,United Kingdom
569110,85152,HAND OVER THE CHOCOLATE   SIGN ,12,9/30/2011 12:44,2.1,17675.0,United Kingdom
566074,21155,RED RETROSPOT PEG BAG,12,9/9/2011 8:48,2.55,12535.0,France
570695,22909,SET OF 20 VINTAGE CHRISTMAS NAPKINS,12,10/12/2011 8:56,0.85,17489.0,United Kingdom
558367,22109,FULL ENGLISH BREAKFAST PLATE,1,6/28/2011 15:31,3.75,16550.0,United Kingdom
546230,22907,PACK OF 20 NAPKINS PANTRY DESIGN,12,3/10/2011 12:26,0.85,13871.0,United Kingdom
579152,21989,PACK OF 20 SKULL PAPER NAPKINS,12,11/28/2011 13:26,0.85,12479.0,Germany
564742,23204,CHARLOTTE BAG APPLES DESIGN,5,8/28/2011 15:01,0.85,17346.0,United Kingdom
557389,22115,METAL SIGN EMPIRE TEA,1,6/20/2011 11:03,2.95,15921.0,United Kingdom
555567,22652,TRAVEL SEWING KIT,10,6/5/2011 15:25,1.65,17050.0,United Kingdom
538679,21479,WHITE SKULL HOT WATER BOTTLE ,6,12/13/2010 17:03,3.75,16455.0,United Kingdom
569688,21883,STARS GIFT TAPE ,1,10/5/2011 14:55,0.65,15048.0,United Kingdom
557064,22698,PINK REGENCY TEACUP AND SAUCER,1,6/16/2011 15:07,2.95,13263.0,United Kingdom
541948,47566B,TEA TIME PARTY BUNTING,3,1/24/2011 12:00,4.65,15820.0,United Kingdom
555876,47566,PARTY BUNTING,8,6/7/2011 15:28,4.95,15799.0,United Kingdom
C570012,23403,LETTER HOLDER HOME SWEET HOME,-1,10/7/2011 9:53,3.75,15344.0,United Kingdom
580512,20750,RED RETROSPOT MINI CASES,4,12/4/2011 13:55,7.95,12673.0,Germany
574683,22690,DOORMAT HOME SWEET HOME BLUE ,1,11/6/2011 12:50,8.25,16372.0,United Kingdom
540840,22855,FINE WICKER HEART ,12,1/11/2011 15:42,1.25,16235.0,United Kingdom
545062,22268,EASTER DECORATION SITTING BUNNY,2,2/27/2011 14:07,0.85,12748.0,United Kingdom
563214,21931,JUMBO STORAGE BAG SUKI,4,8/14/2011 12:56,2.08,16370.0,United Kingdom
567178,23110,PARISIENNE KEY CABINET ,2,9/18/2011 14:08,5.75,17858.0,United Kingdom
542398,84847,FLORAL BATHROOM SET,1,1/27/2011 15:36,3.75,13174.0,United Kingdom
581467,84429A,MEDIUM PINK BUDDHA HEAD ,2,12/8/2011 19:24,2.95,13077.0,United Kingdom
552816,21121,SET/10 RED POLKADOT PARTY CANDLES,1,5/11/2011 12:47,1.25,15521.0,United Kingdom
563328,22326,ROUND SNACK BOXES SET OF4 WOODLAND ,3,8/15/2011 13:07,2.95,14606.0,United Kingdom
569343,23525,BUFFALO BILL WALL ART ,120,10/3/2011 14:34,3.29,18102.0,United Kingdom
561242,22727,ALARM CLOCK BAKELIKE RED ,12,7/26/2011 11:05,3.75,16258.0,United Kingdom
572224,22580,ADVENT CALENDAR GINGHAM SACK,6,10/21/2011 13:46,5.95,16558.0,United Kingdom
570179,22079,RIBBON REEL HEARTS DESIGN ,10,10/7/2011 14:27,1.65,17509.0,United Kingdom
564227,23245,SET OF 3 REGENCY CAKE TINS,4,8/24/2011 10:19,4.95,15249.0,United Kingdom
560924,23296,SET OF 6 TEA TIME BAKING CASES,128,7/22/2011 9:01,1.04,15061.0,United Kingdom
542349,22287,"DECORATION , WOBBLY CHICKEN, METAL ",12,1/27/2011 12:10,1.65,15513.0,United Kingdom
539269,85034B,3 WHITE CHOC MORRIS BOXED CANDLES,4,12/16/2010 15:27,4.25,17580.0,United Kingdom
572295,23255,CHILDRENS CUTLERY CIRCUS PARADE,1,10/23/2011 13:49,4.15,16686.0,United Kingdom
538363,85231B,CINAMMON SET OF 9 T-LIGHTS,10,12/10/2010 17:14,0.85,18016.0,United Kingdom
548990,22992,REVOLVER WOODEN RULER ,24,4/5/2011 13:42,1.95,16170.0,United Kingdom
571779,23392,SPACEBOY ROCKET LOLLY MAKERS,2,10/19/2011 11:27,2.08,12748.0,United Kingdom
566258,85014B,RED RETROSPOT UMBRELLA,2,9/11/2011 12:45,5.95,13124.0,United Kingdom
551519,22966,GINGERBREAD MAN COOKIE CUTTER,12,5/1/2011 11:50,1.25,14304.0,United Kingdom
558888,22326,ROUND SNACK BOXES SET OF4 WOODLAND ,2,7/4/2011 15:29,2.95,14056.0,United Kingdom
563189,POST,POSTAGE,2,8/12/2011 15:22,18.0,12682.0,France
550071,85066,CREAM SWEETHEART MINI CHEST,2,4/14/2011 12:12,12.75,16735.0,United Kingdom
556125,22913,RED COAT RACK PARIS FASHION,3,6/9/2011 10:20,4.95,12947.0,United Kingdom
568376,23413,VINTAGE COFFEE GRINDER BOX,9,9/26/2011 17:20,4.95,14031.0,United Kingdom
538518,22910,PAPER CHAIN KIT VINTAGE CHRISTMAS,5,12/12/2010 16:14,2.95,14505.0,United Kingdom
572732,22350,ILLUSTRATED CAT BOWL ,4,10/25/2011 15:21,2.55,18079.0,United Kingdom
539471,22131,FOOD CONTAINER SET 3 LOVE HEART ,3,12/19/2010 14:16,1.95,17358.0,United Kingdom
569127,21485,RETROSPOT HEART HOT WATER BOTTLE,24,9/30/2011 13:31,4.25,15903.0,United Kingdom
545996,22501,PICNIC BASKET WICKER LARGE,1,3/8/2011 14:12,9.95,14367.0,United Kingdom
555488,22469,HEART OF WICKER SMALL,4,6/3/2011 13:43,1.65,16942.0,United Kingdom
540019,22487,WHITE WOOD GARDEN PLANT LADDER,1,1/4/2011 12:18,9.95,12957.0,United Kingdom
575972,22576,SWALLOW WOODEN CHRISTMAS DECORATION,2,11/13/2011 13:01,0.85,14499.0,United Kingdom
553058,23068,ALUMINIUM STAMPED HEART,4,5/13/2011 10:44,2.49,17790.0,United Kingdom
571715,21977,PACK OF 60 PINK PAISLEY CAKE CASES,6,10/18/2011 17:04,0.55,17576.0,United Kingdom
570254,21506,"FANCY FONT BIRTHDAY CARD, ",12,10/10/2011 9:41,0.42,16179.0,United Kingdom
569246,20972,PINK CREAM FELT CRAFT TRINKET BOX ,4,10/3/2011 9:57,2.46,14096.0,United Kingdom
552181,22748,POPPY'S PLAYHOUSE KITCHEN,40,5/6/2011 13:36,2.1,17381.0,United Kingdom
556218,22767,TRIPLE PHOTO FRAME CORNICE ,2,6/9/2011 14:18,9.95,17731.0,United Kingdom
541570,84992,72 SWEETHEART FAIRY CAKE CASES,120,1/19/2011 12:34,0.42,14646.0,Netherlands
568163,22845,VINTAGE CREAM CAT FOOD CONTAINER,1,9/25/2011 12:34,6.35,14540.0,United Kingdom
578306,23382,BOX OF 6 CHRISTMAS CAKE DECORATIONS,4,11/23/2011 15:46,3.75,17410.0,United Kingdom
561862,20914,SET/5 RED RETROSPOT LID GLASS BOWLS,32,7/31/2011 10:38,2.55,15569.0,United Kingdom
550911,84988,SET OF 72 PINK HEART PAPER DOILIES,12,4/21/2011 13:11,1.45,12354.0,Spain
550778,22741,FUNKY DIVA PEN,48,4/20/2011 13:36,0.85,14868.0,United Kingdom
568183,22577,WOODEN HEART CHRISTMAS SCANDINAVIAN,24,9/25/2011 13:47,0.29,13991.0,United Kingdom
573336,20983,12 PENCILS TALL TUBE RED RETROSPOT,4,10/30/2011 11:37,0.85,17372.0,United Kingdom
568917,23204,CHARLOTTE BAG APPLES DESIGN,10,9/29/2011 14:11,0.85,15955.0,United Kingdom
539920,85049A,TRADITIONAL CHRISTMAS RIBBONS,10,12/23/2010 11:06,1.25,14085.0,United Kingdom
554650,21731,RED TOADSTOOL LED NIGHT LIGHT,12,5/25/2011 12:54,1.65,12681.0,France
556512,22386,JUMBO BAG PINK POLKADOT,5,6/13/2011 10:44,2.08,14688.0,United Kingdom
541985,22751,FELTCRAFT PRINCESS OLIVIA DOLL,1,1/24/2011 15:52,3.75,15052.0,United Kingdom
C559742,22960,JAM MAKING SET WITH JARS,-12,7/12/2011 11:11,3.75,14267.0,United Kingdom
567662,22998,TRAVEL CARD WALLET KEEP CALM,10,9/21/2011 15:12,0.42,17758.0,United Kingdom
572227,22113,GREY HEART HOT WATER BOTTLE,2,10/21/2011 14:01,4.25,15051.0,United Kingdom
561280,22595,GINGHAM HEART DECORATION,12,7/26/2011 12:24,0.85,18211.0,United Kingdom
548987,22913,RED COAT RACK PARIS FASHION,1,4/5/2011 12:50,4.95,14535.0,United Kingdom
576605,82552,WASHROOM METAL SIGN,4,11/15/2011 15:33,1.45,14562.0,United Kingdom
540350,20726,LUNCH BAG WOODLAND,1,1/6/2011 14:14,1.65,18283.0,United Kingdom
572475,23535,WALL ART BICYCLE SAFETY,1,10/24/2011 13:37,5.95,15271.0,United Kingdom
547850,21756,BATH BUILDING BLOCK WORD,2,3/27/2011 12:06,5.95,14472.0,United Kingdom
574871,22838,3 TIER CAKE TIN RED AND CREAM,1,11/7/2011 12:56,14.95,14527.0,United Kingdom
539103,21754,HOME BUILDING BLOCK WORD,3,12/16/2010 10:38,5.95,16985.0,United Kingdom
565151,22365,DOORMAT RESPECTABLE HOUSE,1,9/1/2011 14:29,8.25,16923.0,United Kingdom
542914,22663,JUMBO BAG DOLLY GIRL DESIGN,3,2/1/2011 16:03,1.95,16161.0,United Kingdom
544332,21385,IVORY HANGING DECORATION  HEART,24,2/17/2011 17:34,0.85,17419.0,United Kingdom
563919,23360,SET 8 CANDLES VINTAGE DOILY,12,8/21/2011 13:48,1.95,14735.0,United Kingdom
573339,84247N,PACK/12 BLUE FOLKART CARDS,1,10/30/2011 11:49,2.95,13278.0,United Kingdom
567626,22646,CERAMIC STRAWBERRY CAKE MONEY BANK,1,9/21/2011 12:56,1.45,15311.0,United Kingdom
573083,23535,WALL ART BICYCLE SAFETY,3,10/27/2011 14:22,5.95,13735.0,United Kingdom
553911,22649,STRAWBERRY FAIRY CAKE TEAPOT,2,5/19/2011 19:02,4.95,18168.0,United Kingdom
572221,23328,SET 6 SCHOOL MILK BOTTLES IN CRATE,4,10/21/2011 13:27,3.75,17086.0,United Kingdom
580278,23300,GARDENERS KNEELING PAD CUP OF TEA ,1,12/2/2011 13:11,1.65,13560.0,United Kingdom
566554,22149,FELTCRAFT 6 FLOWER FRIENDS,6,9/13/2011 11:39,2.1,13136.0,United Kingdom
580311,22959,WRAP CHRISTMAS VILLAGE,25,12/2/2011 14:48,0.42,18245.0,United Kingdom
C556888,82494L,WOODEN FRAME ANTIQUE WHITE ,-1,6/15/2011 12:37,2.95,15005.0,United Kingdom
577483,85071C,"CHARLIE+LOLA""EXTREMELY BUSY"" SIGN",1,11/20/2011 11:50,0.39,14502.0,United Kingdom
566984,22728,ALARM CLOCK BAKELIKE PINK,8,9/16/2011 10:39,3.75,12471.0,Germany
580402,23543,WALL ART KEEP CALM ,6,12/4/2011 11:55,4.15,13536.0,United Kingdom
565769,22763,KEY CABINET MA CAMPAGNE,2,9/6/2011 14:32,9.95,16175.0,United Kingdom
572718,23211,RED ROCKING HORSE HAND PAINTED,24,10/25/2011 14:56,1.25,15656.0,United Kingdom
577074,22944,CHRISTMAS METAL POSTCARD WITH BELLS,72,11/17/2011 15:04,0.39,15399.0,United Kingdom
559535,46000R,POLYESTER FILLER PAD 45x30cm,2,7/10/2011 12:16,1.45,17841.0,United Kingdom
545416,21984,PACK OF 12 PINK PAISLEY TISSUES ,24,3/2/2011 13:35,0.29,17770.0,United Kingdom
569836,23206,LUNCH BAG APPLE DESIGN,20,10/6/2011 13:06,1.65,12910.0,United Kingdom
541088,22985,"WRAP, BILLBOARD FONTS DESIGN",25,1/13/2011 12:41,0.42,15513.0,United Kingdom
576653,84849D,HOT BATHS SOAP HOLDER,72,11/16/2011 10:45,1.69,14156.0,EIRE
576339,22576,SWALLOW WOODEN CHRISTMAS DECORATION,1,11/14/2011 15:27,1.63,14096.0,United Kingdom
560278,22192,BLUE DINER WALL CLOCK,1,7/17/2011 15:45,8.5,13610.0,United Kingdom
546678,22436,12 COLOURED PARTY BALLOONS,20,3/15/2011 16:39,0.65,12681.0,France
580697,22082,RIBBON REEL STRIPES DESIGN ,10,12/5/2011 16:05,1.65,15984.0,United Kingdom
571845,21263,GREEN GOOSE FEATHER TREE 60CM,2,10/19/2011 12:34,1.95,16869.0,United Kingdom
C569114,22197,POPCORN HOLDER,-1,9/30/2011 12:50,0.85,14911.0,EIRE
556441,22178,VICTORIAN GLASS HANGING T-LIGHT,12,6/10/2011 15:07,1.25,14415.0,United Kingdom
537418,84029E,RED WOOLLY HOTTIE WHITE HEART.,1,12/6/2010 15:13,3.75,17884.0,United Kingdom
564323,23199,JUMBO BAG APPLES,100,8/24/2011 13:24,1.75,13694.0,United Kingdom
558754,23123,COCKTAIL SWORDS 50 PIECES,4,7/3/2011 12:10,0.83,15518.0,United Kingdom
575711,21210,SET OF 72 RETROSPOT PAPER  DOILIES,12,11/10/2011 17:45,1.45,14560.0,United Kingdom
557308,21136,PAINTED METAL PEARS ASSORTED,4,6/19/2011 15:13,1.69,16744.0,United Kingdom
556072,47590A,BLUE HAPPY BIRTHDAY BUNTING,6,6/8/2011 14:57,5.45,16126.0,United Kingdom
537781,21983,PACK OF 12 BLUE PAISLEY TISSUES ,1,12/8/2010 12:46,0.29,17341.0,United Kingdom
538660,22454,MEASURING TAPE BABUSHKA RED,6,12/13/2010 15:37,2.95,15808.0,United Kingdom
555201,17003,BROCADE RING PURSE ,36,6/1/2011 12:10,0.29,16969.0,United Kingdom
569238,23350,ROLL WRAP VINTAGE SPOT ,5,10/2/2011 15:52,1.25,17954.0,United Kingdom
568517,23369,SET 36 COLOUR PENCILS LOVE LONDON,1,9/27/2011 12:52,1.25,14456.0,United Kingdom
563565,22748,POPPY'S PLAYHOUSE KITCHEN,3,8/17/2011 14:22,2.1,17338.0,United Kingdom
540826,22977,DOLLY GIRL CHILDRENS EGG CUP,12,1/11/2011 14:00,1.25,13102.0,United Kingdom
541866,22960,JAM MAKING SET WITH JARS,6,1/24/2011 9:25,4.25,16477.0,United Kingdom
558714,10133,COLOURING PENCILS BROWN TUBE,10,7/1/2011 13:17,0.42,17888.0,United Kingdom
576064,82482,WOODEN PICTURE FRAME WHITE FINISH,3,11/13/2011 15:37,2.95,12508.0,France
542506,22383,LUNCH BAG SUKI  DESIGN ,10,1/28/2011 12:06,1.65,16523.0,United Kingdom
561113,20616,CHERRY BLOSSOM PASSPORT COVER,5,7/25/2011 12:09,0.75,17841.0,United Kingdom
574683,22211,WOOD STAMP SET FLOWERS,2,11/6/2011 12:50,0.83,16372.0,United Kingdom
566717,21389,IVORY HANGING DECORATION  BIRD,1,9/14/2011 12:14,0.85,17841.0,United Kingdom
564165,22771,CLEAR DRAWER KNOB ACRYLIC EDWARDIAN,12,8/23/2011 13:35,1.25,13593.0,United Kingdom
563205,22492,MINI PAINT SET VINTAGE ,36,8/14/2011 12:03,0.65,14040.0,United Kingdom
547019,20668,DISCO BALL CHRISTMAS DECORATION,24,3/18/2011 14:54,0.12,17841.0,United Kingdom
549313,84997B,CHILDRENS CUTLERY RETROSPOT RED ,4,4/8/2011 9:45,4.15,12393.0,Australia
556685,84946,ANTIQUE SILVER T-LIGHT GLASS,24,6/14/2011 10:00,1.25,14503.0,United Kingdom
571227,22354,RETROSPOT PADDED SEAT CUSHION,10,10/14/2011 13:54,3.75,12477.0,Germany
547652,22260,FELT EGG COSY BLUE RABBIT ,1,3/24/2011 12:15,0.85,14606.0,United Kingdom
566190,47503A,ASS FLORAL PRINT MULTI SCREWDRIVER,12,9/9/2011 13:20,0.42,12748.0,United Kingdom
563234,23289,DOLLY GIRL CHILDRENS BOWL,8,8/15/2011 8:26,1.25,13621.0,United Kingdom
538205,16169P,WRAP GREEN RUSSIAN FOLKART ,25,12/10/2010 11:24,0.42,12748.0,United Kingdom
577483,21014,SWISS CHALET TREE DECORATION ,6,11/20/2011 11:50,0.29,14502.0,United Kingdom
578757,20725,LUNCH BAG RED RETROSPOT,1,11/25/2011 11:41,1.65,12748.0,United Kingdom
571701,23215,JINGLE BELL HEART ANTIQUE SILVER,12,10/18/2011 15:05,2.08,14639.0,United Kingdom
537242,22632,HAND WARMER RED RETROSPOT,12,12/6/2010 10:19,2.1,14748.0,United Kingdom
560996,22295,HEART FILIGREE DOVE LARGE,12,7/22/2011 13:53,1.65,17625.0,United Kingdom
541265,21755,LOVE BUILDING BLOCK WORD,1,1/16/2011 16:23,5.95,17609.0,United Kingdom
549813,21131,GOLD STANDING GNOME,1,4/12/2011 12:16,4.25,17972.0,United Kingdom
578233,22139,RETROSPOT TEA SET CERAMIC 11 PC ,24,11/23/2011 12:20,4.25,14049.0,United Kingdom
551516,21790,VINTAGE SNAP CARDS,1,5/1/2011 11:10,0.85,14800.0,United Kingdom
552329,48187,DOORMAT NEW ENGLAND,4,5/9/2011 10:06,7.95,13492.0,Switzerland
563922,22945,CHRISTMAS METAL TAGS ASSORTED ,3,8/21/2011 14:10,0.85,14529.0,United Kingdom
556503,22037,ROBOT BIRTHDAY CARD,12,6/13/2011 8:44,0.42,13517.0,United Kingdom
560239,22149,FELTCRAFT 6 FLOWER FRIENDS,6,7/17/2011 11:50,2.1,13507.0,United Kingdom
559011,22690,DOORMAT HOME SWEET HOME BLUE ,2,7/5/2011 12:50,7.95,17049.0,United Kingdom
545043,82494L,WOODEN FRAME ANTIQUE WHITE ,6,2/27/2011 11:05,2.95,16407.0,United Kingdom
543040,82578,KITCHEN METAL SIGN,1,2/2/2011 17:06,0.55,17337.0,United Kingdom
567625,20839,FRENCH PAISLEY CUSHION COVER ,12,9/21/2011 12:55,0.85,13627.0,United Kingdom
569234,21756,BATH BUILDING BLOCK WORD,1,10/2/2011 15:33,6.25,17841.0,United Kingdom
580351,23084,RABBIT NIGHT LIGHT,12,12/2/2011 15:55,2.08,12962.0,United Kingdom
571433,21974,SET OF 36 PAISLEY FLOWER DOILIES,12,10/17/2011 13:19,1.45,13015.0,United Kingdom
556063,20727,LUNCH BAG  BLACK SKULL.,2,6/8/2011 14:09,1.65,14587.0,United Kingdom
556876,85132B,CHARLIE AND LOLA TABLE TINS,2,6/15/2011 11:56,1.95,16241.0,United Kingdom
545064,22356,CHARLOTTE BAG PINK POLKADOT,10,2/27/2011 14:29,0.85,13636.0,United Kingdom
569565,16161P,WRAP ENGLISH ROSE ,25,10/5/2011 9:52,0.42,16722.0,United Kingdom
579672,20972,PINK CREAM FELT CRAFT TRINKET BOX ,12,11/30/2011 12:41,1.25,14005.0,United Kingdom
566930,22384,LUNCH BAG PINK POLKADOT,10,9/15/2011 15:26,1.65,15417.0,United Kingdom
564661,16169E,WRAP 50'S  CHRISTMAS,25,8/26/2011 14:45,0.42,12948.0,United Kingdom
580819,22380,TOY TIDY SPACEBOY  ,20,12/6/2011 11:30,0.79,15318.0,United Kingdom
564648,84987,SET OF 36 TEATIME PAPER DOILIES,12,8/26/2011 14:04,1.45,15641.0,United Kingdom
580374,22763,KEY CABINET MA CAMPAGNE,2,12/2/2011 17:12,9.95,17584.0,United Kingdom
C580702,23494,VINTAGE DOILY DELUXE SEWING KIT ,-40,12/5/2011 16:26,5.95,17404.0,Sweden
548650,22767,TRIPLE PHOTO FRAME CORNICE ,2,4/1/2011 13:22,9.95,14852.0,United Kingdom
577858,22086,PAPER CHAIN KIT 50'S CHRISTMAS ,1,11/22/2011 11:24,2.95,16365.0,United Kingdom
552247,21927,BLUE/CREAM STRIPE CUSHION COVER ,2,5/6/2011 19:48,1.25,12748.0,United Kingdom
554102,21977,PACK OF 60 PINK PAISLEY CAKE CASES,7,5/22/2011 13:40,0.55,14647.0,United Kingdom
551137,22960,JAM MAKING SET WITH JARS,1,4/26/2011 13:05,4.25,15581.0,United Kingdom
538199,21181,PLEASE ONE PERSON METAL SIGN,1,12/10/2010 11:02,2.1,14082.0,United Kingdom
542717,21078,SET/20 STRAWBERRY PAPER NAPKINS ,1,1/31/2011 14:07,0.85,17580.0,United Kingdom
540031,22147,FELTCRAFT BUTTERFLY HEARTS,1,1/4/2011 13:50,1.45,17975.0,United Kingdom
580525,22113,GREY HEART HOT WATER BOTTLE,8,12/4/2011 15:16,4.25,13630.0,United Kingdom
571046,51014L,"FEATHER PEN,LIGHT PINK",12,10/13/2011 13:35,0.39,18096.0,United Kingdom
550179,84388,WISE MAN STAR SHAPE EGG PAN,6,4/14/2011 17:29,0.39,15220.0,United Kingdom
572454,23029,DRAWER KNOB CRACKLE GLAZE GREEN,12,10/24/2011 12:38,1.65,13808.0,United Kingdom
578671,23188,VINTAGE  2 METRE FOLDING RULER,40,11/24/2011 17:32,1.65,16989.0,United Kingdom
567156,82583,HOT BATHS METAL SIGN,2,9/16/2011 17:05,2.1,14462.0,United Kingdom
545708,85194L,HANGING SPRING FLOWER EGG LARGE,12,3/7/2011 9:39,0.85,14915.0,United Kingdom
572765,71477,COLOUR GLASS. STAR T-LIGHT HOLDER,384,10/26/2011 10:02,2.75,16013.0,United Kingdom
C573771,23462,ROCOCO WALL MIRROR WHITE,-1,11/1/2011 10:13,19.95,16164.0,United Kingdom
575988,23570,TRADITIONAL PICK UP STICKS GAME ,12,11/13/2011 14:18,1.25,13018.0,United Kingdom
539933,20854,BLUE PATCH PURSE PINK HEART,10,12/23/2010 11:24,1.65,15235.0,United Kingdom
572182,21790,VINTAGE SNAP CARDS,12,10/21/2011 10:32,0.85,13588.0,United Kingdom
579256,21894,POTTING SHED SEED ENVELOPES,12,11/29/2011 8:07,1.25,13349.0,United Kingdom
560991,22556,PLASTERS IN TIN CIRCUS PARADE ,12,7/22/2011 13:29,1.65,12438.0,Norway
579792,23473,WOODLAND SMALL RED FELT HEART,12,11/30/2011 15:43,0.83,12714.0,France
563572,23127,FELTCRAFT GIRL NICOLE KIT,2,8/17/2011 15:00,4.95,16734.0,United Kingdom
554160,22556,PLASTERS IN TIN CIRCUS PARADE ,1,5/23/2011 11:49,1.65,17841.0,United Kingdom
562600,20974,12 PENCILS SMALL TUBE SKULL,24,8/8/2011 10:01,0.65,12676.0,Sweden
556183,22961,JAM MAKING SET PRINTED,12,6/9/2011 11:37,1.45,13134.0,United Kingdom
547569,22287,"DECORATION , WOBBLY CHICKEN, METAL ",12,3/24/2011 9:50,1.65,17491.0,United Kingdom
539391,21135,VICTORIAN  METAL POSTCARD SPRING,16,12/17/2010 11:51,1.69,12417.0,Belgium
559639,22996,TRAVEL CARD WALLET VINTAGE TICKET,24,7/11/2011 12:23,0.42,13767.0,United Kingdom
553833,23077,DOUGHNUT LIP GLOSS ,20,5/19/2011 11:41,1.25,17346.0,United Kingdom
541987,22150,3 STRIPEY MICE FELTCRAFT,3,1/24/2011 16:05,1.95,14130.0,United Kingdom
567697,22766,PHOTO FRAME CORNICE,8,9/22/2011 8:41,2.95,16558.0,United Kingdom
540545,84992,72 SWEETHEART FAIRY CAKE CASES,4,1/9/2011 15:35,0.55,13451.0,United Kingdom
558637,22718,CARD CAT AND TREE ,12,6/30/2011 20:08,0.42,17891.0,United Kingdom
545514,20982,12 PENCILS TALL TUBE SKULLS,10,3/3/2011 12:06,0.85,15053.0,United Kingdom
549577,21498,RED RETROSPOT WRAP ,25,4/11/2011 8:16,0.42,14286.0,United Kingdom
565141,84971S,SMALL HEART FLOWERS HOOK ,1,9/1/2011 13:40,0.85,17841.0,United Kingdom
554666,23209,LUNCH BAG DOILEY PATTERN ,20,5/25/2011 14:54,1.65,13599.0,United Kingdom
549116,21733,RED HANGING HEART T-LIGHT HOLDER,6,4/6/2011 12:49,2.95,16670.0,United Kingdom
580725,21563,RED HEART SHAPE LOVE BUCKET ,24,12/5/2011 17:13,0.79,15932.0,United Kingdom
553390,22674,FRENCH TOILET SIGN BLUE METAL,3,5/16/2011 16:41,1.25,17841.0,United Kingdom
571942,23482,PEARLISED IVORY HEART LARGE ,12,10/20/2011 10:06,1.65,17434.0,United Kingdom
561641,84988,SET OF 72 PINK HEART PAPER DOILIES,24,7/28/2011 15:03,1.45,15939.0,United Kingdom
569223,22186,RED STAR CARD HOLDER,5,10/2/2011 13:49,1.95,16283.0,United Kingdom
564061,21670,BLUE SPOT CERAMIC DRAWER KNOB,2,8/22/2011 14:38,1.25,14505.0,United Kingdom
571498,22169,FAMILY ALBUM WHITE PICTURE FRAME,1,10/17/2011 15:06,8.5,17841.0,United Kingdom
557057,22956,36 FOIL HEART CAKE CASES,12,6/16/2011 14:46,2.1,16843.0,United Kingdom
564173,85014A,BLACK/BLUE POLKADOT UMBRELLA,3,8/23/2011 14:23,5.95,12567.0,France
C548972,85123A,WHITE HANGING HEART T-LIGHT HOLDER,-6,4/5/2011 11:42,2.95,15674.0,United Kingdom
536463,82552,WASHROOM METAL SIGN,12,12/1/2010 12:22,1.45,14849.0,United Kingdom
562370,23287,RED VINTAGE SPOT BEAKER,8,8/4/2011 14:20,0.85,12626.0,Germany
561625,85099F,JUMBO BAG STRAWBERRY,10,7/28/2011 14:03,2.08,16843.0,United Kingdom
566599,23119,PACK OF 6 LARGE FRUIT STRAWS ,4,9/13/2011 15:37,0.62,15998.0,United Kingdom
563016,21495,SKULLS AND CROSSBONES WRAP,25,8/11/2011 12:44,0.42,15358.0,United Kingdom
567485,22296,HEART IVORY TRELLIS LARGE,2,9/20/2011 13:52,1.65,15026.0,United Kingdom
578513,22551,PLASTERS IN TIN SPACEBOY,12,11/24/2011 13:32,1.65,16609.0,United Kingdom
563206,82581,TOILET METAL SIGN,5,8/14/2011 12:08,0.55,17613.0,United Kingdom
540113,21109,LARGE CAKE TOWEL CHOCOLATE SPOTS,24,1/5/2011 9:11,1.95,13126.0,United Kingdom
560934,21495,SKULLS AND CROSSBONES WRAP,25,7/22/2011 10:48,0.42,16722.0,United Kingdom
568868,23013,GLASS APOTHECARY BOTTLE TONIC,4,9/29/2011 12:00,3.95,12957.0,United Kingdom
568685,23002,TRAVEL CARD WALLET SKULLS,168,9/28/2011 14:21,0.42,16394.0,United Kingdom
C579438,21533,RETROSPOT LARGE MILK JUG,-12,11/29/2011 13:26,4.25,14235.0,United Kingdom
560360,22469,HEART OF WICKER SMALL,40,7/18/2011 11:55,1.45,12744.0,Singapore
574336,POST,POSTAGE,6,11/4/2011 9:52,15.0,12397.0,Belgium
563076,23192,BUNDLE OF 3 ALPHABET EXERCISE BOOKS,48,8/11/2011 16:12,1.45,14646.0,Netherlands
579141,23320,GIANT 50'S CHRISTMAS CRACKER,1,11/28/2011 13:06,2.89,17019.0,United Kingdom
536464,21738,COSY SLIPPER SHOES SMALL  RED ,1,12/1/2010 12:23,2.95,17968.0,United Kingdom
553165,21931,JUMBO STORAGE BAG SUKI,1,5/13/2011 16:12,2.08,13623.0,United Kingdom
549958,22149,FELTCRAFT 6 FLOWER FRIENDS,2,4/13/2011 13:47,2.1,17589.0,United Kingdom
545022,22743,MAKE YOUR OWN FLOWERPOWER CARD KIT,6,2/25/2011 14:24,2.95,12921.0,United Kingdom
564060,22070,SMALL RED RETROSPOT MUG IN BOX ,1,8/22/2011 14:37,3.75,17073.0,United Kingdom
562604,15044A,PINK PAPER PARASOL ,6,8/8/2011 10:51,2.95,17611.0,United Kingdom
581122,22355,CHARLOTTE BAG SUKI DESIGN,20,12/7/2011 12:33,0.85,12839.0,United Kingdom
575117,23263,SET OF 3 WOODEN HEART DECORATIONS,1,11/8/2011 14:22,1.25,12748.0,United Kingdom
580512,22139,RETROSPOT TEA SET CERAMIC 11 PC ,3,12/4/2011 13:55,4.95,12673.0,Germany
562150,23191,BUNDLE OF 3 RETRO NOTE BOOKS,12,8/3/2011 10:49,1.65,14132.0,United Kingdom
562725,23145,ZINC T-LIGHT HOLDER STAR LARGE,12,8/9/2011 9:04,0.95,17302.0,United Kingdom
571657,22772,PINK DRAWER KNOB ACRYLIC EDWARDIAN,12,10/18/2011 12:44,1.25,13835.0,United Kingdom
575051,21812,GARLAND WITH HEARTS AND BELLS,1,11/8/2011 12:14,4.95,15957.0,United Kingdom
575855,35970,ZINC FOLKART SLEIGH BELLS,1,11/11/2011 12:24,1.69,14527.0,United Kingdom
571939,47590B,PINK HAPPY BIRTHDAY BUNTING,3,10/20/2011 9:40,5.45,16260.0,United Kingdom
544692,22714,CARD BIRTHDAY COWBOY,12,2/23/2011 9:14,0.42,17499.0,United Kingdom
577530,22767,TRIPLE PHOTO FRAME CORNICE ,2,11/20/2011 13:48,9.95,14950.0,United Kingdom
579676,22284,HEN HOUSE DECORATION,12,11/30/2011 13:13,1.65,17502.0,United Kingdom
569672,22365,DOORMAT RESPECTABLE HOUSE,1,10/5/2011 13:58,8.25,17841.0,United Kingdom
559165,21900,"KEY FOB , SHED",1,7/6/2011 16:40,0.65,12977.0,United Kingdom
544187,20914,SET/5 RED RETROSPOT LID GLASS BOWLS,6,2/16/2011 16:31,2.95,14107.0,United Kingdom
556914,15039,SANDALWOOD FAN,6,6/15/2011 13:34,0.85,12877.0,United Kingdom
576665,23263,SET OF 3 WOODEN HEART DECORATIONS,6,11/16/2011 11:46,1.25,17841.0,United Kingdom
578275,51014L,"FEATHER PEN,LIGHT PINK",12,11/23/2011 13:46,0.39,15916.0,United Kingdom
546534,85188A,GREEN METAL SWINGING BUNNY,24,3/14/2011 13:56,0.85,16150.0,United Kingdom
568185,21158,MOODY GIRL DOOR HANGER ,1,9/25/2011 14:08,0.39,16594.0,United Kingdom
557267,75011,BLUE DAISY MOBILE,2,6/19/2011 11:23,0.79,16805.0,United Kingdom
571564,23660,HENRIETTA HEN MUG ,12,10/18/2011 10:16,1.65,16019.0,United Kingdom
573106,23474,WOODLAND SMALL BLUE FELT HEART,12,10/27/2011 15:05,0.83,12626.0,Germany
572330,82613C,"METAL SIGN,CUPCAKE SINGLE HOOK",1,10/24/2011 10:17,1.25,16426.0,United Kingdom
545079,22168,ORGANISER WOOD ANTIQUE WHITE ,1,2/28/2011 10:30,8.5,18283.0,United Kingdom
547521,21485,RETROSPOT HEART HOT WATER BOTTLE,3,3/23/2011 15:00,4.95,16713.0,United Kingdom
544075,22863,SOAP DISH BROCANTE,48,2/15/2011 14:50,2.55,14156.0,EIRE
550124,22457,NATURAL SLATE HEART CHALKBOARD ,6,4/14/2011 12:41,2.95,12853.0,United Kingdom
550154,22090,PAPER BUNTING RETROSPOT,10,4/14/2011 14:45,2.95,13069.0,United Kingdom
547567,20914,SET/5 RED RETROSPOT LID GLASS BOWLS,6,3/24/2011 9:44,2.95,17644.0,United Kingdom
565332,23322,LARGE WHITE HEART OF WICKER,12,9/2/2011 14:09,2.95,13695.0,United Kingdom
542713,22072,RED RETROSPOT TEA CUP AND SAUCER ,4,1/31/2011 13:27,3.75,12668.0,Germany
539463,16014,SMALL CHINESE STYLE SCISSOR,10,12/19/2010 11:19,0.42,18077.0,United Kingdom
566554,22621,TRADITIONAL KNITTING NANCY,12,9/13/2011 11:39,1.65,13136.0,United Kingdom
581455,23135,SMALL ZINC HEART WALL ORGANISER,18,12/8/2011 18:25,3.32,18102.0,United Kingdom
569727,22585,PACK OF 6 BIRDY GIFT TAGS,36,10/6/2011 9:37,1.25,12500.0,Germany
574509,22737,RIBBON REEL CHRISTMAS PRESENT ,5,11/4/2011 13:25,1.65,16012.0,United Kingdom
553681,23172,REGENCY TEA PLATE PINK,12,5/18/2011 13:13,1.65,15410.0,United Kingdom
572048,23343,JUMBO BAG VINTAGE CHRISTMAS ,20,10/20/2011 12:21,2.08,14477.0,United Kingdom
552127,22381,TOY TIDY PINK POLKADOT,5,5/6/2011 11:47,2.1,17174.0,United Kingdom
576567,23350,ROLL WRAP VINTAGE SPOT ,5,11/15/2011 13:41,1.25,17220.0,United Kingdom
546908,22666,RECIPE BOX PANTRY YELLOW DESIGN,6,3/17/2011 18:59,2.95,15648.0,United Kingdom
575086,23514,EMBROIDERED RIBBON REEL SALLY ,6,11/8/2011 13:52,2.08,16618.0,United Kingdom
554906,22999,TRAVEL CARD WALLET RETRO PETALS,24,5/27/2011 11:41,0.42,14194.0,United Kingdom
573066,85176,SEWING SUSAN 21 NEEDLE SET,13,10/27/2011 13:53,0.85,16026.0,United Kingdom
C538742,22386,JUMBO BAG PINK POLKADOT,-2,12/14/2010 11:26,1.95,13599.0,United Kingdom
574047,11001,ASSTD DESIGN RACING CAR PEN,16,11/2/2011 13:26,1.69,13318.0,United Kingdom
536989,21539,RED RETROSPOT BUTTER DISH,1,12/3/2010 15:10,4.95,17238.0,United Kingdom
539761,21620,SET OF 4 ROSE BOTANICAL CANDLES,12,12/22/2010 10:29,1.25,17593.0,United Kingdom
580541,22196,SMALL HEART MEASURING SPOONS,12,12/5/2011 9:03,0.85,15358.0,United Kingdom
578678,22112,CHOCOLATE HOT WATER BOTTLE,1,11/24/2011 19:59,4.95,17841.0,United Kingdom
559554,21213,PACK OF 72 SKULL CAKE CASES,24,7/11/2011 10:12,0.55,14258.0,United Kingdom
562456,23546,WRAP PAISLEY PARK ,25,8/5/2011 10:39,0.42,15194.0,United Kingdom
565670,22671,FRENCH LAUNDRY SIGN BLUE METAL,12,9/6/2011 9:23,1.65,14944.0,United Kingdom
572295,23041,PAPER LANTERN 9 POINT SNOW STAR,1,10/23/2011 13:49,4.15,16686.0,United Kingdom
C543609,20914,SET/5 RED RETROSPOT LID GLASS BOWLS,-1,2/10/2011 14:17,2.55,16705.0,United Kingdom
563928,23209,LUNCH BAG VINTAGE DOILY ,2,8/21/2011 15:17,1.65,17059.0,United Kingdom
558085,20725,LUNCH BAG RED RETROSPOT,10,6/26/2011 11:53,1.65,13021.0,United Kingdom
537334,21034,REX CASH+CARRY JUMBO SHOPPER,2,12/6/2010 12:06,0.95,16719.0,United Kingdom
566345,22382,LUNCH BAG SPACEBOY DESIGN ,10,9/12/2011 12:27,1.65,17685.0,United Kingdom
557299,23152,IVORY SWEETHEART WIRE LETTER RACK ,4,6/19/2011 13:56,3.75,13047.0,United Kingdom
559301,23245,SET OF 3 REGENCY CAKE TINS,4,7/7/2011 12:41,4.95,13842.0,United Kingdom
554497,23078,ICE CREAM PEN LIP GLOSS ,24,5/24/2011 14:38,1.25,15819.0,United Kingdom
553179,21912,VINTAGE SNAKES & LADDERS,1,5/15/2011 11:30,3.75,15440.0,United Kingdom
564558,21731,RED TOADSTOOL LED NIGHT LIGHT,12,8/26/2011 8:59,1.65,12704.0,Finland
577524,22155,STAR DECORATION RUSTIC,2,11/20/2011 13:33,0.42,16905.0,United Kingdom
557625,20725,LUNCH BAG RED RETROSPOT,10,6/21/2011 14:23,1.65,15159.0,United Kingdom
545872,21448,12 DAISY PEGS IN WOOD BOX,2,3/7/2011 14:51,1.65,15752.0,United Kingdom
580051,85150,LADIES & GENTLEMEN METAL SIGN,6,12/1/2011 12:55,2.55,12963.0,United Kingdom
536638,84509A,SET OF 4 ENGLISH ROSE PLACEMATS,4,12/2/2010 11:41,3.75,16244.0,United Kingdom
554157,22896,PEG BAG APPLES DESIGN,1,5/23/2011 11:33,2.55,18283.0,United Kingdom
578074,23508,MINI PLAYING CARDS DOLLY GIRL ,5,11/22/2011 16:06,0.42,17590.0,United Kingdom
571265,23353,6 GIFT TAGS VINTAGE CHRISTMAS ,2,10/16/2011 11:31,0.83,16674.0,United Kingdom
555553,22139,RETROSPOT TEA SET CERAMIC 11 PC ,3,6/5/2011 13:45,4.95,12662.0,Germany
545053,21070,VINTAGE BILLBOARD MUG ,2,2/27/2011 12:41,1.25,17516.0,United Kingdom
564065,23354,6 GIFT TAGS 50'S CHRISTMAS ,12,8/22/2011 15:05,0.83,15150.0,United Kingdom
543973,22800,ANTIQUE TALL SWIRLGLASS TRINKET POT,1,2/14/2011 15:15,3.75,17571.0,United Kingdom
579003,22457,NATURAL SLATE HEART CHALKBOARD ,6,11/28/2011 8:48,2.95,14741.0,United Kingdom
557892,23300,GARDENERS KNEELING PAD CUP OF TEA ,4,6/23/2011 14:11,1.65,14534.0,United Kingdom
542611,20961,STRAWBERRY BATH SPONGE ,10,1/30/2011 14:13,1.25,15415.0,United Kingdom
570656,82616B,FRAPPUCINO SCARF KNITTING KIT,11,10/11/2011 14:10,1.25,16120.0,United Kingdom
556408,84596L,BISCUITS SMALL BOWL LIGHT BLUE,8,6/10/2011 11:54,0.42,13533.0,United Kingdom
544087,22752,SET 7 BABUSHKA NESTING BOXES,1,2/15/2011 17:02,8.5,17530.0,United Kingdom
557869,20728,LUNCH BAG CARS BLUE,2,6/23/2011 12:21,1.65,17961.0,United Kingdom
557011,21620,SET OF 4 ROSE BOTANICAL CANDLES,12,6/16/2011 11:50,3.75,16279.0,United Kingdom
572964,85231B,CINAMMON SET OF 9 T-LIGHTS,12,10/27/2011 10:41,0.85,12630.0,Finland
572058,85036B,CHOCOLATE 1 WICK MORRIS BOX CANDLE,4,10/20/2011 12:43,1.25,18252.0,United Kingdom
576677,23203,JUMBO BAG VINTAGE DOILY ,5,11/16/2011 12:03,2.08,16393.0,United Kingdom
552252,21080,SET/20 RED RETROSPOT PAPER NAPKINS ,12,5/8/2011 10:11,0.85,15227.0,United Kingdom
540662,22726,ALARM CLOCK BAKELIKE GREEN,8,1/10/2011 15:16,3.75,13767.0,United Kingdom
537818,21844,RED RETROSPOT MUG,6,12/8/2010 13:53,2.95,12766.0,Portugal
578302,23539,WALL ART LOVES' SECRET ,4,11/23/2011 15:23,5.95,16057.0,United Kingdom
566025,23400,SHELF WITH 4 HOOKS HOME SWEET HOME,1,9/8/2011 12:55,6.25,17634.0,United Kingdom
552290,22730,ALARM CLOCK BAKELIKE IVORY,1,5/8/2011 13:32,3.75,16007.0,United Kingdom
578016,22737,RIBBON REEL CHRISTMAS PRESENT ,4,11/22/2011 13:02,1.65,14506.0,United Kingdom
549055,22908,PACK OF 20 NAPKINS RED APPLES,12,4/6/2011 10:33,0.85,13515.0,United Kingdom
577067,POST,POSTAGE,2,11/17/2011 14:49,40.0,12704.0,Finland
573396,20973,12 PENCIL SMALL TUBE WOODLAND,2,10/30/2011 15:13,0.65,14723.0,United Kingdom
567128,17012B,ORIGAMI JASMINE INCENSE/CANDLE SET,4,9/16/2011 14:04,0.85,18055.0,United Kingdom
580516,22645,CERAMIC HEART FAIRY CAKE MONEY BANK,1,12/4/2011 14:15,0.39,17954.0,United Kingdom
580884,51014A,"FEATHER PEN,HOT PINK",12,12/6/2011 12:21,0.39,15907.0,United Kingdom
566728,85111,SILVER GLITTER FLOWER VOTIVE HOLDER,36,9/14/2011 13:15,0.29,15841.0,United Kingdom
569028,22733,3D TRADITIONAL CHRISTMAS STICKERS,18,9/30/2011 10:20,1.25,14911.0,EIRE
538207,21624,VINTAGE UNION JACK DOORSTOP,1,12/10/2010 11:33,5.95,12748.0,United Kingdom
574695,21755,LOVE BUILDING BLOCK WORD,1,11/6/2011 13:37,6.25,17114.0,United Kingdom
559877,23127,FELTCRAFT GIRL NICOLE KIT,3,7/13/2011 11:17,4.95,15561.0,United Kingdom
558641,82582,AREA PATROLLED METAL SIGN,12,7/1/2011 9:19,2.1,17865.0,United Kingdom
547418,35914,PINK CHICK EGG WARMER + EGG CUP,12,3/23/2011 10:25,0.85,13148.0,United Kingdom
563718,23202,JUMBO BAG VINTAGE LEAF,10,8/18/2011 16:18,2.08,15144.0,United Kingdom
559141,47559B,TEA TIME OVEN GLOVE,2,7/6/2011 13:56,1.25,15311.0,United Kingdom
562435,22939,ADULT APRON APPLE DELIGHT,4,8/4/2011 17:51,4.95,12693.0,Germany
576650,23434,3 RAFFIA RIBBONS 50'S CHRISTMAS ,24,11/16/2011 10:34,2.08,14286.0,United Kingdom
574700,22667,RECIPE BOX RETROSPOT ,1,11/6/2011 13:53,2.95,16033.0,United Kingdom
572464,22112,CHOCOLATE HOT WATER BOTTLE,1,10/24/2011 13:08,4.95,17081.0,United Kingdom
562528,22776,SWEETHEART CAKESTAND 3 TIER,1,8/5/2011 13:52,9.95,12610.0,Italy
566005,23323,WHITE WICKER STAR ,4,9/8/2011 11:56,2.1,16426.0,United Kingdom
576556,23048,SET OF 10 LANTERNS FAIRY LIGHT STAR,4,11/15/2011 13:07,4.15,14640.0,United Kingdom
577228,22668,PINK BABY BUNTING,1,11/18/2011 12:07,2.95,12391.0,Cyprus
547940,22926,IVORY GIANT GARDEN THERMOMETER,2,3/28/2011 14:43,5.95,16814.0,United Kingdom
567928,21976,PACK OF 60 MUSHROOM CAKE CASES,24,9/22/2011 17:31,0.55,12380.0,Belgium
558104,22469,HEART OF WICKER SMALL,3,6/26/2011 14:28,1.65,13668.0,United Kingdom
560229,22961,JAM MAKING SET PRINTED,12,7/17/2011 10:39,1.45,14013.0,United Kingdom
564379,21907,I'M ON HOLIDAY METAL SIGN,12,8/25/2011 10:32,2.1,16779.0,United Kingdom
C559136,21788,KIDS RAIN MAC BLUE,-1,7/6/2011 13:21,0.65,17511.0,United Kingdom
577485,23240,SET OF 4 KNICK KNACK TINS DOILY ,3,11/20/2011 11:56,4.15,16360.0,United Kingdom
553505,21232,STRAWBERRY CERAMIC TRINKET BOX,12,5/17/2011 13:27,1.25,12949.0,United Kingdom
558038,22470,HEART OF WICKER LARGE,6,6/24/2011 12:43,2.95,18219.0,United Kingdom
570444,22953,BIRTHDAY PARTY CORDON BARRIER TAPE,3,10/10/2011 14:38,1.25,17284.0,United Kingdom
580816,21379,CAMPHOR WOOD PORTOBELLO MUSHROOM,12,12/6/2011 11:28,0.39,15157.0,United Kingdom
575837,21615,4 LAVENDER BOTANICAL DINNER CANDLES,12,11/11/2011 11:37,1.25,12748.0,United Kingdom
575628,20751,FUNKY WASHING UP GLOVES ASSORTED,1,11/10/2011 13:31,2.1,12844.0,United Kingdom
537887,22697,GREEN REGENCY TEACUP AND SAUCER,24,12/9/2010 10:00,2.55,18092.0,United Kingdom
544161,20724,RED RETROSPOT CHARLOTTE BAG,10,2/16/2011 12:59,0.85,16875.0,United Kingdom
578852,23221,REINDEER HEART DECORATION SILVER,5,11/27/2011 11:12,0.83,17841.0,United Kingdom
580048,16238,PARTY TIME PENCIL ERASERS,5,12/1/2011 12:53,0.21,12748.0,United Kingdom
559863,21080,SET/20 RED RETROSPOT PAPER NAPKINS ,4,7/13/2011 10:33,0.85,15039.0,United Kingdom
571679,22661,CHARLOTTE BAG DOLLY GIRL DESIGN,2,10/18/2011 13:41,0.85,14159.0,United Kingdom
569866,22573,STAR WOODEN CHRISTMAS DECORATION,7,10/6/2011 14:50,0.85,12757.0,Portugal
571267,21987,PACK OF 6 SKULL PAPER CUPS,4,10/16/2011 11:58,0.65,17811.0,United Kingdom
549989,22832,BROCANTE SHELF WITH HOOKS,2,4/13/2011 16:58,10.75,13221.0,United Kingdom
551014,22493,PAINT YOUR OWN CANVAS SET,12,4/26/2011 11:04,1.65,13209.0,United Kingdom
576303,22167, OVAL WALL MIRROR DIAMANTE ,2,11/14/2011 14:51,9.95,15532.0,United Kingdom
574888,22348,TEA BAG PLATE RED RETROSPOT,24,11/7/2011 14:21,0.85,16353.0,United Kingdom
559330,22674,FRENCH TOILET SIGN BLUE METAL,12,7/7/2011 15:44,1.25,17696.0,United Kingdom
560234,23175,REGENCY MILK JUG PINK ,6,7/17/2011 11:21,3.25,16180.0,United Kingdom
572295,23048,SET OF 10 LANTERNS FAIRY LIGHT STAR,2,10/23/2011 13:49,4.15,16686.0,United Kingdom
548666,22178,VICTORIAN GLASS HANGING T-LIGHT,6,4/1/2011 14:58,1.25,13124.0,United Kingdom
571660,84970S,HANGING HEART ZINC T-LIGHT HOLDER,12,10/18/2011 12:49,0.85,16191.0,United Kingdom
547383,22557,PLASTERS IN TIN VINTAGE PAISLEY ,12,3/22/2011 15:42,1.65,12613.0,Germany
548405,20727,LUNCH BAG  BLACK SKULL.,10,3/31/2011 9:48,1.65,17088.0,United Kingdom
579282,23452,HEART MINI PORTRAIT FRAME,6,11/29/2011 10:41,1.95,16818.0,United Kingdom
561511,85123A,WHITE HANGING HEART T-LIGHT HOLDER,6,7/27/2011 15:02,2.95,15624.0,United Kingdom
576650,23511,EMBROIDERED RIBBON REEL EMILY ,6,11/16/2011 10:34,2.08,14286.0,United Kingdom
571006,22138,BAKING SET 9 PIECE RETROSPOT ,3,10/13/2011 12:06,4.95,17063.0,United Kingdom
551344,21122,SET/10 PINK POLKADOT PARTY CANDLES,24,4/28/2011 9:02,1.25,16187.0,United Kingdom
538637,22917,HERB MARKER ROSEMARY,4,12/13/2010 13:52,0.65,17611.0,United Kingdom
537389,22865,HAND WARMER OWL DESIGN,6,12/6/2010 13:41,2.1,17757.0,United Kingdom
538449,22725,ALARM CLOCK BAKELIKE CHOCOLATE,1,12/12/2010 12:24,3.75,17085.0,United Kingdom
564562,23202,JUMBO BAG VINTAGE LEAF,10,8/26/2011 9:58,2.08,15203.0,United Kingdom
565406,22948,METAL DECORATION NAUGHTY CHILDREN ,24,9/4/2011 10:59,0.85,13804.0,United Kingdom
570388,23032,DRAWER KNOB CRACKLE GLAZE IVORY,6,10/10/2011 12:37,1.65,14911.0,EIRE
546545,22907,PACK OF 20 NAPKINS PANTRY DESIGN,2,3/14/2011 15:48,0.85,16804.0,United Kingdom
578479,23293,SET OF 12 FAIRY CAKE BAKING CASES,1,11/24/2011 12:48,0.83,15858.0,United Kingdom
558073,22720,SET OF 3 CAKE TINS PANTRY DESIGN ,3,6/24/2011 16:21,4.95,13004.0,United Kingdom
563927,23236,STORAGE TIN VINTAGE DOILY ,6,8/21/2011 15:01,2.89,14013.0,United Kingdom
538659,21210,SET OF 72 RETROSPOT PAPER  DOILIES,12,12/13/2010 15:36,1.45,14625.0,United Kingdom
555108,22412,METAL SIGN NEIGHBOURHOOD WITCH ,2,5/31/2011 14:18,2.1,18231.0,United Kingdom
552817,20728,LUNCH BAG CARS BLUE,10,5/11/2011 12:47,1.65,13136.0,United Kingdom
538418,20981,12 PENCILS TALL TUBE WOODLAND,3,12/12/2010 12:00,0.85,17372.0,United Kingdom
567853,22991,GIRAFFE WOODEN RULER,12,9/22/2011 13:31,1.95,15484.0,United Kingdom
571408,79321,CHILLI LIGHTS,1,10/17/2011 12:22,5.75,15012.0,United Kingdom
578472,22173,METAL 4 HOOK HANGER FRENCH CHATEAU,8,11/24/2011 12:40,3.29,12476.0,Germany
550334,21523,DOORMAT FANCY FONT HOME SWEET HOME,2,4/17/2011 14:09,7.95,17320.0,United Kingdom
572457,20711,JUMBO BAG TOYS ,20,10/24/2011 12:44,2.08,12594.0,Italy
546237,21415,CLAM SHELL SMALL ,6,3/10/2011 12:50,2.1,16625.0,United Kingdom
569319,22491,PACK OF 12 COLOURED PENCILS,12,10/3/2011 12:17,0.85,14290.0,United Kingdom
563540,21289,LARGE STRIPES CHOCOLATE GIFT BAG,16,8/17/2011 12:04,1.25,12473.0,Germany
545534,22197,SMALL POPCORN HOLDER,12,3/3/2011 14:05,0.85,17652.0,United Kingdom
581405,22343,PARTY PIZZA DISH RED RETROSPOT,1,12/8/2011 13:50,0.19,13521.0,United Kingdom
548711,21976,PACK OF 60 MUSHROOM CAKE CASES,1,4/3/2011 14:24,0.55,18116.0,United Kingdom
566869,22687,DOORMAT CHRISTMAS VILLAGE,4,9/15/2011 13:20,8.25,13658.0,United Kingdom
570458,23510,MINI PLAYING CARDS GYMKHANA,3,10/10/2011 15:39,0.42,14535.0,United Kingdom
539414,21794,CLASSIC FRENCH STYLE BASKET NATURAL,1,12/17/2010 13:45,6.75,16931.0,United Kingdom
566426,23415,HOME SWEET HOME HOOK,12,9/12/2011 14:23,1.65,17865.0,United Kingdom
576212,21484,CHICK GREY HOT WATER BOTTLE,1,11/14/2011 12:45,4.25,18082.0,United Kingdom
552861,21931,JUMBO STORAGE BAG SUKI,1,5/11/2011 16:28,2.08,12748.0,United Kingdom
573511,22371,AIRLINE BAG VINTAGE TOKYO 78,12,10/31/2011 12:25,3.95,12347.0,Iceland
558355,21175,GIN + TONIC DIET METAL SIGN,5,6/28/2011 14:58,2.55,13614.0,United Kingdom
563720,22771,CLEAR DRAWER KNOB ACRYLIC EDWARDIAN,2,8/18/2011 16:24,1.25,15867.0,United Kingdom
552658,22822,CREAM WALL PLANTER HEART SHAPED,2,5/10/2011 14:57,5.95,14534.0,United Kingdom
536860,22155,STAR DECORATION RUSTIC,10,12/3/2010 10:43,0.42,16905.0,United Kingdom
570192,22751,FELTCRAFT PRINCESS OLIVIA DOLL,4,10/7/2011 15:26,3.75,17509.0,United Kingdom
568364,23348,CHILDRENS TOY COOKING UTENSIL SET,6,9/26/2011 15:43,2.08,16999.0,United Kingdom
536787,37370,RETRO COFFEE MUGS ASSORTED,6,12/2/2010 15:24,1.06,17850.0,United Kingdom
545400,20971,PINK BLUE FELT CRAFT TRINKET BOX,12,3/2/2011 12:03,1.25,17048.0,United Kingdom
552231,21468,BUTTERFLY CROCHET FOOD COVER,1,5/6/2011 15:47,3.75,17364.0,United Kingdom
570126,85032B,BLOSSOM IMAGES GIFT WRAP SET,1,10/7/2011 13:16,0.65,16910.0,United Kingdom
567476,23203,JUMBO BAG VINTAGE DOILY ,10,9/20/2011 13:19,2.08,14859.0,United Kingdom
578519,23183,MOTHER'S KITCHEN SPOON REST ,1,11/24/2011 13:56,3.75,14591.0,United Kingdom
554019,82600,NO SINGING METAL SIGN,24,5/20/2011 13:16,2.1,17591.0,United Kingdom
564256,23238,SET OF 4 KNICK KNACK TINS LONDON ,1,8/24/2011 10:45,4.15,14796.0,United Kingdom
551283,84597C,RETRO PINK BALL ASHTRAY ,4,4/27/2011 14:01,1.25,16755.0,United Kingdom
C568689,23031,DRAWER KNOB CRACKLE GLAZE PINK,-5,9/28/2011 14:42,1.65,17841.0,United Kingdom
C538372,84946,ANTIQUE SILVER TEA GLASS ETCHED,-2,12/12/2010 11:12,1.25,16923.0,United Kingdom
579283,21155,RED RETROSPOT PEG BAG,6,11/29/2011 10:45,2.55,13883.0,United Kingdom
575137,23583,LUNCH BAG PAISLEY PARK  ,10,11/8/2011 15:13,1.65,13090.0,United Kingdom
576274,22423,REGENCY CAKESTAND 3 TIER,1,11/14/2011 14:24,12.75,17793.0,United Kingdom
564246,85099C,JUMBO  BAG BAROQUE BLACK WHITE,20,8/24/2011 10:36,2.08,13534.0,United Kingdom
580727,22303,COFFEE MUG APPLES DESIGN,1,12/5/2011 17:17,4.96,14096.0,United Kingdom
549967,82551,LAUNDRY 15C METAL SIGN,24,4/13/2011 14:21,1.45,17873.0,United Kingdom
536404,22805,BLUE DRAWER KNOB ACRYLIC EDWARDIAN,12,12/1/2010 11:29,1.25,16218.0,United Kingdom
552703,82482,WOODEN PICTURE FRAME WHITE FINISH,2,5/10/2011 16:00,2.55,14462.0,United Kingdom
565664,23294,SET OF 6 SNACK LOAF BAKING CASES,8,9/5/2011 17:36,0.83,13211.0,United Kingdom
564904,23263,SET OF 3 WOODEN HEART DECORATIONS,12,8/31/2011 12:11,1.25,15984.0,United Kingdom
550626,85199L,LARGE HANGING IVORY & RED WOOD BIRD,5,4/19/2011 14:23,0.65,13184.0,United Kingdom
568194,21930,JUMBO STORAGE BAG SKULLS,10,9/25/2011 14:38,2.08,16008.0,United Kingdom
542796,22563,HAPPY STENCIL CRAFT,6,2/1/2011 11:07,1.25,17356.0,United Kingdom
542148,21617,4 LILY  BOTANICAL DINNER CANDLES,24,1/26/2011 10:10,1.25,14060.0,United Kingdom
537374,22415,WHITE TISSUE REAM,1,12/6/2010 12:55,7.95,17259.0,United Kingdom
543306,22745,POPPY'S PLAYHOUSE BEDROOM ,1,2/7/2011 11:56,2.1,16686.0,United Kingdom
578936,22224,WHITE LOVEBIRD LANTERN,2,11/27/2011 13:00,2.95,16923.0,United Kingdom
545999,20726,LUNCH BAG WOODLAND,10,3/8/2011 14:44,1.65,13089.0,United Kingdom
558035,84509A,SET OF 4 ENGLISH ROSE PLACEMATS,4,6/24/2011 12:30,3.75,15258.0,United Kingdom
556905,21165,BEWARE OF THE CAT METAL SIGN ,1,6/15/2011 13:05,1.69,16904.0,United Kingdom
576784,22466,FAIRY TALE COTTAGE NIGHT LIGHT,1,11/16/2011 13:40,1.95,16204.0,United Kingdom
543981,22631,CIRCUS PARADE LUNCH BOX ,12,2/15/2011 8:18,1.95,15358.0,United Kingdom
575069,23534,WALL ART STOP FOR TEA ,3,11/8/2011 12:51,5.95,17637.0,United Kingdom
555124,22646,CERAMIC STRAWBERRY CAKE MONEY BANK,1,5/31/2011 15:26,1.45,18204.0,United Kingdom
571726,23342,MINT DINER WALL CLOCK,4,10/19/2011 9:00,8.5,16191.0,United Kingdom
572301,22383,LUNCH BAG SUKI DESIGN ,4,10/23/2011 14:41,1.65,16794.0,United Kingdom
560271,82578,KITCHEN METAL SIGN,1,7/17/2011 14:51,0.55,16474.0,United Kingdom
557595,21034,REX CASH+CARRY JUMBO SHOPPER,2,6/21/2011 11:19,0.95,15507.0,United Kingdom
575145,22771,CLEAR DRAWER KNOB ACRYLIC EDWARDIAN,12,11/8/2011 15:40,1.25,14116.0,United Kingdom
557070,21155,RED RETROSPOT PEG BAG,6,6/16/2011 15:28,2.55,14755.0,United Kingdom
577209,85123A,WHITE HANGING HEART T-LIGHT HOLDER,64,11/18/2011 11:49,2.55,15621.0,United Kingdom
556415,47566,PARTY BUNTING,50,6/10/2011 12:19,4.15,12409.0,Switzerland
555560,22383,LUNCH BAG SUKI DESIGN ,1,6/5/2011 14:20,1.65,17346.0,United Kingdom
550964,84596B,SMALL DOLLY MIX DESIGN ORANGE BOWL,16,4/21/2011 16:48,0.42,15856.0,United Kingdom
572681,23354,6 GIFT TAGS 50'S CHRISTMAS ,12,10/25/2011 13:51,0.83,13510.0,United Kingdom
538113,84030E,ENGLISH ROSE HOT WATER BOTTLE,4,12/9/2010 15:29,4.25,15811.0,United Kingdom
568795,23042,PAPER LANTERN 7 POINT SNOW STAR,3,9/29/2011 10:19,6.65,17870.0,United Kingdom
543610,84832,ZINC WILLIE WINKIE  CANDLE STICK,12,2/10/2011 14:30,0.85,16425.0,United Kingdom
542797,21829,DINOSAUR KEYRINGS ASSORTED,36,2/1/2011 11:08,0.21,17884.0,United Kingdom
555938,22485,SET OF 2 WOODEN MARKET CRATES,2,6/8/2011 9:58,12.75,14257.0,United Kingdom
553202,84077,WORLD WAR 2 GLIDERS ASSTD DESIGNS,96,5/15/2011 16:02,0.29,15854.0,United Kingdom
568519,22955,36 FOIL STAR CAKE CASES ,6,9/27/2011 12:57,2.1,16607.0,United Kingdom
554921,22423,REGENCY CAKESTAND 3 TIER,32,5/27/2011 12:44,10.95,13854.0,United Kingdom
547094,22557,PLASTERS IN TIN VINTAGE PAISLEY ,12,3/21/2011 8:39,1.65,13934.0,United Kingdom
549317,22427,ENAMEL FLOWER JUG CREAM,3,4/8/2011 9:58,5.95,15109.0,United Kingdom
538312,21890,S/6 WOODEN SKITTLES IN COTTON BAG,3,12/10/2010 13:48,2.95,16727.0,United Kingdom
578233,23681,LUNCH BAG RED VINTAGE DOILY,10,11/23/2011 12:20,1.65,14049.0,United Kingdom
542930,21035,SET/2 RED RETROSPOT TEA TOWELS ,12,2/2/2011 10:41,2.95,14233.0,United Kingdom
546089,22999,TRAVEL CARD WALLET RETRO PETALS,24,3/9/2011 11:44,0.42,17864.0,United Kingdom
538523,22539,MINI JIGSAW DOLLY GIRL,24,12/13/2010 9:29,0.42,13198.0,United Kingdom
551258,20719,WOODLAND CHARLOTTE BAG,20,4/27/2011 12:02,0.85,12621.0,Germany
571283,22456,NATURAL SLATE CHALKBOARD LARGE ,1,10/16/2011 13:51,4.95,16533.0,United Kingdom
581214,22144,CHRISTMAS CRAFT LITTLE FRIENDS,12,12/8/2011 8:32,2.1,14251.0,United Kingdom
571442,22356,CHARLOTTE BAG PINK POLKADOT,9,10/17/2011 13:39,0.85,17049.0,United Kingdom
575690,22144,CHRISTMAS CRAFT LITTLE FRIENDS,6,11/10/2011 16:20,2.1,14189.0,United Kingdom
563372,22573,STAR WOODEN CHRISTMAS DECORATION,12,8/16/2011 9:50,0.85,15653.0,United Kingdom
559036,22669,RED BABY BUNTING ,10,7/5/2011 15:14,2.95,12637.0,France
539143,22723,SET OF 6 HERB TINS SKETCHBOOK,4,12/16/2010 11:35,3.95,14849.0,United Kingdom
545377,21563,RED HEART SHAPE LOVE BUCKET ,2,3/2/2011 11:32,2.95,14606.0,United Kingdom
568578,21533,RETROSPOT LARGE MILK JUG,3,9/28/2011 9:43,4.95,15301.0,United Kingdom
553005,21390,FILIGRIS HEART WITH BUTTERFLY,12,5/12/2011 16:29,1.25,14651.0,United Kingdom
564503,21786,POLKADOT RAIN HAT ,24,8/25/2011 14:23,0.42,13971.0,United Kingdom
568163,22201,FRYING PAN BLUE POLKADOT,1,9/25/2011 12:34,4.25,14540.0,United Kingdom
546837,22379,RECYCLING BAG RETROSPOT ,10,3/17/2011 12:37,2.1,13650.0,United Kingdom
576834,22197,POPCORN HOLDER,24,11/16/2011 15:10,0.85,13458.0,United Kingdom
566264,22357,KINGS CHOICE BISCUIT TIN,1,9/11/2011 13:07,4.25,14606.0,United Kingdom
542224,47566,PARTY BUNTING,3,1/26/2011 12:45,4.65,17888.0,United Kingdom
545721,21033,JUMBO BAG CHARLIE AND LOLA TOYS,10,3/7/2011 10:52,2.95,15039.0,United Kingdom
546624,22149,FELTCRAFT 6 FLOWER FRIENDS,12,3/15/2011 11:38,2.1,14193.0,United Kingdom
573340,22650,CERAMIC PIRATE CHEST MONEY BANK,4,10/30/2011 11:55,1.45,14159.0,United Kingdom
575073,16235,RECYCLED PENCIL WITH RABBIT ERASER,20,11/8/2011 13:10,0.21,13975.0,United Kingdom
541854,22355,CHARLOTTE BAG SUKI DESIGN,1,1/23/2011 14:58,0.85,18283.0,United Kingdom
545697,22986,GINGHAM ROSE WRAP,25,3/6/2011 14:38,0.42,14504.0,United Kingdom
547026,22169,FAMILY ALBUM WHITE PICTURE FRAME,2,3/18/2011 17:07,8.5,14633.0,United Kingdom
579158,23503,PLAYING CARDS KEEP CALM & CARRY ON,12,11/28/2011 13:53,1.25,17188.0,United Kingdom
559349,16161P,WRAP ENGLISH ROSE ,25,7/7/2011 17:33,0.42,15150.0,United Kingdom
537764,22743,MAKE YOUR OWN FLOWERPOWER CARD KIT,1,12/8/2010 12:06,2.95,16893.0,United Kingdom
580659,23439,HAND WARMER RED LOVE HEART,2,12/5/2011 13:46,2.1,17811.0,United Kingdom
573576,21706,FOLDING UMBRELLA RED/WHITE POLKADOT,1,10/31/2011 14:09,9.96,14096.0,United Kingdom
563071,22469,HEART OF WICKER SMALL,12,8/11/2011 15:43,1.65,17633.0,United Kingdom
537038,21755,LOVE BUILDING BLOCK WORD,3,12/5/2010 10:12,5.95,15465.0,United Kingdom
573074,22585,PACK OF 6 BIRDY GIFT TAGS,12,10/27/2011 14:03,1.25,16265.0,United Kingdom
555003,23192,BUNDLE OF 3 ALPHABET EXERCISE BOOKS,12,5/31/2011 9:36,1.65,12787.0,Netherlands
553035,85017C,ENVELOPE 50 CURIOUS IMAGES,6,5/12/2011 20:13,0.42,17337.0,United Kingdom
574306,22186,RED STAR CARD HOLDER,24,11/3/2011 16:37,1.95,17481.0,United Kingdom
557662,22778,GLASS CLOCHE SMALL,1,6/21/2011 17:51,3.95,13630.0,United Kingdom
556263,23200,JUMBO BAG PEARS,10,6/9/2011 18:41,2.08,13969.0,United Kingdom
549831,21500,PINK POLKADOT WRAP ,25,4/12/2011 13:10,0.42,14844.0,United Kingdom
550522,22523,CHILDS GARDEN FORK PINK,12,4/19/2011 10:04,0.85,12947.0,United Kingdom
574348,23084,RABBIT NIGHT LIGHT,24,11/4/2011 10:28,1.79,13756.0,United Kingdom
551291,21641,ASSORTED TUTTI FRUTTI KEYRING BALL,24,4/27/2011 14:26,0.72,14298.0,United Kingdom
538807,22585,PACK OF 6 BIRDY GIFT TAGS,20,12/14/2010 12:06,1.25,17194.0,United Kingdom
538710,85123A,WHITE HANGING HEART T-LIGHT HOLDER,12,12/14/2010 10:48,2.95,18075.0,United Kingdom
557846,22713,CARD I LOVE LONDON ,12,6/23/2011 10:44,0.42,17365.0,United Kingdom
537201,85049F,BABY BOOM RIBBONS ,12,12/5/2010 14:19,1.25,12472.0,Germany
574066,21874,GIN AND TONIC MUG,12,11/2/2011 14:50,1.65,13183.0,United Kingdom
550811,22300,COFFEE MUG DOG + BALL DESIGN,12,4/20/2011 16:04,2.55,16011.0,United Kingdom
536576,22041,"RECORD FRAME 7"" SINGLE SIZE ",144,12/1/2010 16:11,2.1,13777.0,United Kingdom
541473,22435,SET OF 9 HEART SHAPED BALLOONS,36,1/18/2011 11:30,1.25,17491.0,United Kingdom
569892,22138,BAKING SET 9 PIECE RETROSPOT ,3,10/6/2011 15:48,4.95,15937.0,United Kingdom
569232,22165,"DIAMANTE HEART SHAPED WALL MIRROR, ",2,10/2/2011 15:26,12.75,16667.0,United Kingdom
550016,21746,SMALL RED RETROSPOT WINDMILL,12,4/14/2011 10:54,1.25,15416.0,United Kingdom
558766,21755,LOVE BUILDING BLOCK WORD,3,7/3/2011 13:24,5.95,14257.0,United Kingdom
546466,85123A,WHITE HANGING HEART T-LIGHT HOLDER,7,3/14/2011 11:04,2.95,18118.0,United Kingdom
545909,84836,ZINC METAL HEART DECORATION,12,3/8/2011 9:45,1.25,15819.0,United Kingdom
576339,22753,SMALL YELLOW BABUSHKA NOTEBOOK ,2,11/14/2011 15:27,1.63,14096.0,United Kingdom
567658,72807C,SET/3 VANILLA SCENTED CANDLE IN BOX,4,9/21/2011 14:50,4.25,14428.0,United Kingdom
560125,22645,CERAMIC HEART FAIRY CAKE MONEY BANK,1,7/15/2011 10:44,1.45,18118.0,United Kingdom
580101,22970,LONDON BUS COFFEE MUG,6,12/1/2011 15:12,2.55,15144.0,United Kingdom
579171,22988,SOLDIERS EGG CUP ,12,11/28/2011 14:30,1.25,13030.0,United Kingdom
567339,22899,CHILDREN'S APRON DOLLY GIRL ,6,9/19/2011 15:01,2.1,14146.0,United Kingdom
576862,23582,VINTAGE DOILY JUMBO BAG RED ,10,11/16/2011 16:06,2.08,14825.0,United Kingdom
575760,23681,LUNCH BAG RED VINTAGE DOILY,2,11/11/2011 10:50,1.65,15965.0,United Kingdom
552149,22709,WRAP WEDDING DAY,25,5/6/2011 12:00,0.42,13365.0,United Kingdom
559934,22098,BOUDOIR SQUARE TISSUE BOX,36,7/14/2011 9:58,0.39,13012.0,United Kingdom
553547,21731,RED TOADSTOOL LED NIGHT LIGHT,12,5/17/2011 15:48,1.65,12474.0,Germany
573144,23169,CLASSIC GLASS COOKIE JAR,1,10/27/2011 17:57,4.15,18035.0,United Kingdom
572061,21988,PACK OF 6 SKULL PAPER PLATES,12,10/20/2011 12:53,0.85,12474.0,Germany
573038,21908,CHOCOLATE THIS WAY METAL SIGN,1,10/27/2011 13:48,2.1,17545.0,United Kingdom
575620,84843,WHITE SOAP RACK WITH 2 BOTTLES,4,11/10/2011 13:01,5.95,17573.0,United Kingdom
556191,21673,WHITE SPOT BLUE CERAMIC DRAWER KNOB,24,6/9/2011 12:02,1.25,14501.0,United Kingdom
546850,22385,JUMBO BAG SPACEBOY DESIGN,4,3/17/2011 13:20,1.95,13268.0,United Kingdom
569714,22662,LUNCH BAG DOLLY GIRL DESIGN,1,10/5/2011 17:28,1.65,18033.0,United Kingdom
577309,22910,PAPER CHAIN KIT VINTAGE CHRISTMAS,6,11/18/2011 13:14,2.95,15933.0,United Kingdom
557570,22613,PACK OF 20 SPACEBOY NAPKINS,2,6/21/2011 10:48,0.85,15998.0,United Kingdom
560925,48184,DOORMAT ENGLISH ROSE ,20,7/22/2011 9:02,6.75,15061.0,United Kingdom
544791,20931,BLUE POT PLANT CANDLE ,4,2/23/2011 12:33,3.75,14289.0,United Kingdom
569890,21181,PLEASE ONE PERSON METAL SIGN,48,10/6/2011 15:46,1.85,14738.0,United Kingdom
571429,22411,JUMBO SHOPPER VINTAGE RED PAISLEY,1,10/17/2011 12:50,2.08,15335.0,United Kingdom
575984,23344,JUMBO BAG 50'S CHRISTMAS ,8,11/13/2011 13:50,2.08,17068.0,United Kingdom
572751,22705,WRAP GREEN PEARS ,25,10/25/2011 17:21,0.42,17449.0,United Kingdom
560120,22960,JAM MAKING SET WITH JARS,6,7/15/2011 10:27,4.25,14907.0,United Kingdom
548993,84843,WHITE SOAP RACK WITH 2 BOTTLES,18,4/5/2011 13:56,4.65,12753.0,Japan
538067,22952,60 CAKE CASES VINTAGE CHRISTMAS,2,12/9/2010 13:59,0.55,15288.0,United Kingdom
551529,21094,SET/6 RED SPOTTY PAPER PLATES,12,5/1/2011 13:18,0.85,12524.0,Germany
575637,22866,HAND WARMER SCOTTY DOG DESIGN,2,11/10/2011 13:46,2.1,16904.0,United Kingdom
562569,23293,SET OF 12 FAIRY CAKE BAKING CASES,3,8/7/2011 12:05,0.83,17323.0,United Kingdom
556876,21172,PARTY METAL SIGN ,1,6/15/2011 11:56,1.45,16241.0,United Kingdom
575753,22654,DELUXE SEWING KIT ,1,11/11/2011 10:41,5.95,17841.0,United Kingdom
574317,22398,MAGNETS PACK OF 4 SWALLOWS,12,11/3/2011 18:49,0.39,17078.0,United Kingdom
553002,21172,PARTY METAL SIGN ,1,5/12/2011 15:26,1.45,13263.0,United Kingdom
551849,22570,FELTCRAFT CUSHION RABBIT,4,5/4/2011 14:33,3.75,16258.0,United Kingdom
C545723,22960,JAM MAKING SET WITH JARS,-1,3/7/2011 11:16,4.25,17048.0,United Kingdom
559836,82482,WOODEN PICTURE FRAME WHITE FINISH,6,7/13/2011 10:09,2.55,13911.0,United Kingdom
556578,22326,ROUND SNACK BOXES SET OF4 WOODLAND ,6,6/13/2011 14:13,2.95,12472.0,Germany
538003,22729,ALARM CLOCK BAKELIKE ORANGE,12,12/9/2010 12:05,3.75,12429.0,Denmark
574749,22579,WOODEN TREE CHRISTMAS SCANDINAVIAN,24,11/7/2011 8:54,0.29,15150.0,United Kingdom
568712,22653,BUTTON BOX ,6,9/28/2011 15:50,1.95,17841.0,United Kingdom
565125,47566,PARTY BUNTING,4,9/1/2011 12:16,4.95,14217.0,United Kingdom
540568,22649,STRAWBERRY FAIRY CAKE TEAPOT,1,1/10/2011 11:22,4.95,15039.0,United Kingdom
575692,21926,RED/CREAM STRIPE CUSHION COVER ,2,11/10/2011 16:27,1.25,12508.0,France
575507,22138,BAKING SET 9 PIECE RETROSPOT ,9,11/10/2011 10:32,4.95,17197.0,United Kingdom
579881,21175,GIN + TONIC DIET METAL SIGN,48,11/30/2011 17:22,2.08,12429.0,Denmark
556125,20725,LUNCH BAG RED RETROSPOT,10,6/9/2011 10:20,1.65,12947.0,United Kingdom
581142,23156,SET OF 5 MINI GROCERY MAGNETS,1,12/7/2011 13:38,2.08,14204.0,United Kingdom
540179,22853,CAT BOWL VINTAGE CREAM,1,1/5/2011 12:54,3.25,16033.0,United Kingdom
575932,22078,RIBBON REEL LACE DESIGN ,3,11/13/2011 10:35,2.1,16923.0,United Kingdom
559893,47504K,ENGLISH ROSE GARDEN SECATEURS,12,7/13/2011 12:06,0.79,14498.0,United Kingdom
549577,23193,BUFFALO BILL TREASURE BOOK BOX,8,4/11/2011 8:16,2.25,14286.0,United Kingdom
540550,84509B,SET OF 4 FAIRY CAKE PLACEMATS,4,1/10/2011 9:11,3.75,12539.0,Spain
579555,84836,ZINC METAL HEART DECORATION,3,11/30/2011 11:08,1.25,16241.0,United Kingdom
578688,22179,SET 10 NIGHT OWL LIGHTS,3,11/25/2011 9:27,6.75,16719.0,United Kingdom
537158,22866,HAND WARMER SCOTTY DOG DESIGN,14,12/5/2010 13:10,2.1,16393.0,United Kingdom
540648,22328,ROUND SNACK BOXES SET OF 4 FRUITS ,75,1/10/2011 14:58,2.55,15061.0,United Kingdom
548739,82483,WOOD 2 DRAWER CABINET WHITE FINISH,1,4/4/2011 11:28,6.95,15493.0,United Kingdom
554869,22222,CAKE PLATE LOVEBIRD WHITE,12,5/27/2011 10:55,4.25,16525.0,United Kingdom
558700,23158,SET OF 5 LUCKY CAT MAGNETS ,4,7/1/2011 12:33,2.08,17920.0,United Kingdom
555114,84987,SET OF 36 TEATIME PAPER DOILIES,1,5/31/2011 14:55,1.45,13571.0,United Kingdom
557293,23284,DOORMAT KEEP CALM AND COME IN,4,6/19/2011 13:26,7.95,16326.0,United Kingdom
542093,22906,12 MESSAGE CARDS WITH ENVELOPES,12,1/25/2011 12:46,1.65,17677.0,United Kingdom
562046,22273,FELTCRAFT DOLL MOLLY,6,8/2/2011 10:34,2.95,12378.0,Switzerland
536987,20773,BLUE PAISLEY NOTEBOOK,3,12/3/2010 14:54,1.65,17198.0,United Kingdom
576447,22138,BAKING SET 9 PIECE RETROSPOT ,6,11/15/2011 11:30,4.95,13949.0,United Kingdom
574701,21618,4 WILDFLOWER BOTANICAL CANDLES,2,11/6/2011 13:54,1.25,15426.0,United Kingdom
573195,21934,SKULL SHOULDER BAG,10,10/28/2011 11:40,1.65,12432.0,Norway
549553,22360,GLASS JAR ENGLISH CONFECTIONERY,3,4/10/2011 12:22,2.95,16931.0,United Kingdom
566294,22839,3 TIER CAKE TIN GREEN AND CREAM,2,9/11/2011 15:41,14.95,15533.0,United Kingdom
550197,21792,CLASSIC FRENCH STYLE BASKET GREEN ,2,4/15/2011 10:14,3.95,15581.0,United Kingdom
571255,82482,WOODEN PICTURE FRAME WHITE FINISH,72,10/14/2011 17:13,2.55,12454.0,Spain
C549786,22345,PARTY PIZZA DISH BLUE POLKADOT,-18,4/12/2011 11:58,0.85,14071.0,United Kingdom
547063,22829,SWEETHEART WIRE WALL TIDY,1,3/20/2011 13:33,9.95,14769.0,United Kingdom
542224,21034,REX CASH+CARRY JUMBO SHOPPER,1,1/26/2011 12:45,0.95,17888.0,United Kingdom
543821,22424,ENAMEL BREAD BIN CREAM,1,2/14/2011 9:24,12.75,17667.0,United Kingdom
574587,21756,BATH BUILDING BLOCK WORD,6,11/6/2011 10:29,6.25,14936.0,Channel Islands
555494,22384,LUNCH BAG PINK POLKADOT,10,6/3/2011 14:33,1.65,15737.0,United Kingdom
570685,72799E,IVORY PILLAR CANDLE SILVER FLOCK,4,10/11/2011 16:25,2.95,13208.0,United Kingdom
545658,22264,FELT FARM ANIMAL WHITE BUNNY ,1,3/4/2011 14:13,0.85,14670.0,United Kingdom
574864,84510A,SET OF 4 ENGLISH ROSE COASTERS,4,11/7/2011 12:29,1.25,14387.0,United Kingdom
C578355,22178,VICTORIAN GLASS HANGING T-LIGHT,-3,11/24/2011 10:13,1.95,14397.0,United Kingdom
564627,23223,CHRISTMAS TREE HANGING SILVER ,12,8/26/2011 11:47,0.83,15132.0,United Kingdom
560444,23201,JUMBO BAG ALPHABET,2,7/18/2011 17:15,2.08,13764.0,United Kingdom
570693,20977,36 PENCILS TUBE WOODLAND,4,10/11/2011 16:50,1.25,16161.0,United Kingdom
553189,21462,"NURSERY A,B,C PAINTED LETTERS",1,5/15/2011 13:14,6.75,15033.0,United Kingdom
561650,23014,GLASS APOTHECARY BOTTLE ELIXIR,4,7/28/2011 15:31,3.95,15329.0,United Kingdom
546951,21159,MOODY BOY  DOOR HANGER ,3,3/18/2011 11:30,1.45,17673.0,United Kingdom
572517,22582,PACK OF 6 SWEETIE GIFT BOXES,1,10/24/2011 14:47,2.55,15068.0,United Kingdom
C546323,22722,SET OF 6 SPICE TINS PANTRY DESIGN,-5,3/11/2011 9:48,3.95,13975.0,United Kingdom
556501,23203,JUMBO BAG DOILEY PATTERNS,20,6/13/2011 8:40,2.08,16700.0,United Kingdom
536976,22633,HAND WARMER UNION JACK,5,12/3/2010 14:18,2.1,14723.0,United Kingdom
575491,21900,"KEY FOB , SHED",2,11/9/2011 17:47,0.65,15531.0,United Kingdom
566607,22690,DOORMAT HOME SWEET HOME BLUE ,2,9/13/2011 16:40,8.25,13032.0,United Kingdom
563500,82581,TOILET METAL SIGN,20,8/16/2011 17:25,0.55,15856.0,United Kingdom
551856,21232,STRAWBERRY CERAMIC TRINKET BOX,12,5/4/2011 15:25,1.25,15027.0,United Kingdom
554940,23084,RABBIT NIGHT LIGHT,6,5/27/2011 13:49,2.08,12494.0,France
565728,22437,SET OF 9 BLACK SKULL BALLOONS,20,9/6/2011 12:00,0.85,17716.0,United Kingdom
555091,23302,KNEELING MAT HOUSEWORK  DESIGN,1,5/31/2011 12:50,1.65,12748.0,United Kingdom
572306,20668,DISCO BALL CHRISTMAS DECORATION,24,10/23/2011 15:11,0.12,17841.0,United Kingdom
575734,15056BL,EDWARDIAN PARASOL BLACK,3,11/11/2011 8:39,5.95,12384.0,Switzerland
563613,21975,PACK OF 60 DINOSAUR CAKE CASES,24,8/18/2011 8:49,0.55,12688.0,Israel
577316,22847,BREAD BIN DINER STYLE IVORY,4,11/18/2011 13:30,14.95,12578.0,Italy
557632,23199,JUMBO BAG APPLES,10,6/21/2011 15:07,2.08,17420.0,United Kingdom
540350,22367,CHILDRENS APRON SPACEBOY DESIGN,1,1/6/2011 14:14,1.95,18283.0,United Kingdom
547867,22720,SET OF 3 CAKE TINS PANTRY DESIGN ,1,3/27/2011 13:56,4.95,13357.0,United Kingdom
570479,21989,PACK OF 20 SKULL PAPER NAPKINS,4,10/10/2011 16:58,0.85,17589.0,United Kingdom
577076,22383,LUNCH BAG SUKI DESIGN ,2,11/17/2011 15:08,1.65,14362.0,United Kingdom
574994,35970,ZINC FOLKART SLEIGH BELLS,1,11/8/2011 11:03,1.69,17870.0,United Kingdom
555492,21791,VINTAGE HEADS AND TAILS CARD GAME ,12,6/3/2011 14:24,1.25,16967.0,United Kingdom
552652,22949,36 DOILIES DOLLY GIRL,1,5/10/2011 14:09,1.45,14591.0,United Kingdom
C560855,22666,RECIPE BOX PANTRY YELLOW DESIGN,-1,7/21/2011 13:00,2.95,14410.0,United Kingdom
552839,20707,CRAZY DAISY HEART DECORATION,8,5/11/2011 14:25,1.25,14367.0,United Kingdom
563900,85099B,JUMBO BAG RED RETROSPOT,200,8/21/2011 11:05,1.79,14566.0,Channel Islands
576249,84029E,RED WOOLLY HOTTIE WHITE HEART.,1,11/14/2011 13:47,4.25,17811.0,United Kingdom
579954,21365,MIRRORED WALL ART STARS,24,12/1/2011 11:10,0.75,16701.0,United Kingdom
543392,22829,SWEETHEART WIRE WALL TIDY,8,2/8/2011 10:15,8.5,16839.0,United Kingdom
553011,22386,JUMBO BAG PINK POLKADOT,10,5/12/2011 17:03,2.08,14390.0,United Kingdom
551134,35648,VINTAGE BEAD PINK PURSE ,5,4/26/2011 13:02,0.83,16729.0,United Kingdom
580679,22919,HERB MARKER MINT,12,12/5/2011 14:49,0.65,18198.0,United Kingdom
580280,23570,TRADITIONAL PICK UP STICKS GAME ,12,12/2/2011 13:15,1.25,16133.0,United Kingdom
573373,23506,MINI PLAYING CARDS SPACEBOY ,2,10/30/2011 13:37,0.42,14684.0,United Kingdom
570049,22941,CHRISTMAS LIGHTS 10 REINDEER,2,10/7/2011 10:55,8.5,17228.0,United Kingdom
570672,22996,TRAVEL CARD WALLET VINTAGE TICKET,24,10/11/2011 14:52,0.42,12536.0,France
550490,22854,CREAM SWEETHEART EGG HOLDER,4,4/18/2011 14:32,4.95,17054.0,United Kingdom
540021,22385,JUMBO BAG SPACEBOY DESIGN,1,1/4/2011 12:51,1.95,17841.0,United Kingdom
561876,22413,METAL SIGN TAKE IT OR LEAVE IT ,1,7/31/2011 12:08,2.95,14472.0,United Kingdom
544460,22265,EASTER DECORATION NATURAL CHICK,3,2/20/2011 14:01,0.65,16931.0,United Kingdom
547359,22066,LOVE HEART TRINKET POT,6,3/22/2011 12:27,0.39,15719.0,United Kingdom
545701,22792,FLUTED ANTIQUE CANDLE HOLDER,12,3/6/2011 15:17,0.85,17107.0,United Kingdom
566756,21481,FAWN BLUE HOT WATER BOTTLE,6,9/14/2011 15:54,3.75,12457.0,Switzerland
578140,22554,PLASTERS IN TIN WOODLAND ANIMALS,192,11/23/2011 10:58,1.45,14646.0,Netherlands
575943,20698,LITTLE PINK MONSTER SOFT TOY,1,11/13/2011 11:44,2.55,17920.0,United Kingdom
549718,23049,RECYCLED ACAPULCO MAT RED,2,4/11/2011 15:03,8.25,13846.0,United Kingdom
557672,22965,3 TRADITIONAl BISCUIT CUTTERS  SET,6,6/22/2011 10:13,2.1,16114.0,United Kingdom
563095,22328,ROUND SNACK BOXES SET OF 4 FRUITS ,6,8/12/2011 9:04,2.95,13158.0,United Kingdom
580675,22086,PAPER CHAIN KIT 50'S CHRISTMAS ,12,12/5/2011 14:35,2.95,15640.0,United Kingdom
577816,23503,PLAYING CARDS KEEP CALM & CARRY ON,24,11/22/2011 9:17,1.25,18139.0,United Kingdom
572304,23461,SWEETHEART BIRD HOUSE,6,10/23/2011 15:07,4.15,17131.0,United Kingdom
557251,21063,PARTY INVITES JAZZ HEARTS,2,6/17/2011 16:07,0.85,14085.0,United Kingdom
578949,22671,FRENCH LAUNDRY SIGN BLUE METAL,1,11/27/2011 14:30,1.65,14954.0,United Kingdom
536859,22594,CHRISTMAS GINGHAM TREE,36,12/3/2010 10:43,0.85,12841.0,United Kingdom
557316,21499,BLUE POLKADOT WRAP,25,6/19/2011 16:04,0.42,17299.0,United Kingdom
546091,21937,STRAWBERRY   PICNIC BAG,5,3/9/2011 11:53,2.95,14936.0,Channel Islands
572053,85099F,JUMBO BAG STRAWBERRY,10,10/20/2011 12:28,2.08,14495.0,United Kingdom
547949,22697,GREEN REGENCY TEACUP AND SAUCER,24,3/28/2011 15:10,2.55,14021.0,United Kingdom
559987,23308,SET OF 60 VINTAGE LEAF CAKE CASES ,48,7/14/2011 12:12,0.55,12619.0,Germany
542602,21485,RETROSPOT HEART HOT WATER BOTTLE,2,1/30/2011 12:09,4.95,15579.0,United Kingdom
536743,21851,LILAC DIAMANTE PEN IN GIFT BOX,1,12/2/2010 13:32,4.95,17964.0,United Kingdom
569097,22662,LUNCH BAG DOLLY GIRL DESIGN,20,9/30/2011 12:06,1.65,12731.0,France
557233,84849D,HOT BATHS SOAP HOLDER,7,6/17/2011 14:44,1.69,15356.0,United Kingdom
540943,22179,SET 10 LIGHTS NIGHT OWL,1,1/12/2011 12:31,6.75,17841.0,United Kingdom
576181,22699,ROSES REGENCY TEACUP AND SAUCER ,2,11/14/2011 11:19,2.95,15572.0,United Kingdom
551014,20727,LUNCH BAG  BLACK SKULL.,10,4/26/2011 11:04,1.65,13209.0,United Kingdom
545322,22967,SET 3 SONG BIRD PAPER EGGS ASSORTED,6,3/1/2011 14:56,2.95,13599.0,United Kingdom
552819,21914,BLUE HARMONICA IN BOX ,24,5/11/2011 12:50,1.25,16652.0,United Kingdom
571288,23013,GLASS APOTHECARY BOTTLE TONIC,1,10/16/2011 15:13,3.95,16052.0,United Kingdom
563622,22320,BIRDS MOBILE VINTAGE DESIGN,3,8/18/2011 10:21,5.95,15189.0,United Kingdom
551963,21399,BLUE POLKADOT COFFEE MUG,48,5/5/2011 12:52,0.39,13266.0,United Kingdom
576909,23445,ICE CREAM BUBBLES,20,11/17/2011 9:49,0.83,12471.0,Germany
578247,22734,SET OF 6 RIBBONS VINTAGE CHRISTMAS,5,11/23/2011 12:39,2.89,14581.0,United Kingdom
548952,22996,TRAVEL CARD WALLET VINTAGE TICKET,7,4/5/2011 10:46,0.42,15572.0,United Kingdom
537603,84970L,SINGLE HEART ZINC T-LIGHT HOLDER,12,12/7/2010 12:49,0.95,14673.0,United Kingdom
560883,21158,MOODY GIRL DOOR HANGER ,48,7/21/2011 16:10,0.39,13694.0,United Kingdom
546580,21754,HOME BUILDING BLOCK WORD,9,3/15/2011 11:09,5.95,14911.0,EIRE
556042,23209,LUNCH BAG DOILEY PATTERN ,10,6/8/2011 12:44,1.65,14367.0,United Kingdom
560937,22544,MINI JIGSAW SPACEBOY,1,7/22/2011 10:52,0.42,17920.0,United Kingdom
553707,22488,NATURAL SLATE RECTANGLE CHALKBOARD,48,5/18/2011 15:26,1.45,16843.0,United Kingdom
576076,22810,SET OF 6 T-LIGHTS SNOWMEN,1,11/13/2011 16:18,2.95,14382.0,United Kingdom
571945,84378,SET OF 3 HEART COOKIE CUTTERS,60,10/20/2011 10:34,1.45,17354.0,United Kingdom
554937,22479,DAISY GARDEN MARKER,20,5/27/2011 13:32,1.25,15402.0,United Kingdom
544569,22247,BUNNY DECORATION MAGIC GARDEN,6,2/21/2011 12:58,0.85,16980.0,United Kingdom
543989,22630,DOLLY GIRL LUNCH BOX,256,2/15/2011 9:52,1.65,12415.0,Australia
547721,21154,RED RETROSPOT OVEN GLOVE ,10,3/25/2011 10:14,1.25,13000.0,United Kingdom
578233,22082,RIBBON REEL STRIPES DESIGN ,10,11/23/2011 12:20,1.65,14049.0,United Kingdom
560223,23206,LUNCH BAG APPLE DESIGN,2,7/15/2011 15:32,1.65,16904.0,United Kingdom
548554,22060,LARGE CAKE STAND HANGING HEARTS,24,4/1/2011 9:19,3.95,13694.0,United Kingdom
572295,21375,LARGE CAMPHOR WOOD FIELD MUSHROOM ,1,10/23/2011 13:49,5.45,16686.0,United Kingdom
548353,22668,PINK BABY BUNTING,50,3/30/2011 15:05,2.55,15980.0,United Kingdom
569528,20727,LUNCH BAG  BLACK SKULL.,12,10/4/2011 14:53,1.65,16242.0,United Kingdom
560894,22556,PLASTERS IN TIN CIRCUS PARADE ,12,7/21/2011 17:09,1.65,14911.0,EIRE
555573,21947,SET OF 6 HEART CHOPSTICKS,2,6/5/2011 15:46,1.25,15349.0,United Kingdom
561066,22652,TRAVEL SEWING KIT,6,7/24/2011 14:21,1.65,16710.0,United Kingdom
549118,22548,HEADS AND TAILS SPORTING FUN,12,4/6/2011 13:18,1.25,14911.0,EIRE
555344,22752,SET 7 BABUSHKA NESTING BOXES,1,6/2/2011 11:45,8.5,15311.0,United Kingdom
564336,20702,PINK PADDED MOBILE,1,8/24/2011 14:28,4.25,12748.0,United Kingdom
552829,85066,CREAM SWEETHEART MINI CHEST,1,5/11/2011 13:42,12.75,12748.0,United Kingdom
567912,23006,TRAVEL CARD WALLET FLOWER MEADOW,10,9/22/2011 17:07,0.42,15555.0,United Kingdom
542719,22068,BLACK PIRATE TREASURE CHEST,2,1/31/2011 14:18,1.65,17619.0,United Kingdom
543555,22470,HEART OF WICKER LARGE,12,2/10/2011 10:18,2.95,17686.0,United Kingdom
550512,21901,"KEY FOB , BACK DOOR ",1,4/18/2011 16:31,0.65,18069.0,United Kingdom
578309,23359,SET OF 12 T-LIGHTS VINTAGE DOILY,12,11/23/2011 16:20,1.95,15253.0,United Kingdom
546830,84970S,HANGING HEART ZINC T-LIGHT HOLDER,144,3/17/2011 12:10,0.64,16839.0,United Kingdom
563837,22383,LUNCH BAG SUKI DESIGN ,10,8/19/2011 13:03,1.65,15078.0,United Kingdom
561868,16162L,THE KING GIFT BAG,2,7/31/2011 11:26,0.65,16813.0,United Kingdom
557296,22355,CHARLOTTE BAG SUKI DESIGN,2,6/19/2011 13:51,0.85,15334.0,United Kingdom
558105,22727,ALARM CLOCK BAKELIKE RED ,1,6/26/2011 14:54,3.75,15644.0,United Kingdom
546087,17003,BROCADE RING PURSE ,72,3/9/2011 11:35,0.29,13026.0,United Kingdom
565056,22697,GREEN REGENCY TEACUP AND SAUCER,6,8/31/2011 17:12,2.95,16278.0,United Kingdom
548400,22491,PACK OF 12 COLOURED PENCILS,2,3/30/2011 17:33,0.85,17400.0,United Kingdom
573151,22834,HAND WARMER BABUSHKA DESIGN,3,10/27/2011 20:09,2.1,17602.0,United Kingdom
555524,22896,PEG BAG APPLES DESIGN,2,6/5/2011 11:37,2.55,16923.0,United Kingdom
548400,22301,COFFEE MUG CAT + BIRD DESIGN,6,3/30/2011 17:33,2.55,17400.0,United Kingdom
564355,21878,PACK OF 6 SANDCASTLE FLAGS ASSORTED,12,8/24/2011 15:12,0.85,13507.0,United Kingdom
577485,22952,60 CAKE CASES VINTAGE CHRISTMAS,1,11/20/2011 11:56,0.55,16360.0,United Kingdom
578953,84991,60 TEATIME FAIRY CAKE CASES,3,11/27/2011 14:50,0.55,13546.0,United Kingdom
562269,23243,SET OF TEA COFFEE SUGAR TINS PANTRY,1,8/3/2011 16:35,4.95,14056.0,United Kingdom
571562,22722,SET OF 6 SPICE TINS PANTRY DESIGN,4,10/18/2011 10:04,3.95,14156.0,EIRE
570719,23500,KEY RING BASEBALL BOOT ASSORTED ,20,10/12/2011 10:45,1.25,17913.0,United Kingdom
559878,21164,HOME SWEET HOME METAL SIGN ,1,7/13/2011 11:19,2.95,15493.0,United Kingdom
559691,23205,CHARLOTTE BAG VINTAGE ALPHABET ,10,7/11/2011 15:52,0.85,13089.0,United Kingdom
575751,21730,GLASS STAR FROSTED T-LIGHT HOLDER,18,11/11/2011 10:32,4.25,14911.0,EIRE
579286,23411, TRELLIS COAT RACK,1,11/29/2011 10:57,4.95,17772.0,United Kingdom
546928,85123A,WHITE HANGING HEART T-LIGHT HOLDER,6,3/18/2011 10:16,2.95,17685.0,United Kingdom
580070,22596,CHRISTMAS STAR WISH LIST CHALKBOARD,24,12/1/2011 13:47,1.25,12919.0,United Kingdom
575219,21155,RED RETROSPOT PEG BAG,50,11/9/2011 11:17,2.1,17511.0,United Kingdom
568180,23285,PINK VINTAGE SPOT BEAKER,3,9/25/2011 13:42,0.85,15429.0,United Kingdom
559465,22628,PICNIC BOXES SET OF 3 RETROSPOT ,5,7/8/2011 13:26,4.95,14680.0,United Kingdom
581425,22644,CERAMIC CHERRY CAKE MONEY BANK,8,12/8/2011 15:31,0.39,14796.0,United Kingdom
580632,22835,HOT WATER BOTTLE I AM SO POORLY,1,12/5/2011 12:16,4.95,16360.0,United Kingdom
547358,21224,SET/4 SKULL BADGES,10,3/22/2011 12:25,1.25,15998.0,United Kingdom
577853,85123A,WHITE HANGING HEART T-LIGHT HOLDER,5,11/22/2011 11:13,2.95,13681.0,United Kingdom
C556297,23110,PARISIENNE KEY CABINET ,-2,6/10/2011 9:55,5.75,15609.0,United Kingdom
562129,21484,CHICK GREY HOT WATER BOTTLE,4,8/3/2011 9:09,3.45,13186.0,United Kingdom
549118,84531B,BLUE KNITTED EGG COSY,12,4/6/2011 13:18,0.39,14911.0,EIRE
580543,21181,PLEASE ONE PERSON METAL SIGN,12,12/5/2011 9:11,2.1,18223.0,United Kingdom
564554,23002,TRAVEL CARD WALLET SKULLS,1,8/25/2011 19:39,0.42,17189.0,United Kingdom
552309,47590A,BLUE HAPPY BIRTHDAY BUNTING,3,5/8/2011 15:22,5.45,13835.0,United Kingdom
577400,22469,HEART OF WICKER SMALL,12,11/18/2011 17:20,1.65,16201.0,United Kingdom
569557,48116,DOORMAT MULTICOLOUR STRIPE,4,10/5/2011 8:52,8.25,14936.0,Channel Islands
563590,22993,SET OF 4 PANTRY JELLY MOULDS,236,8/17/2011 20:02,1.43,17450.0,United Kingdom
547577,21181,PLEASE ONE PERSON METAL SIGN,48,3/24/2011 10:37,1.85,13183.0,United Kingdom
574686,23551,PACK OF 12 PAISLEY PARK TISSUES ,12,11/6/2011 13:00,0.39,17608.0,United Kingdom
569215,22994,TRAVEL CARD WALLET RETROSPOT,1,10/2/2011 12:30,0.42,13571.0,United Kingdom
555202,84755,COLOUR GLASS T-LIGHT HOLDER HANGING,8,6/1/2011 12:11,0.65,16813.0,United Kingdom
571142,20970,PINK FLORAL FELTCRAFT SHOULDER BAG,12,10/14/2011 10:21,3.75,14567.0,United Kingdom
543987,84692,BOX OF 24 COCKTAIL PARASOLS,25,2/15/2011 9:49,0.42,14849.0,United Kingdom
553540,23175,REGENCY MILK JUG PINK ,4,5/17/2011 15:32,3.25,17511.0,United Kingdom
543619,47566,PARTY BUNTING,5,2/10/2011 14:51,4.65,16842.0,United Kingdom
580695,84536B,FAIRY CAKES NOTEBOOK A7 SIZE,2,12/5/2011 16:03,0.42,13230.0,United Kingdom
570664,21819,GLITTER CHRISTMAS STAR ,10,10/11/2011 14:21,0.39,16362.0,United Kingdom
569482,22457,NATURAL SLATE HEART CHALKBOARD ,6,10/4/2011 12:43,2.95,14184.0,United Kingdom
561697,72803A,ROSE SCENT CANDLE JEWELLED DRAWER,4,7/29/2011 10:06,4.25,18127.0,United Kingdom
557032,23029,DRAWER KNOB CRACKLE GLAZE GREEN,12,6/16/2011 13:46,1.65,16011.0,United Kingdom
541596,72741,GRAND CHOCOLATECANDLE,9,1/19/2011 16:19,1.45,17602.0,United Kingdom
562045,23119,PACK OF 6 LARGE FRUIT STRAWS ,12,8/2/2011 10:33,0.62,12644.0,Germany
554323,21980,PACK OF 12 RED RETROSPOT TISSUES ,12,5/23/2011 15:33,0.29,16729.0,United Kingdom
569369,23196,VINTAGE LEAF MAGNETIC NOTEPAD,12,10/3/2011 15:32,1.45,15105.0,United Kingdom
564727,23015,CORDIAL GLASS JUG,2,8/28/2011 12:31,8.25,16686.0,United Kingdom
569148,20828,GLITTER BUTTERFLY CLIPS,12,9/30/2011 15:52,2.55,16613.0,United Kingdom
572283,23393,HOME SWEET HOME CUSHION COVER ,3,10/23/2011 11:42,3.75,15000.0,United Kingdom
571270,48194,DOORMAT HEARTS,1,10/16/2011 12:09,8.25,12940.0,United Kingdom
580402,23524,WALL ART HORSE & PONY ,1,12/4/2011 11:55,3.75,13536.0,United Kingdom
549007,35810A,ENAMEL PINK COFFEE CONTAINER,12,4/5/2011 14:38,0.83,17470.0,United Kingdom
543113,23231,WRAP DOILEY DESIGN,25,2/3/2011 13:06,0.42,13047.0,United Kingdom
570467,23229,VINTAGE DONKEY TAIL GAME ,6,10/10/2011 16:06,3.75,12607.0,USA
548152,22840,ROUND CAKE TIN VINTAGE RED,2,3/29/2011 13:04,7.95,17398.0,United Kingdom
577483,22116,METAL SIGN HIS DINNER IS SERVED,2,11/20/2011 11:50,0.79,14502.0,United Kingdom
572286,22739,RIBBON REEL CHRISTMAS SOCK BAUBLE,5,10/23/2011 12:18,1.65,16434.0,United Kingdom
559653,23256,CHILDRENS CUTLERY SPACEBOY ,2,7/11/2011 12:49,4.15,14552.0,United Kingdom
578251,21822,GLITTER CHRISTMAS TREE WITH BELLS,6,11/23/2011 12:45,0.79,15993.0,United Kingdom
580727,21985,PACK OF 12 HEARTS DESIGN TISSUES ,3,12/5/2011 17:17,0.83,14096.0,United Kingdom
556244,22441,GROW YOUR OWN BASIL IN ENAMEL MUG,2,6/9/2011 16:08,2.1,15867.0,United Kingdom
570452,22898,CHILDRENS APRON APPLES DESIGN,8,10/10/2011 15:15,1.95,12427.0,Germany
561804,22161,HEART DECORATION RUSTIC HANGING ,24,7/29/2011 14:40,0.19,14191.0,United Kingdom
563543,23199,JUMBO BAG APPLES,10,8/17/2011 12:06,2.08,15039.0,United Kingdom
575508,22078,RIBBON REEL LACE DESIGN ,120,11/10/2011 10:32,1.85,14646.0,Netherlands
566018,22602,RETROSPOT WOODEN HEART DECORATION,10,9/8/2011 12:42,0.85,13137.0,United Kingdom
571039,16161U,WRAP SUKI AND FRIENDS,25,10/13/2011 12:59,0.42,16121.0,United Kingdom
546403,84380,SET OF 3 BUTTERFLY COOKIE CUTTERS,12,3/11/2011 15:22,1.25,16766.0,United Kingdom
552658,21557,SET OF 6 FUNKY BEAKERS,1,5/10/2011 14:57,2.95,14534.0,United Kingdom
553711,23130,MISELTOE HEART WREATH ,12,5/18/2011 15:39,4.15,13552.0,United Kingdom
549958,22523,CHILDS GARDEN FORK PINK,3,4/13/2011 13:47,0.85,17589.0,United Kingdom
547658,22961,JAM MAKING SET PRINTED,6,3/24/2011 13:04,1.45,13736.0,United Kingdom
573340,22367,CHILDRENS APRON SPACEBOY DESIGN,1,10/30/2011 11:55,1.95,14159.0,United Kingdom
573151,84992,72 SWEETHEART FAIRY CAKE CASES,3,10/27/2011 20:09,0.55,17602.0,United Kingdom
560097,23243,SET OF TEA COFFEE SUGAR TINS PANTRY,4,7/14/2011 17:40,4.95,13050.0,United Kingdom
565460,21481,FAWN BLUE HOT WATER BOTTLE,6,9/5/2011 9:24,2.95,16843.0,United Kingdom
537818,22457,NATURAL SLATE HEART CHALKBOARD ,6,12/8/2010 13:53,2.95,12766.0,Portugal
554636,23008,DOLLY GIRL BABY GIFT SET,6,5/25/2011 11:52,14.95,16763.0,United Kingdom
572380,22573,STAR WOODEN CHRISTMAS DECORATION,12,10/24/2011 11:51,0.85,16019.0,United Kingdom
539201,37446,MINI CAKE STAND WITH HANGING CAKES,8,12/16/2010 12:11,1.45,14878.0,United Kingdom
580975,22041,"RECORD FRAME 7"" SINGLE SIZE ",24,12/6/2011 15:28,2.55,12989.0,United Kingdom
575686,20725,LUNCH BAG RED RETROSPOT,10,11/10/2011 15:59,1.65,17716.0,United Kingdom
574721,23511,EMBROIDERED RIBBON REEL EMILY ,1,11/6/2011 14:43,2.08,17920.0,United Kingdom
566345,22812,PACK 3 BOXES CHRISTMAS PANNETONE,6,9/12/2011 12:27,1.95,17685.0,United Kingdom
569457,23080,RED METAL BOX TOP SECRET,2,10/4/2011 11:29,8.25,14606.0,United Kingdom
558383,23146,TRIPLE HOOK ANTIQUE IVORY ROSE,4,6/29/2011 8:58,3.29,18075.0,United Kingdom
549053,22585,PACK OF 6 BIRDY GIFT TAGS,12,4/6/2011 10:20,1.25,13863.0,United Kingdom
552825,22969,HOMEMADE JAM SCENTED CANDLES,12,5/11/2011 13:18,1.45,15296.0,United Kingdom
567477,22158,3 HEARTS HANGING DECORATION RUSTIC,4,9/20/2011 13:20,2.95,16327.0,United Kingdom
542898,22723,SET OF 6 HERB TINS SKETCHBOOK,2,2/1/2011 14:01,3.95,16110.0,United Kingdom
580505,21903,MAN FLU METAL SIGN,2,12/4/2011 13:32,2.1,15867.0,United Kingdom
566477,23173,REGENCY TEAPOT ROSES ,2,9/13/2011 9:03,9.95,14359.0,United Kingdom
580690,22319,HAIRCLIPS FORTIES FABRIC ASSORTED,108,12/5/2011 15:44,0.19,16597.0,United Kingdom
563755,23300,GARDENERS KNEELING PAD CUP OF TEA ,12,8/19/2011 10:58,1.65,17612.0,United Kingdom
C568573,20725,LUNCH BAG RED RETROSPOT,-1,9/28/2011 9:09,1.65,13115.0,United Kingdom
564315,23319,BOX OF 6 MINI 50'S CRACKERS,2,8/24/2011 13:07,2.49,14730.0,United Kingdom
553931,22539,MINI JIGSAW DOLLY GIRL,24,5/20/2011 10:27,0.42,14911.0,EIRE
549953,21980,PACK OF 12 RED RETROSPOT TISSUES ,24,4/13/2011 13:15,0.29,12766.0,Portugal
556777,37495,FAIRY CAKE BIRTHDAY CANDLE SET,4,6/14/2011 12:31,3.75,14426.0,United Kingdom
554981,22382,LUNCH BAG SPACEBOY DESIGN ,1,5/29/2011 12:06,1.65,17613.0,United Kingdom
562031,22670,FRENCH WC SIGN BLUE METAL,4,8/1/2011 17:37,1.25,16984.0,United Kingdom
550328,22091,EMPIRE TISSUE BOX,1,4/17/2011 13:18,1.25,17582.0,United Kingdom
564172,21977,PACK OF 60 PINK PAISLEY CAKE CASES,2,8/23/2011 14:19,0.55,16033.0,United Kingdom
559355,21199,PINK  HEART CONFETTI IN TUBE,12,7/7/2011 18:14,1.65,17007.0,United Kingdom
549052,84970S,HANGING HEART ZINC T-LIGHT HOLDER,12,4/6/2011 10:19,0.85,17682.0,United Kingdom
567378,22491,PACK OF 12 COLOURED PENCILS,12,9/20/2011 10:01,0.85,14911.0,EIRE
549560,22428,ENAMEL FIRE BUCKET CREAM,2,4/10/2011 13:26,6.95,15058.0,United Kingdom
544657,21217,RED RETROSPOT ROUND CAKE TINS,3,2/22/2011 13:08,9.95,14895.0,United Kingdom
570488,21900,"KEY FOB , SHED",1,10/10/2011 17:12,1.63,14096.0,United Kingdom
547034,22193,RED DINER WALL CLOCK,2,3/20/2011 10:30,8.5,18229.0,United Kingdom
581104,72799E,IVORY PILLAR CANDLE SILVER FLOCK,4,12/7/2011 12:11,0.79,13668.0,United Kingdom
543973,21695,SMALL SILVER FLOWER CANDLE POT,6,2/14/2011 15:15,2.95,17571.0,United Kingdom
565618,51014C,"FEATHER PEN,COAL BLACK",24,9/5/2011 15:40,0.39,15974.0,United Kingdom
572127,22114,HOT WATER BOTTLE TEA AND SYMPATHY,8,10/21/2011 9:20,4.25,14911.0,EIRE
541362,84987,SET OF 36 TEATIME PAPER DOILIES,12,1/17/2011 14:49,1.45,17730.0,United Kingdom
578333,23445,ICE CREAM BUBBLES,20,11/24/2011 8:50,0.83,12471.0,Germany
575491,20992,JAZZ HEARTS PURSE NOTEBOOK,4,11/9/2011 17:47,0.39,15531.0,United Kingdom
549572,23156,SET OF 5 MINI GROCERY MAGNETS,12,4/10/2011 15:32,2.08,17757.0,United Kingdom
573263,22423,REGENCY CAKESTAND 3 TIER,32,10/28/2011 12:34,10.95,13694.0,United Kingdom
537837,21481,FAWN BLUE HOT WATER BOTTLE,6,12/8/2010 14:59,2.95,13077.0,United Kingdom
562779,22212,FOUR HOOK  WHITE LOVEBIRDS,1,8/9/2011 12:58,2.1,17841.0,United Kingdom
C562582,23008,DOLLY GIRL BABY GIFT SET,-1,8/7/2011 13:53,16.95,15640.0,United Kingdom
575593,23439,HAND WARMER RED LOVE HEART,12,11/10/2011 12:12,2.1,14226.0,United Kingdom
536377,22633,HAND WARMER UNION JACK,6,12/1/2010 9:34,1.85,17850.0,United Kingdom
559329,22993,SET OF 4 PANTRY JELLY MOULDS,36,7/7/2011 15:41,1.25,15241.0,United Kingdom
577056,23323,WHITE WICKER STAR ,6,11/17/2011 14:24,2.1,17985.0,United Kingdom
550350,22713,CARD I LOVE LONDON ,12,4/18/2011 10:04,0.42,15491.0,United Kingdom
540546,21832,CHOCOLATE CALCULATOR,12,1/9/2011 15:56,1.65,12766.0,Portugal
546392,22524,CHILDRENS GARDEN GLOVES BLUE,2,3/11/2011 14:15,1.25,14587.0,United Kingdom
557067,23208,LUNCH BAG VINTAGE LEAF DESIGN,40,6/16/2011 15:12,1.65,13098.0,United Kingdom
575870,72800E,4 IVORY DINNER CANDLES SILVER FLOCK,1,11/11/2011 12:46,2.55,15557.0,United Kingdom
538902,21883,STARS GIFT TAPE ,24,12/15/2010 10:04,0.19,14150.0,United Kingdom
579196,21705,BAG 500g SWIRLY MARBLES,2,11/28/2011 15:54,3.29,14096.0,United Kingdom
562611,22469,HEART OF WICKER SMALL,12,8/8/2011 11:58,1.65,17716.0,United Kingdom
548188,22050,PINK PAISLEY ROSE GIFT WRAP,25,3/29/2011 15:12,0.42,13263.0,United Kingdom
553863,84969,BOX OF 6 ASSORTED COLOUR TEASPOONS,2,5/19/2011 14:05,4.25,13418.0,United Kingdom
537593,21928,JUMBO BAG SCANDINAVIAN PAISLEY,20,12/7/2010 12:21,1.95,14282.0,United Kingdom
568709,23393,HOME SWEET HOME CUSHION COVER ,1,9/28/2011 15:42,3.75,15036.0,United Kingdom
555539,21390,FILIGRIS HEART WITH BUTTERFLY,7,6/5/2011 12:44,1.25,14472.0,United Kingdom
577791,22720,SET OF 3 CAKE TINS PANTRY DESIGN ,3,11/21/2011 16:36,4.95,17100.0,United Kingdom
556461,21936,RED RETROSPOT PICNIC BAG,50,6/12/2011 10:15,2.55,13798.0,United Kingdom
554098,22178,VICTORIAN GLASS HANGING T-LIGHT,6,5/22/2011 13:01,1.25,14769.0,United Kingdom
568518,22728,ALARM CLOCK BAKELIKE PINK,4,9/27/2011 12:53,3.75,12680.0,France
560736,23298,SPOTTY BUNTING,6,7/20/2011 15:33,4.95,15260.0,United Kingdom
537126,22910,PAPER CHAIN KIT VINTAGE CHRISTMAS,4,12/5/2010 12:13,2.95,18118.0,United Kingdom
567944,22142,CHRISTMAS CRAFT WHITE FAIRY ,3,9/22/2011 19:54,1.45,14562.0,United Kingdom
539307,21882,SKULLS TAPE,192,12/16/2010 17:43,0.19,13694.0,United Kingdom
562460,22427,ENAMEL FLOWER JUG CREAM,1,8/5/2011 11:19,5.95,17841.0,United Kingdom
563898,21213,PACK OF 72 SKULL CAKE CASES,24,8/21/2011 10:48,0.55,12971.0,United Kingdom
563100,22635,CHILDS BREAKFAST SET DOLLY GIRL ,2,8/12/2011 9:57,9.95,12381.0,Norway
565470,35970,ZINC FOLKART SLEIGH BELLS,12,9/5/2011 10:06,1.69,12576.0,Poland
545344,22585,PACK OF 6 BIRDY GIFT TAGS,12,3/2/2011 9:24,1.25,16678.0,United Kingdom
556685,23250,VINTAGE RED TRIM ENAMEL BOWL ,12,6/14/2011 10:00,1.25,14503.0,United Kingdom
576071,23395,BELLE JARDINIERE CUSHION COVER,1,11/13/2011 16:03,3.75,18069.0,United Kingdom
562680,22326,ROUND SNACK BOXES SET OF4 WOODLAND ,1,8/8/2011 13:46,2.95,17954.0,United Kingdom
571883,21807,WHITE CHRISTMAS STAR DECORATION,1,10/19/2011 13:58,0.42,14704.0,United Kingdom
580283,20840,FRENCH FLORAL CUSHION COVER ,24,12/2/2011 13:20,0.85,16133.0,United Kingdom
562770,21907,I'M ON HOLIDAY METAL SIGN,12,8/9/2011 11:56,2.1,17139.0,United Kingdom
538507,21819,GLITTER CHRISTMAS STAR ,10,12/12/2010 13:26,0.85,15547.0,United Kingdom
551860,22501,PICNIC BASKET WICKER LARGE,1,5/4/2011 15:41,9.95,15508.0,United Kingdom
576846,21328,BALLOONS  WRITING SET ,12,11/16/2011 15:35,1.65,13500.0,United Kingdom
563626,22386,JUMBO BAG PINK POLKADOT,20,8/18/2011 10:31,2.08,16187.0,United Kingdom
544922,21106,CREAM SLICE FLANNEL CHOCOLATE SPOT ,6,2/24/2011 16:46,2.95,15847.0,United Kingdom
553008,21034,REX CASH+CARRY JUMBO SHOPPER,1,5/12/2011 16:52,0.95,17315.0,United Kingdom
557957,23177,TREASURE ISLAND BOOK BOX,3,6/23/2011 19:20,2.25,13969.0,United Kingdom
574301,22077,6 RIBBONS RUSTIC CHARM,12,11/3/2011 16:15,1.95,12544.0,Spain
548614,22563,HAPPY STENCIL CRAFT,4,4/1/2011 11:47,1.25,14419.0,United Kingdom
556474,21975,PACK OF 60 DINOSAUR CAKE CASES,1,6/12/2011 12:01,0.55,16007.0,United Kingdom
562393,23350,ROLL WRAP VINTAGE SPOT ,36,8/4/2011 16:17,1.25,18172.0,United Kingdom
567883,23160,REGENCY TEA SPOON,12,9/22/2011 15:03,1.25,12906.0,United Kingdom
544930,21894,POTTING SHED SEED ENVELOPES,1,2/24/2011 18:26,1.25,17472.0,United Kingdom
557283,22435,SET OF 9 HEART SHAPED BALLOONS,1,6/19/2011 12:26,1.25,16813.0,United Kingdom
564168,21179,NO JUNK MAIL METAL SIGN,2,8/23/2011 13:51,0.39,16794.0,United Kingdom
567859,22749,FELTCRAFT PRINCESS CHARLOTTE DOLL,4,9/22/2011 13:51,3.75,12936.0,United Kingdom
576141,22610,PENS ASSORTED FUNNY FACE,36,11/14/2011 10:47,0.19,14911.0,EIRE
546091,21955,DOORMAT UNION JACK GUNS AND ROSES,4,3/9/2011 11:53,7.95,14936.0,Channel Islands
575718,85152,HAND OVER THE CHOCOLATE   SIGN ,2,11/10/2011 18:04,2.1,16907.0,United Kingdom
571640,20985,HEART CALCULATOR,100,10/18/2011 12:01,1.06,17203.0,United Kingdom
581173,22737,RIBBON REEL CHRISTMAS PRESENT ,1,12/7/2011 15:07,1.65,17870.0,United Kingdom
547651,21181,PLEASE ONE PERSON METAL SIGN,1,3/24/2011 12:11,2.1,16904.0,United Kingdom
559674,21789,KIDS RAIN MAC PINK,1,7/11/2011 14:16,0.85,15856.0,United Kingdom
577480,21326,AGED GLASS SILVER T-LIGHT HOLDER,36,11/20/2011 11:37,0.65,14525.0,United Kingdom
568168,85061W,WHITE JEWELLED HEART DECORATION,6,9/25/2011 12:46,0.85,15799.0,United Kingdom
577038,22417,PACK OF 60 SPACEBOY CAKE CASES,1,11/17/2011 13:30,0.55,14796.0,United Kingdom
567124,22652,TRAVEL SEWING KIT,10,9/16/2011 13:45,1.65,15240.0,United Kingdom
568995,72741,GRAND CHOCOLATECANDLE,72,9/29/2011 16:53,1.25,16779.0,United Kingdom
567183,23294,SET OF 6 SNACK LOAF BAKING CASES,2,9/18/2011 15:32,0.83,14769.0,United Kingdom
545819,82551,LAUNDRY 15C METAL SIGN,3,3/7/2011 12:31,1.45,16356.0,United Kingdom
567976,23247,BISCUIT TIN 50'S CHRISTMAS,6,9/23/2011 10:26,2.89,13127.0,United Kingdom
578094,22498,WOODEN REGATTA BUNTING,1,11/22/2011 17:23,5.95,16261.0,United Kingdom
538917,22465,HANGING METAL STAR LANTERN,12,12/15/2010 10:57,1.65,17449.0,United Kingdom
572306,82580,BATHROOM METAL SIGN,1,10/23/2011 15:11,0.55,17841.0,United Kingdom
559021,82494L,WOODEN FRAME ANTIQUE WHITE ,24,7/5/2011 13:16,2.55,16525.0,United Kingdom
550359,22179,SET 10 LIGHTS NIGHT OWL,1,4/18/2011 10:41,6.75,17841.0,United Kingdom
562923,22382,LUNCH BAG SPACEBOY DESIGN ,20,8/10/2011 14:34,1.65,16996.0,United Kingdom
580660,22112,CHOCOLATE HOT WATER BOTTLE,6,12/5/2011 13:49,4.95,16592.0,United Kingdom
557009,22609,PENS ASSORTED SPACEBALL,36,6/16/2011 11:38,0.19,14321.0,United Kingdom
546731,22087,PAPER BUNTING WHITE LACE,12,3/16/2011 11:39,2.95,13089.0,United Kingdom
553210,22548,HEADS AND TAILS SPORTING FUN,24,5/16/2011 9:40,1.25,14016.0,EIRE
549847,10135,COLOURING PENCILS BROWN TUBE,10,4/12/2011 14:43,1.25,15358.0,United Kingdom
539053,21479,WHITE SKULL HOT WATER BOTTLE ,1,12/15/2010 16:32,3.75,16725.0,United Kingdom
557268,23245,SET OF 3 REGENCY CAKE TINS,2,6/19/2011 11:26,4.95,13097.0,United Kingdom
561206,21524,DOORMAT SPOTTY HOME SWEET HOME,1,7/25/2011 16:18,7.95,13110.0,United Kingdom
559168,23236,DOILEY STORAGE TIN,2,7/6/2011 17:05,2.89,13263.0,United Kingdom
563448,22717,CARD DOG AND BALL ,12,8/16/2011 14:28,0.42,15220.0,United Kingdom
578270,35646,VINTAGE BEAD PINK EVENING BAG,1,11/23/2011 13:39,2.46,14096.0,United Kingdom
552295,22845,VINTAGE CREAM CAT FOOD CONTAINER,1,5/8/2011 14:08,6.35,14224.0,United Kingdom
553731,22730,ALARM CLOCK BAKELIKE IVORY,4,5/19/2011 8:26,3.75,12481.0,Germany
542922,22328,ROUND SNACK BOXES SET OF 4 FRUITS ,6,2/2/2011 9:06,2.95,12682.0,France
578255,23494,VINTAGE DOILY DELUXE SEWING KIT ,6,11/23/2011 12:58,5.95,14675.0,United Kingdom
546084,21533,RETROSPOT LARGE MILK JUG,3,3/9/2011 11:28,4.95,14112.0,United Kingdom
565250,23202,JUMBO BAG VINTAGE LEAF,10,9/2/2011 10:42,2.08,13643.0,United Kingdom
537773,22384,LUNCH BAG PINK POLKADOT,1,12/8/2010 12:36,1.65,16016.0,United Kingdom
557283,22904,CALENDAR PAPER CUT DESIGN,2,6/19/2011 12:26,2.95,16813.0,United Kingdom
546635,21080,SET/20 RED RETROSPOT PAPER NAPKINS ,3,3/15/2011 12:11,0.85,16392.0,United Kingdom
570488,11001,ASSTD DESIGN RACING CAR PEN,2,10/10/2011 17:12,3.29,14096.0,United Kingdom
569860,23348,CHILDRENS TOY COOKING UTENSIL SET,6,10/6/2011 14:37,2.08,13812.0,Germany
573665,22561,WOODEN SCHOOL COLOURING SET,24,10/31/2011 16:24,1.65,13982.0,United Kingdom
538497,22383,LUNCH BAG SUKI  DESIGN ,1,12/12/2010 12:44,1.65,14684.0,United Kingdom
566010,22355,CHARLOTTE BAG SUKI DESIGN,10,9/8/2011 12:05,0.85,13700.0,United Kingdom
541406,85206A,CREAM FELT EASTER EGG BASKET,3,1/17/2011 15:19,1.65,14657.0,United Kingdom
576864,21932,SCANDINAVIAN PAISLEY PICNIC BAG,1,11/16/2011 16:06,1.65,12748.0,United Kingdom
564342,23002,TRAVEL CARD WALLET SKULLS,5,8/24/2011 14:53,0.42,16340.0,United Kingdom
564173,22382,LUNCH BAG SPACEBOY DESIGN ,10,8/23/2011 14:23,1.65,12567.0,France
580727,21866,UNION JACK FLAG LUGGAGE TAG,1,12/5/2011 17:17,2.46,14096.0,United Kingdom
559993,81953B,ROUND BLUE CLOCK WITH SUCKER,5,7/14/2011 12:42,0.19,14716.0,United Kingdom
554181,22193,RED DINER WALL CLOCK,4,5/23/2011 12:09,8.5,13078.0,United Kingdom
542898,22560,TRADITIONAL MODELLING CLAY,2,2/1/2011 14:01,1.25,16110.0,United Kingdom
565915,23200,JUMBO BAG PEARS,5,9/7/2011 15:52,2.08,15752.0,United Kingdom
577804,23570,TRADITIONAL PICK UP STICKS GAME ,1,11/21/2011 17:33,1.25,17432.0,United Kingdom
547799,22355,CHARLOTTE BAG SUKI DESIGN,30,3/25/2011 12:48,0.85,17139.0,United Kingdom
566305,23203,JUMBO BAG VINTAGE DOILY ,10,9/12/2011 9:26,2.08,14110.0,United Kingdom
538067,22429,ENAMEL MEASURING JUG CREAM,1,12/9/2010 13:59,4.25,15288.0,United Kingdom
549185,21399,BLUE POLKADOT COFFEE MUG,48,4/7/2011 9:35,0.39,18272.0,United Kingdom
563350,23320,GIANT 50'S CHRISTMAS CRACKER,2,8/15/2011 14:10,2.89,14498.0,United Kingdom
561653,21163,DO NOT TOUCH MY STUFF DOOR HANGER ,24,7/28/2011 15:55,0.39,14002.0,United Kingdom
536557,22570,FELTCRAFT CUSHION RABBIT,1,12/1/2010 14:41,3.75,17841.0,United Kingdom
546108,22139,RETROSPOT TEA SET CERAMIC 11 PC ,4,3/9/2011 12:35,4.95,15529.0,United Kingdom
549551,21316,SMALL CHUNKY GLASS ROMAN  BOWL,88,4/10/2011 11:48,0.79,15955.0,United Kingdom
565398,22667,RECIPE BOX RETROSPOT ,48,9/2/2011 16:50,2.55,15856.0,United Kingdom
576326,22150,3 STRIPEY MICE FELTCRAFT,4,11/14/2011 15:18,1.95,16504.0,United Kingdom
546525,47566,PARTY BUNTING,12,3/14/2011 12:58,4.95,14733.0,United Kingdom
569216,22564,ALPHABET STENCIL CRAFT,1,10/2/2011 12:41,1.25,15555.0,United Kingdom
543387,21124,SET/10 BLUE POLKADOT PARTY CANDLES,288,2/8/2011 9:41,1.06,14646.0,Netherlands
550277,22556,PLASTERS IN TIN CIRCUS PARADE ,12,4/15/2011 12:48,1.65,12639.0,Sweden
580669,22698,PINK REGENCY TEACUP AND SAUCER,18,12/5/2011 14:25,2.95,15159.0,United Kingdom
559686,22440,BALLOON WATER BOMB PACK OF 35,10,7/11/2011 15:26,0.42,17966.0,United Kingdom
543096,21915,RED  HARMONICA IN BOX ,2,2/3/2011 11:39,1.25,14044.0,United Kingdom
574306,22549,PICTURE DOMINOES,12,11/3/2011 16:37,1.45,17481.0,United Kingdom
581147,22599,CHRISTMAS MUSICAL ZINC STAR,3,12/7/2011 14:01,0.29,16426.0,United Kingdom
550613,22918,HERB MARKER PARSLEY,12,4/19/2011 12:26,0.65,16180.0,United Kingdom
575678,22144,CHRISTMAS CRAFT LITTLE FRIENDS,12,11/10/2011 15:23,2.1,16169.0,United Kingdom
547374,22148,EASTER CRAFT 4 CHICKS ,2,3/22/2011 13:54,1.95,16110.0,United Kingdom
575070,21390,FILIGRIS HEART WITH BUTTERFLY,3,11/8/2011 12:58,1.25,17841.0,United Kingdom
576189,23209,LUNCH BAG VINTAGE DOILY ,1,11/14/2011 11:33,1.65,14684.0,United Kingdom
577853,22804,PINK HANGING HEART T-LIGHT HOLDER,3,11/22/2011 11:13,2.95,13681.0,United Kingdom
C559351,23275,SET OF 3 HANGING OWLS OLLIE BEAK,-48,7/7/2011 17:42,1.25,13408.0,United Kingdom
567096,35815P,"ACRYLIC JEWEL SNOWFLAKE, PINK",35,9/16/2011 13:13,0.38,15099.0,United Kingdom
558195,20728,LUNCH BAG CARS BLUE,10,6/27/2011 12:32,1.65,17735.0,United Kingdom
543801,22427,ENAMEL FLOWER JUG CREAM,12,2/13/2011 11:52,5.45,17811.0,United Kingdom
573038,22720,SET OF 3 CAKE TINS PANTRY DESIGN ,2,10/27/2011 13:48,4.95,17545.0,United Kingdom
562096,22316,200 BENDY SKULL STRAWS,1,8/2/2011 13:16,1.25,15311.0,United Kingdom
573866,23094,LE GRAND TRAY CHIC SET,1,11/1/2011 12:06,12.5,17495.0,United Kingdom
549125,90180B,PURPLE AMETHYST NECKLACE W TASSEL,1,4/6/2011 14:13,9.95,14964.0,United Kingdom
549734,72351A,SET/6 TURQUOISE BUTTERFLY T-LIGHTS,6,4/11/2011 17:12,2.1,16409.0,United Kingdom
C571319,23145,ZINC T-LIGHT HOLDER STAR LARGE,-1,10/17/2011 10:50,0.95,17164.0,United Kingdom
542610,22438,BALLOON ART MAKE YOUR OWN FLOWERS,10,1/30/2011 14:05,1.95,13148.0,United Kingdom
547910,22645,CERAMIC HEART FAIRY CAKE MONEY BANK,2,3/28/2011 12:23,1.45,14159.0,United Kingdom
561794,22457,NATURAL SLATE HEART CHALKBOARD ,6,7/29/2011 13:11,2.95,12921.0,United Kingdom
537395,20975,12 PENCILS SMALL TUBE RED RETROSPOT,2,12/6/2010 14:05,0.65,15356.0,United Kingdom
556915,23206,LUNCH BAG APPLE DESIGN,1,6/15/2011 13:35,1.65,15036.0,United Kingdom
558881,21242,RED RETROSPOT PLATE ,8,7/4/2011 14:36,1.69,12705.0,Germany
567807,22601,CHRISTMAS RETROSPOT ANGEL WOOD,2,9/22/2011 12:23,0.85,17027.0,United Kingdom
545060,22715,CARD WEDDING DAY,12,2/27/2011 13:47,0.42,15547.0,United Kingdom
567183,23546,WRAP PAISLEY PARK ,25,9/18/2011 15:32,0.42,14769.0,United Kingdom
542113,85099B,JUMBO BAG RED RETROSPOT,10,1/25/2011 13:55,1.95,14341.0,United Kingdom
573415,22909,SET OF 20 VINTAGE CHRISTMAS NAPKINS,5,10/30/2011 16:17,0.85,13607.0,United Kingdom
547049,82484,WOOD BLACK BOARD ANT WHITE FINISH,2,3/20/2011 11:56,7.9,17134.0,United Kingdom
562219,84279P,CHERRY BLOSSOM  DECORATIVE FLASK,4,8/3/2011 14:14,3.75,15089.0,United Kingdom
548358,84970L,SINGLE HEART ZINC T-LIGHT HOLDER,12,3/30/2011 15:29,0.95,15832.0,United Kingdom
576236,22271,FELTCRAFT DOLL ROSIE,1,11/14/2011 13:31,2.95,13755.0,United Kingdom
575740,23311,VINTAGE CHRISTMAS STOCKING ,6,11/11/2011 9:25,2.55,18130.0,United Kingdom
564745,23197,SKETCHBOOK MAGNETIC SHOPPING LIST,3,8/28/2011 15:27,1.45,16806.0,United Kingdom
556107,21668,RED STRIPE CERAMIC DRAWER KNOB,6,6/8/2011 17:09,1.25,17360.0,United Kingdom
573899,82484,WOOD BLACK BOARD ANT WHITE FINISH,2,11/1/2011 14:41,7.95,15847.0,United Kingdom
579132,23310,BUBBLEGUM RING ASSORTED,36,11/28/2011 12:35,0.42,15022.0,United Kingdom
579161,22197,POPCORN HOLDER,5,11/28/2011 13:56,0.85,17379.0,United Kingdom
545661,22423,REGENCY CAKESTAND 3 TIER,2,3/4/2011 14:41,12.75,15358.0,United Kingdom
557744,23243,SET OF TEA COFFEE SUGAR TINS PANTRY,4,6/22/2011 12:09,4.95,15194.0,United Kingdom
C547968,84228,HEN HOUSE W CHICK STANDING,-1,3/28/2011 16:02,0.42,12471.0,Germany
573384,23490,T-LIGHT HOLDER HANGING LOVE BIRD,6,10/30/2011 14:19,3.75,15478.0,United Kingdom
537154,22746,POPPY'S PLAYHOUSE LIVINGROOM ,1,12/5/2010 13:05,2.1,15808.0,United Kingdom
C563856,21788,KIDS RAIN MAC BLUE,-20,8/19/2011 15:39,0.85,13090.0,United Kingdom
C548355,22561,WOODEN SCHOOL COLOURING SET,-12,3/30/2011 15:06,1.65,12921.0,United Kingdom
562213,23316,RED REFECTORY CLOCK ,1,8/3/2011 13:39,9.95,13975.0,United Kingdom
555725,22171,3 HOOK PHOTO SHELF ANTIQUE WHITE,2,6/6/2011 16:23,8.5,15737.0,United Kingdom
580695,22209,WOOD STAMP SET HAPPY BIRTHDAY,1,12/5/2011 16:03,0.83,13230.0,United Kingdom
566266,22185,SLATE TILE NATURAL HANGING,1,9/11/2011 13:22,1.65,17299.0,United Kingdom
542600,20723,STRAWBERRY CHARLOTTE BAG,10,1/30/2011 11:11,0.85,16923.0,United Kingdom
556520,22557,PLASTERS IN TIN VINTAGE PAISLEY ,1,6/13/2011 11:10,1.65,14177.0,United Kingdom
570500,22736,RIBBON REEL MAKING SNOWMEN ,5,10/11/2011 9:19,1.65,15858.0,United Kingdom
575943,21481,FAWN BLUE HOT WATER BOTTLE,2,11/13/2011 11:44,3.75,17920.0,United Kingdom
551951,15036,ASSORTED COLOURS SILK FAN,600,5/5/2011 11:46,0.72,18094.0,United Kingdom
572186,23129,HEART SHAPED HOLLY WREATH,4,10/21/2011 10:55,4.15,16497.0,United Kingdom
556915,23309,SET OF 60 I LOVE LONDON CAKE CASES ,1,6/15/2011 13:35,0.55,15036.0,United Kingdom
566079,22922,FRIDGE MAGNETS US DINER ASSORTED,24,9/9/2011 9:52,0.85,17593.0,United Kingdom
537153,22917,HERB MARKER ROSEMARY,12,12/5/2010 13:03,0.65,16718.0,United Kingdom
572676,23101,SILVER STARS TABLE DECORATION,12,10/25/2011 13:30,0.83,16258.0,United Kingdom
541223,20675,BLUE POLKADOT BOWL,4,1/14/2011 14:39,1.25,17954.0,United Kingdom
558561,22194,BLACK DINER WALL CLOCK,2,6/30/2011 13:25,8.5,13742.0,United Kingdom
542607,21535,RED RETROSPOT SMALL MILK JUG,1,1/30/2011 13:48,2.55,13148.0,United Kingdom
542419,21484,CHICK GREY HOT WATER BOTTLE,1,1/27/2011 17:41,3.45,14662.0,United Kingdom
574965,23101,SILVER STARS TABLE DECORATION,1,11/8/2011 10:44,0.83,17964.0,United Kingdom
568198,23093,SMALL PARISIENNE HEART PHOTO FRAME ,2,9/25/2011 14:52,2.49,16771.0,United Kingdom
561022,23291,DOLLY GIRL CHILDRENS CUP,8,7/24/2011 10:24,1.25,14800.0,United Kingdom
571039,22383,LUNCH BAG SUKI DESIGN ,3,10/13/2011 12:59,1.65,16121.0,United Kingdom
565541,21034,REX CASH+CARRY JUMBO SHOPPER,5,9/5/2011 12:00,0.95,14159.0,United Kingdom
566562,85049E,SCANDINAVIAN REDS RIBBONS,12,9/13/2011 12:18,1.25,17365.0,United Kingdom
579102,21430,SET/3 RED GINGHAM ROSE STORAGE BOX,4,11/28/2011 11:33,3.75,14911.0,EIRE
570000,22197,POPCORN HOLDER,12,10/7/2011 8:55,0.85,12420.0,Cyprus
562219,23273,HEART T-LIGHT HOLDER WILLIE WINKIE,12,8/3/2011 14:14,1.65,15089.0,United Kingdom
580632,20971,PINK BLUE FELT CRAFT TRINKET BOX,3,12/5/2011 12:16,1.25,16360.0,United Kingdom
571476,22667,RECIPE BOX RETROSPOT ,2,10/17/2011 14:51,2.95,13546.0,United Kingdom
581334,35471D,SET OF 3 BIRD LIGHT PINK FEATHER ,24,12/8/2011 12:07,0.39,17841.0,United Kingdom
559981,22082,RIBBON REEL STRIPES DESIGN ,5,7/14/2011 11:30,1.65,14562.0,United Kingdom
581175,22393,PAPERWEIGHT VINTAGE COLLAGE,96,12/7/2011 15:16,0.39,14646.0,Netherlands
545797,22170,PICTURE FRAME WOOD TRIPLE PORTRAIT,1,3/7/2011 12:17,6.75,16225.0,United Kingdom
549577,21990,MODERN FLORAL STATIONERY SET,6,4/11/2011 8:16,2.95,14286.0,United Kingdom
540824,22746,POPPY'S PLAYHOUSE LIVINGROOM ,6,1/11/2011 13:31,2.1,12728.0,France
551868,23231,WRAP DOILEY DESIGN,25,5/4/2011 16:29,0.42,12540.0,Spain
557039,85086A,CANDY SPOT HEART DECORATION,6,6/16/2011 13:57,0.85,16814.0,United Kingdom
549563,22998,TRAVEL CARD WALLET KEEP CALM,3,4/10/2011 14:02,0.42,14030.0,United Kingdom
541855,22626,BLACK KITCHEN SCALES,1,1/23/2011 14:59,8.5,13742.0,United Kingdom
562593,23322,LARGE WHITE HEART OF WICKER,6,8/7/2011 15:43,2.95,16549.0,United Kingdom
536500,21035,SET/2 RED RETROSPOT TEA TOWELS ,3,12/1/2010 12:35,2.95,17377.0,United Kingdom
558887,23171,REGENCY TEA PLATE GREEN ,12,7/4/2011 15:26,1.65,18265.0,United Kingdom
550148,22722,SET OF 6 SPICE TINS PANTRY DESIGN,1,4/14/2011 14:36,3.95,16882.0,United Kingdom
576339,22260,FELT EGG COSY BLUE RABBIT ,1,11/14/2011 15:27,1.63,14096.0,United Kingdom
566557,23057,BEADED CHANDELIER T-LIGHT HOLDER,16,9/13/2011 11:47,4.95,14646.0,Netherlands
580720,23323,WHITE WICKER STAR ,2,12/5/2011 16:55,2.1,14629.0,United Kingdom
567167,22199,FRYING PAN RED RETROSPOT,1,9/18/2011 12:21,4.25,15547.0,United Kingdom
554083,20658,RED RETROSPOT LUGGAGE TAG,1,5/22/2011 11:51,1.25,18125.0,United Kingdom
567653,85169D,PINK LOVE BIRD CANDLE,12,9/21/2011 14:35,1.25,12550.0,Spain
553017,22722,SET OF 6 SPICE TINS PANTRY DESIGN,3,5/12/2011 19:01,3.95,12757.0,Portugal
559673,84879,ASSORTED COLOUR BIRD ORNAMENT,32,7/11/2011 14:10,1.69,13224.0,United Kingdom
578278,85034C,3 ROSE MORRIS BOXED CANDLES,12,11/23/2011 13:51,1.25,12748.0,United Kingdom
566518,22467,GUMBALL COAT RACK,1,9/13/2011 11:24,2.55,17779.0,United Kingdom
575732,23485,BOTANICAL GARDENS WALL CLOCK ,1,11/11/2011 8:19,25.0,12712.0,Germany
543121,21503,TOYBOX  WRAP ,25,2/3/2011 13:58,0.42,12662.0,Germany
572090,23526,WALL ART DOG LICENCE ,2,10/20/2011 14:33,5.95,13573.0,United Kingdom
574893,22274,FELTCRAFT DOLL EMILY,1,11/7/2011 14:40,2.95,18036.0,United Kingdom
570246,21090,SET/6 COLLAGE PAPER PLATES,3,10/9/2011 16:22,0.39,16921.0,United Kingdom
568918,21181,PLEASE ONE PERSON METAL SIGN,12,9/29/2011 14:12,2.1,15955.0,United Kingdom
567252,84945,MULTI COLOUR SILVER T-LIGHT HOLDER,12,9/19/2011 11:37,0.85,13695.0,United Kingdom
574738,23333,IVORY WICKER HEART MEDIUM,3,11/6/2011 16:01,1.25,12748.0,United Kingdom
538843,21874,GIN AND TONIC MUG,2,12/14/2010 13:18,1.25,16033.0,United Kingdom
565649,22659,LUNCH BOX I LOVE LONDON,2,9/5/2011 16:27,1.95,16712.0,United Kingdom
565846,21175,GIN + TONIC DIET METAL SIGN,1,9/7/2011 12:41,2.55,14606.0,United Kingdom
580127,C2,CARRIAGE,1,12/1/2011 17:51,50.0,14911.0,EIRE
553159,23208,LUNCH BAG VINTAGE LEAF DESIGN,10,5/13/2011 15:25,1.65,14194.0,United Kingdom
560224,22804,CANDLEHOLDER PINK HANGING HEART,2,7/15/2011 16:06,2.95,14572.0,United Kingdom
566117,46000M,POLYESTER FILLER PAD 45x45cm,10,9/9/2011 10:54,1.55,17965.0,United Kingdom
579692,23243,SET OF TEA COFFEE SUGAR TINS PANTRY,12,11/30/2011 14:05,4.95,12433.0,Norway
544778,22699,ROSES REGENCY TEACUP AND SAUCER ,2,2/23/2011 12:03,2.95,14978.0,United Kingdom
541251,22830,UTILTY CABINET WITH HOOKS,2,1/16/2011 13:25,10.0,15046.0,United Kingdom
553572,23154,SET OF 4 JAM JAR MAGNETS,12,5/18/2011 9:37,2.08,18223.0,United Kingdom
566287,22727,ALARM CLOCK BAKELIKE RED ,3,9/11/2011 15:11,3.75,17218.0,United Kingdom
570827,22656,VINTAGE BLUE KITCHEN CABINET,1,10/12/2011 13:14,50.0,15831.0,United Kingdom
C554531,72741,GRAND CHOCOLATECANDLE,-2,5/24/2011 17:30,1.45,12463.0,Belgium
581098,23467,VINTAGE ZINC PLANTER  ,6,12/7/2011 11:42,3.29,14911.0,EIRE
C562185,22381,TOY TIDY PINK POLKADOT,-3,8/3/2011 12:15,2.1,12748.0,United Kingdom
567339,23108,SET OF 10 LED DOLLY LIGHTS,2,9/19/2011 15:01,6.25,14146.0,United Kingdom
575152,22565,FELTCRAFT HAIRBANDS PINK AND WHITE ,2,11/8/2011 16:12,0.85,16284.0,United Kingdom
562560,21889,WOODEN BOX OF DOMINOES,3,8/5/2011 17:12,1.25,14156.0,EIRE
558040,23013,GLASS APOTHECARY BOTTLE TONIC,4,6/24/2011 12:51,3.95,14309.0,United Kingdom
569846,22961,JAM MAKING SET PRINTED,36,10/6/2011 13:42,1.45,13422.0,United Kingdom
581404,23339,EGG FRYING PAN BLUE ,4,12/8/2011 13:47,2.08,13680.0,United Kingdom
565541,20972,PINK CREAM FELT CRAFT TRINKET BOX ,3,9/5/2011 12:00,1.25,14159.0,United Kingdom
558754,23300,GARDENERS KNEELING PAD CUP OF TEA ,2,7/3/2011 12:10,1.65,15518.0,United Kingdom
557291,21906,PHARMACIE FIRST AID TIN,6,6/19/2011 13:01,6.75,18230.0,United Kingdom
537226,22705,WRAP GREEN PEARS ,25,12/6/2010 8:34,0.42,15987.0,United Kingdom
566318,22379,RECYCLING BAG RETROSPOT ,50,9/12/2011 10:47,1.85,15971.0,United Kingdom
569017,23515,EMBROIDERED RIBBON REEL DAISY ,6,9/30/2011 9:22,2.08,13813.0,Germany
539088,48111,DOORMAT 3 SMILEY CATS,10,12/16/2010 9:45,6.75,13093.0,United Kingdom
562892,21121,SET/10 RED POLKADOT PARTY CANDLES,24,8/10/2011 12:24,1.25,16292.0,United Kingdom
571549,21888,BINGO SET,4,10/18/2011 8:12,3.75,13536.0,United Kingdom
566306,71477,COLOUR GLASS. STAR T-LIGHT HOLDER,24,9/12/2011 9:36,3.29,13265.0,United Kingdom
569016,22571,ROCKING HORSE RED CHRISTMAS ,12,9/30/2011 9:20,0.85,14916.0,United Kingdom
549286,22716,CARD CIRCUS PARADE,12,4/7/2011 18:03,0.42,17928.0,United Kingdom
537440,21000,ROSE DU SUD COSMETICS BAG,1,12/6/2010 17:16,4.25,17869.0,United Kingdom
541853,84792,ENCHANTED BIRD COATHANGER 5 HOOK,6,1/23/2011 14:29,4.65,17858.0,United Kingdom
547106,21931,JUMBO STORAGE BAG SUKI,10,3/21/2011 11:24,1.95,15039.0,United Kingdom
565408,37449,CERAMIC CAKE STAND + HANGING CAKES,1,9/4/2011 11:12,9.95,16813.0,United Kingdom
579167,23242,TREASURE TIN BUFFALO BILL ,6,11/28/2011 14:06,2.08,16800.0,United Kingdom
577010,23598,PAPER BUNTING VINTAGE PARTY,2,11/17/2011 12:11,2.95,15506.0,United Kingdom
546524,85099F,JUMBO BAG STRAWBERRY,10,3/14/2011 12:51,1.95,17811.0,United Kingdom
561885,22166,WALL MIRROR RECTANGLE DIAMANTE PINK,2,7/31/2011 13:13,7.95,15532.0,United Kingdom
553487,22469,HEART OF WICKER SMALL,120,5/17/2011 12:38,1.45,13246.0,United Kingdom
538080,22925,BLUE GIANT GARDEN THERMOMETER,2,12/9/2010 14:28,5.95,17646.0,United Kingdom
573576,85049G,CHOCOLATE BOX RIBBONS ,1,10/31/2011 14:09,2.46,14096.0,United Kingdom
556942,21913,VINTAGE SEASIDE JIGSAW PUZZLES,4,6/15/2011 16:42,3.75,14222.0,United Kingdom
572867,23198,PANTRY MAGNETIC  SHOPPING LIST,3,10/26/2011 13:19,1.45,14598.0,United Kingdom
556767,22178,VICTORIAN GLASS HANGING T-LIGHT,96,6/14/2011 12:17,1.06,18073.0,United Kingdom
542710,21675,BUTTERFLIES STICKERS,24,1/31/2011 13:17,0.85,14776.0,United Kingdom
543736,85066,CREAM SWEETHEART MINI CHEST,2,2/11/2011 12:36,12.75,15044.0,United Kingdom
572513,84818,DANISH ROSE PHOTO FRAME,1,10/24/2011 14:36,0.79,16728.0,United Kingdom
557745,22715,CARD WEDDING DAY,12,6/22/2011 12:16,0.42,15750.0,United Kingdom
564855,22766,PHOTO FRAME CORNICE,8,8/31/2011 9:10,2.95,16746.0,United Kingdom
573340,22548,HEADS AND TAILS SPORTING FUN,2,10/30/2011 11:55,1.25,14159.0,United Kingdom
565730,21644,ASSORTED TUTTI FRUTTI HEART BOX,6,9/6/2011 12:02,1.25,14715.0,United Kingdom
562602,20718,RED RETROSPOT SHOPPER BAG,10,8/8/2011 10:11,1.25,12865.0,Austria
577302,22930,BAKING MOULD HEART MILK CHOCOLATE,1,11/18/2011 12:57,2.55,17904.0,United Kingdom
555728,22346,PARTY PIZZA DISH GREEN POLKADOT,6,6/6/2011 16:41,0.85,17252.0,United Kingdom
569238,21213,PACK OF 72 SKULL CAKE CASES,6,10/2/2011 15:52,0.55,17954.0,United Kingdom
553848,23109,LED TEA LIGHTS,24,5/19/2011 12:50,2.89,17364.0,United Kingdom
538630,22674,FRENCH TOILET SIGN BLUE METAL,12,12/13/2010 13:25,1.25,14565.0,United Kingdom
568382,22578,WOODEN STAR CHRISTMAS SCANDINAVIAN,24,9/27/2011 9:33,0.29,13499.0,United Kingdom
581438,23308,SET OF 60 VINTAGE LEAF CAKE CASES ,24,12/8/2011 16:29,0.55,12955.0,United Kingdom
572542,21915,RED  HARMONICA IN BOX ,12,10/24/2011 16:20,1.25,17272.0,United Kingdom
576876,85014A,BLACK/BLUE POLKADOT UMBRELLA,4,11/16/2011 16:42,5.95,16804.0,United Kingdom
538370,22112,CHOCOLATE HOT WATER BOTTLE,5,12/12/2010 11:06,4.95,16923.0,United Kingdom
555589,22417,PACK OF 60 SPACEBOY CAKE CASES,24,6/6/2011 9:36,0.55,12802.0,Netherlands
538208,22749,FELTCRAFT PRINCESS CHARLOTTE DOLL,1,12/10/2010 11:39,3.75,14037.0,United Kingdom
577527,22313,OFFICE MUG WARMER PINK,1,11/20/2011 13:40,2.95,17523.0,United Kingdom
566039,23422,PANTRY HOOK BALLOON WHISK ,12,9/8/2011 13:38,2.08,14223.0,United Kingdom
567892,22663,JUMBO BAG DOLLY GIRL DESIGN,10,9/22/2011 15:51,2.08,15394.0,United Kingdom
576778,23351,ROLL WRAP 50'S CHRISTMAS,3,11/16/2011 13:24,1.25,16085.0,United Kingdom
581476,21158,MOODY GIRL DOOR HANGER ,24,12/9/2011 8:48,0.39,12433.0,Norway
540278,21071,VINTAGE BILLBOARD DRINK ME MUG,6,1/6/2011 12:31,1.25,15719.0,United Kingdom
558751,22431,WATERING CAN BLUE ELEPHANT,2,7/3/2011 11:26,1.95,16009.0,United Kingdom
550631,22413,METAL SIGN TAKE IT OR LEAVE IT ,6,4/19/2011 14:51,2.95,15225.0,United Kingdom
549903,22262,FELT EGG COSY CHICKEN,10,4/12/2011 16:19,0.85,17576.0,United Kingdom
556571,21155,RED RETROSPOT PEG BAG,6,6/13/2011 13:13,2.55,13018.0,United Kingdom
563569,85014B,RED RETROSPOT UMBRELLA,3,8/17/2011 14:47,5.95,18257.0,United Kingdom
545289,22990,COTTON APRON PANTRY DESIGN,2,3/1/2011 11:55,4.95,14732.0,United Kingdom
541018,48173C,DOORMAT BLACK FLOCK ,2,1/13/2011 12:03,7.95,14978.0,United Kingdom
553184,22845,VINTAGE CREAM CAT FOOD CONTAINER,1,5/15/2011 12:33,6.35,13232.0,United Kingdom
548747,21937,STRAWBERRY   PICNIC BAG,5,4/4/2011 12:17,2.95,15223.0,United Kingdom
564632,22715,CARD WEDDING DAY,12,8/26/2011 11:58,0.42,16556.0,United Kingdom
579124,22163,HEART STRING MEMO HOLDER HANGING,24,11/28/2011 12:14,0.79,15721.0,United Kingdom
554707,84879,ASSORTED COLOUR BIRD ORNAMENT,40,5/26/2011 10:15,1.69,14101.0,United Kingdom
537868,22530,MAGIC DRAWING SLATE DOLLY GIRL ,24,12/8/2010 16:49,0.42,12433.0,Norway
567807,23148,MINIATURE ANTIQUE ROSE HOOK IVORY,10,9/22/2011 12:23,0.83,17027.0,United Kingdom
C550127,37449,CERAMIC CAKE STAND + HANGING CAKES,-1,4/14/2011 13:12,9.95,15212.0,United Kingdom
569017,22186,RED STAR CARD HOLDER,12,9/30/2011 9:22,1.95,13813.0,Germany
541970,22634,CHILDS BREAKFAST SET SPACEBOY ,2,1/24/2011 13:48,9.95,15179.0,United Kingdom
568692,22421,LIPSTICK PEN FUSCHIA,12,9/28/2011 14:48,0.42,13901.0,United Kingdom
563750,21650,ASSORTED TUTTI FRUTTI BRACELET,96,8/19/2011 10:18,0.19,16122.0,United Kingdom
581403,21930,JUMBO STORAGE BAG SKULLS,10,12/8/2011 13:46,2.08,13510.0,United Kingdom
C557522,23240,SET OF 4 KNICK KNACK TINS DOILEY ,-2,6/20/2011 17:23,4.15,17193.0,United Kingdom
569768,22568,FELTCRAFT CUSHION OWL,4,10/6/2011 11:27,3.75,13078.0,United Kingdom
576927,23280,FOLDING BUTTERFLY MIRROR HOT PINK ,12,11/17/2011 11:02,0.83,12567.0,France
537376,22569,FELTCRAFT CUSHION BUTTERFLY,24,12/6/2010 12:59,3.39,16722.0,United Kingdom
544294,22037,ROBOT BIRTHDAY CARD,12,2/17/2011 12:42,0.42,15601.0,United Kingdom
547102,21114,LAVENDER SCENTED FABRIC HEART,10,3/21/2011 10:41,1.25,14245.0,United Kingdom
573579,23535,WALL ART BICYCLE SAFETY,2,10/31/2011 14:19,5.95,15033.0,United Kingdom
558262,23289,DOLLY GIRL CHILDRENS BOWL,144,6/28/2011 8:45,1.05,14646.0,Netherlands
578817,84836,ZINC METAL HEART DECORATION,1,11/25/2011 13:45,1.25,16764.0,United Kingdom
561093,21770,OPEN CLOSED METAL SIGN,8,7/25/2011 10:01,4.95,12540.0,Spain
563848,23332,IVORY WICKER HEART LARGE,12,8/19/2011 14:57,1.65,14911.0,EIRE
568168,21636,MADRAS NOTEBOOK MEDIUM,9,9/25/2011 12:46,0.75,15799.0,United Kingdom
570030,23256,CHILDRENS CUTLERY SPACEBOY ,4,10/7/2011 10:44,4.15,12740.0,France
549317,22672,FRENCH BATHROOM SIGN BLUE METAL,12,4/8/2011 9:58,1.65,15109.0,United Kingdom
554788,22178,VICTORIAN GLASS HANGING T-LIGHT,12,5/26/2011 12:00,1.25,12987.0,United Kingdom
550290,22383,LUNCH BAG SUKI  DESIGN ,10,4/15/2011 14:45,1.65,15246.0,United Kingdom
575970,21929,JUMBO BAG PINK VINTAGE PAISLEY,2,11/13/2011 12:50,2.08,16416.0,United Kingdom
551471,84978,HANGING HEART JAR T-LIGHT HOLDER,3,4/28/2011 16:40,1.25,16370.0,United Kingdom
566018,22211,WOOD STAMP SET FLOWERS,1,9/8/2011 12:42,0.83,13137.0,United Kingdom
557279,22961,JAM MAKING SET PRINTED,6,6/19/2011 12:10,1.45,18077.0,United Kingdom
571939,23284,DOORMAT KEEP CALM AND COME IN,10,10/20/2011 9:40,7.08,16260.0,United Kingdom
562922,20726,LUNCH BAG WOODLAND,20,8/10/2011 14:26,1.65,12594.0,Italy
559306,22961,JAM MAKING SET PRINTED,12,7/7/2011 13:02,1.45,18236.0,United Kingdom
557776,23035,DRAWER KNOB CERAMIC IVORY,6,6/22/2011 15:07,1.45,14422.0,United Kingdom
539002,22834,HAND WARMER BABUSHKA DESIGN,4,12/15/2010 12:30,2.1,14527.0,United Kingdom
544177,21974,SET OF 36 PAISLEY FLOWER DOILIES,24,2/16/2011 14:27,1.45,13001.0,United Kingdom
548003,22698,PINK REGENCY TEACUP AND SAUCER,6,3/29/2011 10:39,2.95,18044.0,United Kingdom
542192,22415,WHITE TISSUE REAM,1,1/26/2011 11:27,7.95,14049.0,United Kingdom
570410,21975,PACK OF 60 DINOSAUR CAKE CASES,1,10/10/2011 13:04,0.55,16776.0,United Kingdom
561632,22509,SEWING BOX RETROSPOT DESIGN ,1,7/28/2011 14:30,16.95,15639.0,United Kingdom
572464,23356,LOVE HOT WATER BOTTLE,2,10/24/2011 13:08,5.95,17081.0,United Kingdom
575607,22737,RIBBON REEL CHRISTMAS PRESENT ,2,11/10/2011 12:37,3.29,14096.0,United Kingdom
537031,22774,RED DRAWER KNOB ACRYLIC EDWARDIAN,24,12/3/2010 16:45,1.25,16455.0,United Kingdom
545653,84946,ANTIQUE SILVER TEA GLASS ETCHED,1,3/4/2011 13:39,1.25,15311.0,United Kingdom
538653,21259,VICTORIAN SEWING BOX SMALL ,24,12/13/2010 15:12,4.95,13089.0,United Kingdom
549439,71053,WHITE METAL LANTERN,8,4/8/2011 12:42,3.75,13562.0,United Kingdom
542659,22333,RETROSPOT PARTY BAG + STICKER SET,16,1/31/2011 12:09,1.65,15738.0,United Kingdom
558262,22355,CHARLOTTE BAG SUKI DESIGN,100,6/28/2011 8:45,0.72,14646.0,Netherlands
566847,20719,WOODLAND CHARLOTTE BAG,5,9/15/2011 11:57,0.85,15005.0,United Kingdom
580667,23198,PANTRY MAGNETIC  SHOPPING LIST,1,12/5/2011 14:19,1.45,15031.0,United Kingdom
576326,23321,SMALL WHITE HEART OF WICKER,4,11/14/2011 15:18,1.65,16504.0,United Kingdom
559363,47566,PARTY BUNTING,4,7/8/2011 8:45,4.95,16091.0,United Kingdom
570672,22356,CHARLOTTE BAG PINK POLKADOT,20,10/11/2011 14:52,0.85,12536.0,France
551887,22630,DOLLY GIRL LUNCH BOX,12,5/5/2011 9:29,1.95,12593.0,France
560500,22611,VINTAGE UNION JACK SHOPPING BAG,2,7/19/2011 11:08,4.95,17975.0,United Kingdom
575141,23301,GARDENERS KNEELING PAD KEEP CALM ,12,11/8/2011 15:35,1.65,15615.0,United Kingdom
550284,22487,WHITE WOOD GARDEN PLANT LADDER,2,4/15/2011 14:10,9.95,12383.0,Belgium
566726,21930,JUMBO STORAGE BAG SKULLS,1,9/14/2011 13:12,2.08,15021.0,United Kingdom
574834,23284,DOORMAT KEEP CALM AND COME IN,8,11/7/2011 11:30,8.25,13139.0,United Kingdom
576543,23013,GLASS APOTHECARY BOTTLE TONIC,4,11/15/2011 12:50,3.95,13236.0,United Kingdom
581456,22964,3 PIECE SPACEBOY COOKIE CUTTER SET,2,12/8/2011 18:42,2.1,17530.0,United Kingdom
550191,21340,CLASSIC METAL BIRDCAGE PLANT HOLDER,2,4/14/2011 19:59,12.75,16806.0,United Kingdom
561969,22682,FRENCH BLUE METAL DOOR SIGN 7,3,8/1/2011 13:31,1.25,17757.0,United Kingdom
540504,82582,AREA PATROLLED METAL SIGN,3,1/9/2011 11:02,2.1,13668.0,United Kingdom
557023,21430,SET/3 RED GINGHAM ROSE STORAGE BOX,4,6/16/2011 13:04,3.75,16225.0,United Kingdom
569866,22602,RETROSPOT WOODEN HEART DECORATION,1,10/6/2011 14:50,0.85,12757.0,Portugal
555859,23076,ICE CREAM SUNDAE LIP GLOSS,24,6/7/2011 14:22,1.25,17987.0,United Kingdom
542080,POST,POSTAGE,5,1/25/2011 12:16,18.0,13815.0,Germany
568364,22669,RED BABY BUNTING ,5,9/26/2011 15:43,2.95,16999.0,United Kingdom
581164,22114,HOT WATER BOTTLE TEA AND SYMPATHY,3,12/7/2011 14:34,4.25,14395.0,United Kingdom
548255,22041,"RECORD FRAME 7"" SINGLE SIZE ",6,3/30/2011 10:46,2.55,13078.0,United Kingdom
581481,22785,SQUARECUSHION COVER PINK UNION JACK,12,12/9/2011 9:07,1.25,17490.0,United Kingdom
554375,22971,QUEENS GUARD COFFEE MUG,6,5/24/2011 11:29,2.55,18044.0,United Kingdom
537378,22595,CHRISTMAS GINGHAM HEART,36,12/6/2010 13:06,0.85,14911.0,EIRE
542862,72351B,SET/6 PINK  BUTTERFLY T-LIGHTS,1,2/1/2011 11:51,2.1,14606.0,United Kingdom
569702,20828,GLITTER BUTTERFLY CLIPS,6,10/5/2011 16:09,2.55,14396.0,United Kingdom
565416,21080,SET/20 RED RETROSPOT PAPER NAPKINS ,12,9/4/2011 12:00,0.85,12710.0,Germany
545398,84077,WORLD WAR 2 GLIDERS ASSTD DESIGNS,288,3/2/2011 11:43,0.21,13722.0,United Kingdom
569016,23328,SET 6 SCHOOL MILK BOTTLES IN CRATE,4,9/30/2011 9:20,3.75,14916.0,United Kingdom
569302,22386,JUMBO BAG PINK POLKADOT,2,10/3/2011 12:04,2.08,16205.0,United Kingdom
543022,22508,DOORSTOP RETROSPOT HEART,2,2/2/2011 14:37,3.75,16771.0,United Kingdom
564976,21447,12 IVORY ROSE PEG PLACE SETTINGS,24,8/31/2011 15:49,1.25,17315.0,United Kingdom
574544,22906,12 MESSAGE CARDS WITH ENVELOPES,60,11/4/2011 14:49,1.45,17084.0,United Kingdom
541631,22362,GLASS JAR PEACOCK BATH SALTS,6,1/20/2011 10:47,2.95,12637.0,France
580833,22138,BAKING SET 9 PIECE RETROSPOT ,1,12/6/2011 11:41,4.95,16764.0,United Kingdom
567622,21929,JUMBO BAG PINK VINTAGE PAISLEY,2,9/21/2011 12:46,2.08,14527.0,United Kingdom
538367,22616,PACK OF 12 LONDON TISSUES ,12,12/12/2010 10:48,0.29,14800.0,United Kingdom
547005,21700,BIG DOUGHNUT FRIDGE MAGNETS,12,3/18/2011 14:20,0.85,12474.0,Germany
569866,21484,CHICK GREY HOT WATER BOTTLE,4,10/6/2011 14:50,4.25,12757.0,Portugal
556719,22627,MINT KITCHEN SCALES,2,6/14/2011 11:21,8.5,17428.0,United Kingdom
563183,82578,KITCHEN METAL SIGN,12,8/12/2011 14:47,0.55,14110.0,United Kingdom
536856,22943,CHRISTMAS LIGHTS 10 VINTAGE BAUBLES,6,12/3/2010 10:26,4.95,13370.0,United Kingdom
553060,23107,WHITE HEARTS WIRE PLANT POT HOLDER,8,5/13/2011 10:44,2.89,15826.0,United Kingdom
566591,17012B,ORIGAMI JASMINE INCENSE/CANDLE SET,4,9/13/2011 14:53,0.85,16036.0,United Kingdom
579196,22891,TEA FOR ONE POLKADOT,2,11/28/2011 15:54,8.29,14096.0,United Kingdom
566601,22564,ALPHABET STENCIL CRAFT,1,9/13/2011 15:57,1.25,16469.0,United Kingdom
550280,21930,JUMBO STORAGE BAG SKULLS,10,4/15/2011 13:31,2.08,13048.0,United Kingdom
567211,85099F,JUMBO BAG STRAWBERRY,2,9/19/2011 11:02,2.08,14159.0,United Kingdom
557123,21034,REX CASH+CARRY JUMBO SHOPPER,1,6/16/2011 17:56,0.95,15555.0,United Kingdom
574861,22385,JUMBO BAG SPACEBOY DESIGN,1,11/7/2011 12:24,2.08,17368.0,United Kingdom
580523,22866,HAND WARMER SCOTTY DOG DESIGN,1,12/4/2011 15:00,2.1,17827.0,United Kingdom
573104,21533,RETROSPOT LARGE MILK JUG,3,10/27/2011 14:59,4.95,17652.0,United Kingdom
557328,22626,BLACK KITCHEN SCALES,1,6/20/2011 9:53,8.5,14646.0,Netherlands
564953,72349B,SET/6 PURPLE BUTTERFLY T-LIGHTS,48,8/31/2011 13:37,1.69,17588.0,United Kingdom
548496,22726,ALARM CLOCK BAKELIKE GREEN,8,3/31/2011 13:40,3.75,12678.0,France
538183,22748,POPPY'S PLAYHOUSE KITCHEN,6,12/10/2010 10:21,2.1,16265.0,United Kingdom
574544,20828,GLITTER BUTTERFLY CLIPS,4,11/4/2011 14:49,2.55,17084.0,United Kingdom
537086,22751,FELTCRAFT PRINCESS OLIVIA DOLL,12,12/5/2010 12:01,3.75,15332.0,Lithuania
581578,23205,CHARLOTTE BAG VINTAGE ALPHABET ,10,12/9/2011 12:16,0.85,12713.0,Germany
549746,22969,HOMEMADE JAM SCENTED CANDLES,96,4/12/2011 10:38,1.25,15251.0,United Kingdom
539002,21257,VICTORIAN SEWING BOX MEDIUM,1,12/15/2010 12:30,7.95,14527.0,United Kingdom
549933,23232,WRAP VINTAGE PETALS  DESIGN,25,4/13/2011 11:04,0.42,15230.0,United Kingdom
580501,23307,SET OF 60 PANTRY DESIGN CAKE CASES ,1,12/4/2011 13:00,0.55,14546.0,United Kingdom
561797,22384,LUNCH BAG PINK POLKADOT,30,7/29/2011 13:37,1.65,13178.0,United Kingdom
552469,22806,SET OF 6 T-LIGHTS WEDDING CAKE ,2,5/9/2011 15:34,2.95,12867.0,United Kingdom
554520,21063,PARTY INVITES JAZZ HEARTS,2,5/24/2011 17:03,0.85,17841.0,United Kingdom
564735,22845,VINTAGE CREAM CAT FOOD CONTAINER,1,8/28/2011 13:35,6.35,15856.0,United Kingdom
566274,23066,SMALL DECO JEWELLERY STAND,1,9/11/2011 13:58,8.25,13884.0,United Kingdom
572055,21217,RED RETROSPOT ROUND CAKE TINS,1,10/20/2011 12:34,9.95,17346.0,United Kingdom
574686,21382,SET/4 SPRING FLOWER DECORATION,2,11/6/2011 13:00,0.75,17608.0,United Kingdom
570671,23238,SET OF 4 KNICK KNACK TINS LONDON ,6,10/11/2011 14:51,4.15,16171.0,United Kingdom
564037,20727,LUNCH BAG  BLACK SKULL.,10,8/22/2011 12:26,1.65,14800.0,United Kingdom
537614,22467,GUMBALL COAT RACK,2,12/7/2010 13:29,2.55,16904.0,United Kingdom
565152,22745,POPPY'S PLAYHOUSE BEDROOM ,2,9/1/2011 14:42,2.1,17799.0,United Kingdom
551187,22379,RECYCLING BAG RETROSPOT ,50,4/27/2011 10:02,1.85,14911.0,EIRE
564216,22077,6 RIBBONS RUSTIC CHARM,12,8/24/2011 9:23,1.65,12642.0,Germany
566771,21992,VINTAGE PAISLEY STATIONERY SET,12,9/15/2011 9:34,1.25,15322.0,United Kingdom
569672,21972,SET OF 36 DINOSAUR PAPER DOILIES,1,10/5/2011 13:58,1.45,17841.0,United Kingdom
553547,20724,RED RETROSPOT CHARLOTTE BAG,10,5/17/2011 15:48,0.85,12474.0,Germany
549588,85017B,ENVELOPE 50 BLOSSOM IMAGES,12,4/11/2011 10:04,0.85,12428.0,Finland
579754,22141,CHRISTMAS CRAFT TREE TOP ANGEL,6,11/30/2011 14:52,2.1,17911.0,United Kingdom
560642,22461,SAVOY ART DECO CLOCK,10,7/20/2011 11:07,3.95,17866.0,United Kingdom
574684,23316,RED REFECTORY CLOCK ,2,11/6/2011 12:56,9.95,17581.0,United Kingdom
557136,20867,PINK ROSE FABRIC MIRROR,12,6/17/2011 9:23,1.25,14911.0,EIRE
555941,22434,BALLOON PUMP WITH 10 BALLOONS,16,6/8/2011 10:10,1.95,12726.0,France
575729,20724,RED RETROSPOT CHARLOTTE BAG,10,11/10/2011 19:49,0.85,17932.0,United Kingdom
546686,22326,ROUND SNACK BOXES SET OF4 WOODLAND ,6,3/16/2011 9:52,2.95,14636.0,United Kingdom
579161,22131,FOOD CONTAINER SET 3 LOVE HEART ,2,11/28/2011 13:56,1.95,17379.0,United Kingdom
548666,22212,FOUR HOOK  WHITE LOVEBIRDS,24,4/1/2011 14:58,2.1,13124.0,United Kingdom
541491,22972,CHILDREN'S SPACEBOY MUG,12,1/18/2011 14:04,1.65,12510.0,Spain
566186,21935,SUKI  SHOULDER BAG,10,9/9/2011 13:02,1.65,16603.0,United Kingdom
575206,23481,PEARLISED IVORY HEART SMALL ,24,11/9/2011 10:26,1.04,14298.0,United Kingdom
555845,10133,COLOURING PENCILS BROWN TUBE,30,6/7/2011 13:19,0.42,17015.0,United Kingdom
562560,23175,REGENCY MILK JUG PINK ,4,8/5/2011 17:12,3.25,14156.0,EIRE
536624,22725,ALARM CLOCK BAKELIKE CHOCOLATE,8,12/2/2010 10:45,3.75,13418.0,United Kingdom
561877,22197,POPCORN HOLDER,200,7/31/2011 12:16,0.72,16401.0,United Kingdom
548255,21519,GIN & TONIC DIET GREETING CARD ,12,3/30/2011 10:46,0.42,13078.0,United Kingdom
575634,22110,BIRD HOUSE HOT WATER BOTTLE,6,11/10/2011 13:44,2.55,13266.0,United Kingdom
578010,85099B,JUMBO BAG RED RETROSPOT,100,11/22/2011 12:50,2.04,15971.0,United Kingdom
576339,21028,NINJA RABBIT BLACK,2,11/14/2011 15:27,2.46,14096.0,United Kingdom
553911,21987,PACK OF 6 SKULL PAPER CUPS,4,5/19/2011 19:02,0.65,18168.0,United Kingdom
565122,21975,PACK OF 60 DINOSAUR CAKE CASES,12,9/1/2011 11:48,0.55,13069.0,United Kingdom
564656,21907,I'M ON HOLIDAY METAL SIGN,12,8/26/2011 14:40,2.1,14141.0,United Kingdom
574684,22386,JUMBO BAG PINK POLKADOT,30,11/6/2011 12:56,1.79,17581.0,United Kingdom
576638,21479,WHITE SKULL HOT WATER BOTTLE ,4,11/16/2011 9:35,4.25,13890.0,United Kingdom
C550647,22960,JAM MAKING SET WITH JARS,-6,4/19/2011 16:33,4.25,13134.0,United Kingdom
553411,21531,RED RETROSPOT SUGAR JAM BOWL,6,5/17/2011 9:28,2.55,12714.0,France
561879,22726,ALARM CLOCK BAKELIKE GREEN,4,7/31/2011 12:43,3.75,13722.0,United Kingdom
568104,22430,ENAMEL WATERING CAN CREAM,2,9/23/2011 15:50,4.95,16485.0,United Kingdom
560202,23019,SMALL APOTHECARY MEASURING JAR ,1,7/15/2011 13:10,8.25,12712.0,Germany
561502,85123A,WHITE HANGING HEART T-LIGHT HOLDER,6,7/27/2011 14:14,2.95,14305.0,United Kingdom
552886,22150,3 STRIPEY MICE FELTCRAFT,6,5/12/2011 10:18,1.95,16244.0,United Kingdom
575340,22730,ALARM CLOCK BAKELIKE IVORY,9,11/9/2011 14:31,3.75,15485.0,United Kingdom
572096,21618,4 WILDFLOWER BOTANICAL CANDLES,2,10/20/2011 15:20,1.25,16813.0,United Kingdom
546438,22926,IVORY GIANT GARDEN THERMOMETER,12,3/14/2011 9:59,5.95,15125.0,United Kingdom
573122,22505,MEMO BOARD COTTAGE DESIGN,3,10/27/2011 16:23,4.95,14357.0,United Kingdom
551152,84988,SET OF 72 PINK HEART PAPER DOILIES,5,4/26/2011 14:47,1.45,13230.0,United Kingdom
565397,23323,WHITE WICKER STAR ,2,9/2/2011 16:43,2.1,14171.0,United Kingdom
546034,22970,LONDON BUS COFFEE MUG,6,3/9/2011 9:44,2.55,14032.0,United Kingdom
546993,84580,MOUSE TOY WITH PINK T-SHIRT,4,3/18/2011 13:19,3.75,17921.0,United Kingdom
547969,21238,RED RETROSPOT CUP,4,3/28/2011 16:27,0.85,17238.0,United Kingdom
558073,23243,SET OF TEA COFFEE SUGAR TINS PANTRY,4,6/24/2011 16:21,4.95,13004.0,United Kingdom
C562375,22699,ROSES REGENCY TEACUP AND SAUCER ,-48,8/4/2011 14:46,2.55,14911.0,EIRE
577300,21900,"KEY FOB , SHED",1,11/18/2011 12:53,0.65,16924.0,United Kingdom
571463,23318,BOX OF 6 MINI VINTAGE CRACKERS,12,10/17/2011 14:23,2.49,16463.0,United Kingdom
569046,22296,HEART IVORY TRELLIS LARGE,12,9/30/2011 10:48,1.65,14422.0,United Kingdom
550478,20914,SET/5 RED RETROSPOT LID GLASS BOWLS,6,4/18/2011 14:01,2.95,15755.0,United Kingdom
569140,21212,PACK OF 72 RETROSPOT CAKE CASES,24,9/30/2011 14:59,0.55,14503.0,United Kingdom
539472,84558A,3D DOG PICTURE PLAYING CARDS,1,12/19/2010 14:23,2.95,15581.0,United Kingdom
581494,10125,MINI FUNKY DESIGN TAPES,20,12/9/2011 10:13,0.85,12518.0,Germany
567882,23214,JINGLE BELL HEART ANTIQUE GOLD,24,9/22/2011 15:03,2.08,12906.0,United Kingdom
546017,22296,HEART IVORY TRELLIS LARGE,12,3/8/2011 17:23,1.65,14507.0,United Kingdom
555921,21559,STRAWBERRY LUNCH BOX WITH CUTLERY,6,6/7/2011 16:42,2.55,15449.0,United Kingdom
570491,16169E,WRAP 50'S  CHRISTMAS,25,10/10/2011 17:26,0.42,14395.0,United Kingdom
573909,21329,DINOSAURS  WRITING SET ,1,11/1/2011 15:26,1.65,17813.0,United Kingdom
570680,23524,WALL ART HORSE & PONY ,4,10/11/2011 15:36,3.75,13969.0,United Kingdom
574476,21328,BALLOONS  WRITING SET ,2,11/4/2011 12:20,1.65,17203.0,United Kingdom
575856,23307,SET OF 60 PANTRY DESIGN CAKE CASES ,1,11/11/2011 12:28,0.55,16386.0,United Kingdom
553411,22437,SET OF 9 BLACK SKULL BALLOONS,20,5/17/2011 9:28,0.85,12714.0,France
560049,22653,BUTTON BOX ,10,7/14/2011 15:03,1.95,14857.0,United Kingdom
538157,22415,WHITE TISSUE REAM,2,12/9/2010 16:57,7.95,17576.0,United Kingdom
575959,23393,HOME SWEET HOME CUSHION COVER ,6,11/13/2011 12:27,3.75,14547.0,United Kingdom
549258,22982,PANTRY PASTRY BRUSH,12,4/7/2011 12:30,1.25,13102.0,United Kingdom
557745,72807B,SET/3 OCEAN SCENT CANDLE JEWEL BOX,2,6/22/2011 12:16,4.25,15750.0,United Kingdom
574336,23480,MINI LIGHTS WOODLAND MUSHROOMS,8,11/4/2011 9:52,3.75,12397.0,Belgium
568245,22469,HEART OF WICKER SMALL,12,9/26/2011 12:23,1.65,13867.0,United Kingdom
572650,20727,LUNCH BAG  BLACK SKULL.,2,10/25/2011 12:00,1.65,15506.0,United Kingdom
566027,84879,ASSORTED COLOUR BIRD ORNAMENT,8,9/8/2011 12:57,1.69,15618.0,United Kingdom
575742,22745,POPPY'S PLAYHOUSE BEDROOM ,12,11/11/2011 9:46,2.1,14309.0,United Kingdom
567675,23323,WHITE WICKER STAR ,7,9/21/2011 15:54,2.1,15351.0,United Kingdom
577106,21787,RAIN PONCHO RETROSPOT,2,11/17/2011 17:18,0.85,14456.0,United Kingdom
566440,23360,SET 8 CANDLES VINTAGE DOILY,12,9/12/2011 15:19,1.95,15755.0,United Kingdom
573100,22630,DOLLY GIRL LUNCH BOX,12,10/27/2011 14:49,1.95,17528.0,United Kingdom
578781,22197,POPCORN HOLDER,1,11/25/2011 11:54,0.85,15872.0,United Kingdom
556042,20726,LUNCH BAG WOODLAND,10,6/8/2011 12:44,1.65,14367.0,United Kingdom
549735,20726,LUNCH BAG WOODLAND,10,4/12/2011 8:42,1.65,13824.0,United Kingdom
545530,22355,CHARLOTTE BAG SUKI DESIGN,20,3/3/2011 13:45,0.85,17416.0,United Kingdom
562204,21194,PINK  HONEYCOMB PAPER FAN,1,8/3/2011 12:54,0.65,16324.0,United Kingdom
545933,22720,SET OF 3 CAKE TINS PANTRY DESIGN ,3,3/8/2011 12:04,4.95,13908.0,United Kingdom
579069,22371,AIRLINE BAG VINTAGE TOKYO 78,4,11/28/2011 10:31,4.25,14911.0,EIRE
565675,22721,SET OF 3 CAKE TINS SKETCHBOOK,6,9/6/2011 9:51,4.95,15513.0,United Kingdom
569457,84050,PINK HEART SHAPE EGG FRYING PAN,2,10/4/2011 11:29,1.65,14606.0,United Kingdom
579470,23366,SET 12 COLOURING PENCILS DOILY,2,11/29/2011 15:06,0.65,16549.0,United Kingdom
566345,22813,PACK 3 BOXES BIRD PANNETONE ,10,9/12/2011 12:27,1.95,17685.0,United Kingdom
565563,23169,CLASSIC GLASS COOKIE JAR,12,9/5/2011 12:18,4.15,14177.0,United Kingdom
539044,22874,NUMBER TILE COTTAGE GARDEN 6,6,12/15/2010 15:47,1.95,15727.0,United Kingdom
550327,23199,JUMBO BAG APPLES,10,4/17/2011 13:07,2.08,12878.0,United Kingdom
580716,22629,SPACEBOY LUNCH BOX ,12,12/5/2011 16:48,1.95,12367.0,Denmark
573576,23275,SET OF 3 HANGING OWLS OLLIE BEAK,1,10/31/2011 14:09,2.46,14096.0,United Kingdom
553476,22457,NATURAL SLATE HEART CHALKBOARD ,6,5/17/2011 11:41,2.95,14221.0,United Kingdom
570116,23329,DECORATIVE WICKER HEART LARGE,3,10/7/2011 12:38,1.65,12856.0,United Kingdom
564657,23102,SILVER HEARTS TABLE DECORATION,72,8/26/2011 14:44,0.72,14135.0,United Kingdom
568060,21181,PLEASE ONE PERSON METAL SIGN,8,9/23/2011 13:11,2.1,14546.0,United Kingdom
579941,21703,BAG 125g SWIRLY MARBLES,12,12/1/2011 10:31,0.42,16496.0,United Kingdom
568654,85014B,RED RETROSPOT UMBRELLA,6,9/28/2011 12:20,5.95,14911.0,EIRE
C549450,22637,PIGGY BANK RETROSPOT ,-4,4/8/2011 14:13,2.55,13089.0,United Kingdom
541712,21621,VINTAGE UNION JACK BUNTING,1,1/21/2011 11:19,8.5,17890.0,United Kingdom
543235,22926,IVORY GIANT GARDEN THERMOMETER,4,2/4/2011 13:30,5.95,14462.0,United Kingdom
552824,22723,SET OF 6 HERB TINS SKETCHBOOK,1,5/11/2011 13:16,3.95,14056.0,United Kingdom
547892,22726,ALARM CLOCK BAKELIKE GREEN,4,3/28/2011 10:15,3.75,12669.0,France
575840,21989,PACK OF 20 SKULL PAPER NAPKINS,2,11/11/2011 11:56,0.85,13137.0,United Kingdom
551517,22432,WATERING CAN PINK BUNNY,1,5/1/2011 11:14,1.95,16931.0,United Kingdom
577039,23229,VINTAGE DONKEY TAIL GAME ,6,11/17/2011 13:30,3.75,12539.0,Spain
554494,21658,GLASS  BEURRE DISH,1,5/24/2011 14:00,3.95,16327.0,United Kingdom
573166,22178,VICTORIAN GLASS HANGING T-LIGHT,24,10/28/2011 9:15,1.95,13089.0,United Kingdom
572650,23310,BUBBLEGUM RING ASSORTED,36,10/25/2011 12:00,0.42,15506.0,United Kingdom
576381,22197,POPCORN HOLDER,24,11/15/2011 9:26,0.85,12839.0,United Kingdom
574852,22698,PINK REGENCY TEACUP AND SAUCER,3,11/7/2011 12:04,2.95,15493.0,United Kingdom
565758,23033,DRAWER KNOB CERAMIC RED,3,9/6/2011 13:29,1.45,16928.0,United Kingdom
538057,22551,PLASTERS IN TIN SPACEBOY,24,12/9/2010 13:38,1.65,13102.0,United Kingdom
537598,22112,CHOCOLATE HOT WATER BOTTLE,6,12/7/2010 12:37,4.95,14135.0,United Kingdom
545906,22630,DOLLY GIRL LUNCH BOX,12,3/8/2011 9:23,1.95,15764.0,United Kingdom
564727,23237,SET OF 4 KNICK KNACK TINS LEAF,1,8/28/2011 12:31,4.15,16686.0,United Kingdom
556245,23103,JINGLE BELL HEART DECORATION,2,6/9/2011 16:10,1.65,17841.0,United Kingdom
555645,22894,TABLECLOTH RED APPLES DESIGN ,2,6/6/2011 13:31,9.95,18016.0,United Kingdom
553714,21714,CITRONELLA CANDLE GARDEN POT,6,5/18/2011 15:55,1.25,16987.0,United Kingdom
578914,21814,HEART T-LIGHT HOLDER ,12,11/27/2011 11:54,1.45,13782.0,United Kingdom
560555,21584,RETROSPOT SMALL TUBE MATCHES,1,7/19/2011 13:01,1.65,14178.0,United Kingdom
562733,23147,SINGLE ANTIQUE ROSE HOOK IVORY,12,8/9/2011 10:20,1.45,14626.0,United Kingdom
567929,20914,SET/5 RED RETROSPOT LID GLASS BOWLS,24,9/22/2011 17:31,2.95,12425.0,Portugal
572447,85099F,JUMBO BAG STRAWBERRY,4,10/24/2011 12:25,2.08,17811.0,United Kingdom
547358,21165,BEWARE OF THE CAT METAL SIGN ,1,3/22/2011 12:25,1.69,15998.0,United Kingdom
578852,23408,PHOTO FRAME LINEN AND LACE SMALL,1,11/27/2011 11:12,2.08,17841.0,United Kingdom
548993,22899,CHILDREN'S APRON DOLLY GIRL ,50,4/5/2011 13:56,1.85,12753.0,Japan
546030,21929,JUMBO BAG PINK VINTAGE PAISLEY,10,3/9/2011 8:59,1.95,14013.0,United Kingdom
536761,21527,RED RETROSPOT TRADITIONAL TEAPOT ,2,12/2/2010 14:30,7.95,13491.0,United Kingdom
580541,22274,FELTCRAFT DOLL EMILY,6,12/5/2011 9:03,2.95,15358.0,United Kingdom
575319,22992,REVOLVER WOODEN RULER ,12,11/9/2011 13:26,1.95,14836.0,United Kingdom
547670,84631,FRUIT TREE AND BIRDS WALL PLAQUE,2,3/24/2011 13:41,7.95,16769.0,United Kingdom
548176,22285,HANGING HEN ON NEST DECORATION,1,3/29/2011 14:20,1.65,13439.0,United Kingdom
549294,22760,"TRAY, BREAKFAST IN BED",1,4/7/2011 19:27,12.75,13230.0,United Kingdom
574826,23542,WALL ART 70'S ALPHABET ,1,11/7/2011 10:58,8.25,15870.0,United Kingdom
576213,22097,SWALLOW SQUARE TISSUE BOX,1,11/14/2011 12:47,0.39,18117.0,United Kingdom
569403,23233,WRAP POPPIES  DESIGN,25,10/4/2011 9:02,0.42,13319.0,United Kingdom
569026,21931,JUMBO STORAGE BAG SUKI,10,9/30/2011 10:18,2.08,16101.0,United Kingdom
539053,22629,SPACEBOY LUNCH BOX ,1,12/15/2010 16:32,1.95,16725.0,United Kingdom
566734,23424,GINGHAM RECIPE BOOK BOX,1,9/14/2011 14:09,4.95,16910.0,United Kingdom
564141,21934,SKULL SHOULDER BAG,1,8/23/2011 11:47,1.65,17841.0,United Kingdom
551192,22485,SET OF 2 WOODEN MARKET CRATES,2,4/27/2011 10:54,12.75,16188.0,United Kingdom
537421,84879,ASSORTED COLOUR BIRD ORNAMENT,8,12/6/2010 15:25,1.69,17218.0,United Kingdom
576864,22457,NATURAL SLATE HEART CHALKBOARD ,1,11/16/2011 16:06,2.95,12748.0,United Kingdom
572668,20727,LUNCH BAG  BLACK SKULL.,2,10/25/2011 13:07,1.65,18045.0,United Kingdom
574444,22197,POPCORN HOLDER,6,11/4/2011 11:41,0.85,18122.0,United Kingdom
575475,23209,LUNCH BAG VINTAGE DOILY ,10,11/9/2011 16:03,1.65,17702.0,United Kingdom
543507,21929,JUMBO BAG PINK VINTAGE PAISLEY,10,2/9/2011 10:49,1.95,15039.0,United Kingdom
576147,22750,FELTCRAFT PRINCESS LOLA DOLL,12,11/14/2011 10:49,3.75,16303.0,United Kingdom
564095,23080,RED METAL BOX TOP SECRET,2,8/23/2011 10:31,8.25,14930.0,Channel Islands
561382,20886,BOX OF 9 PEBBLE CANDLES,1,7/26/2011 17:27,1.95,16750.0,United Kingdom
576181,21507,ELEPHANT BIRTHDAY CARD ,12,11/14/2011 11:19,0.42,15572.0,United Kingdom
542425,22721,SET OF 3 CAKE TINS SKETCHBOOK,3,1/28/2011 9:20,4.95,12574.0,France
552710,22501,PICNIC BASKET WICKER LARGE,16,5/11/2011 7:35,8.5,13098.0,United Kingdom
555500,23203,JUMBO BAG DOILEY PATTERNS,2,6/3/2011 15:32,2.08,15508.0,United Kingdom
580045,22138,BAKING SET 9 PIECE RETROSPOT ,24,12/1/2011 12:39,4.25,13090.0,United Kingdom
567908,23439,HAND WARMER RED LOVE HEART,12,9/22/2011 16:48,2.1,18172.0,United Kingdom
539185,84536A,ENGLISH ROSE NOTEBOOK A7 SIZE,2,12/16/2010 11:53,0.42,16470.0,United Kingdom
554348,22969,HOMEMADE JAM SCENTED CANDLES,12,5/24/2011 8:49,1.45,13523.0,United Kingdom
558751,21564,PINK  HEART SHAPE LOVE BUCKET ,5,7/3/2011 11:26,2.95,16009.0,United Kingdom
555856,51014L,"FEATHER PEN,LIGHT PINK",12,6/7/2011 14:02,0.39,17124.0,United Kingdom
567184,35970,ZINC FOLKART SLEIGH BELLS,1,9/18/2011 15:41,1.69,16033.0,United Kingdom
554082,23154,SET OF 4 JAM JAR MAGNETS,12,5/22/2011 11:49,2.08,14878.0,United Kingdom
559981,22090,PAPER BUNTING RETROSPOT,6,7/14/2011 11:30,2.95,14562.0,United Kingdom
C544117,POST,POSTAGE,-1,2/16/2011 11:48,18.0,12727.0,France
550163,21715,GIRLS VINTAGE TIN SEASIDE BUCKET,8,4/14/2011 16:26,2.55,14154.0,United Kingdom
573937,23283,DOORMAT VINTAGE LEAF,2,11/2/2011 10:40,8.25,15830.0,United Kingdom
569008,20973,12 PENCIL SMALL TUBE WOODLAND,24,9/29/2011 18:53,0.65,15114.0,United Kingdom
540647,84879,ASSORTED COLOUR BIRD ORNAMENT,8,1/10/2011 14:57,1.69,17406.0,United Kingdom
577517,22728,ALARM CLOCK BAKELIKE PINK,1,11/20/2011 13:16,3.75,16710.0,United Kingdom
555004,20983,12 PENCILS TALL TUBE RED RETROSPOT,12,5/31/2011 9:37,0.85,13549.0,United Kingdom
545637,22988,SOLDIERS EGG CUP ,48,3/4/2011 12:16,1.25,15514.0,United Kingdom
575867,22603,CHRISTMAS RETROSPOT TREE WOOD,4,11/11/2011 12:44,0.85,15034.0,United Kingdom
555845,21899,"KEY FOB , GARAGE DESIGN",4,6/7/2011 13:19,0.65,17015.0,United Kingdom
571461,35924,HANGING FAIRY CAKE DECORATION,2,10/17/2011 14:12,2.1,16932.0,United Kingdom
570664,21818,GLITTER HEART DECORATION,10,10/11/2011 14:21,0.39,16362.0,United Kingdom
539551,22331,WOODLAND PARTY BAG + STICKER SET,8,12/20/2010 11:38,1.65,12721.0,France
566018,85185B,PINK HORSE SOCK PUPPET,1,9/8/2011 12:42,2.95,13137.0,United Kingdom
576351,23437, 50'S CHRISTMAS GIFT BAG LARGE,20,11/14/2011 15:51,1.25,17235.0,United Kingdom
550835,22228,BUNNY WOODEN PAINTED WITH BIRD ,4,4/21/2011 10:52,0.85,15034.0,United Kingdom
547418,23177,TREASURE ISLAND BOOK BOX,1,3/23/2011 10:25,2.25,13148.0,United Kingdom
573343,20974,12 PENCILS SMALL TUBE SKULL,4,10/30/2011 11:59,0.65,13566.0,United Kingdom
580399,21903,MAN FLU METAL SIGN,3,12/4/2011 11:45,2.1,13471.0,United Kingdom
540021,22179,SET 10 LIGHTS NIGHT OWL,3,1/4/2011 12:51,6.75,17841.0,United Kingdom
551152,84974,S/2 ZINC HEART DESIGN PLANTERS,1,4/26/2011 14:47,9.95,13230.0,United Kingdom
547240,22993,SET OF 4 PANTRY JELLY MOULDS,4,3/21/2011 16:32,1.25,17585.0,United Kingdom
562163,22558,CLOTHES PEGS RETROSPOT PACK 24 ,12,8/3/2011 12:06,1.65,15628.0,United Kingdom
579503,21929,JUMBO BAG PINK VINTAGE PAISLEY,1,11/29/2011 16:23,2.08,17097.0,Spain
570423,21935,SUKI  SHOULDER BAG,1,10/10/2011 13:38,1.65,14451.0,United Kingdom
572887,21131,GOLD STANDING GNOME,4,10/26/2011 13:47,4.25,12362.0,Belgium
566315,21977,PACK OF 60 PINK PAISLEY CAKE CASES,24,9/12/2011 10:01,0.55,15392.0,United Kingdom
557770,23012,GLASS APOTHECARY BOTTLE PERFUME,4,6/22/2011 14:41,3.95,14643.0,United Kingdom
573311,21441,BLUE BIRDHOUSE DECORATION,3,10/28/2011 16:45,0.85,14071.0,United Kingdom
537369,85036A,GARDENIA 1 WICK MORRIS BOXED CANDLE,1,12/6/2010 12:41,4.25,17860.0,United Kingdom
567477,21154,RED RETROSPOT OVEN GLOVE ,8,9/20/2011 13:20,1.25,16327.0,United Kingdom
539840,21703,BAG 125g SWIRLY MARBLES,12,12/22/2010 14:28,0.42,12383.0,Belgium
571429,22138,BAKING SET 9 PIECE RETROSPOT ,1,10/17/2011 12:50,4.95,15335.0,United Kingdom
544934,22083,PAPER CHAIN KIT RETROSPOT,6,2/25/2011 9:01,2.95,13345.0,United Kingdom
545290,22386,JUMBO BAG PINK POLKADOT,10,3/1/2011 12:01,1.95,14688.0,United Kingdom
557892,22908,PACK OF 20 NAPKINS RED APPLES,2,6/23/2011 14:11,0.85,14534.0,United Kingdom
C560409,21755,LOVE BUILDING BLOCK WORD,-3,7/18/2011 14:24,5.95,16717.0,United Kingdom
568577,23289,DOLLY GIRL CHILDRENS BOWL,8,9/28/2011 9:41,1.25,15301.0,United Kingdom
551954,20839,FRENCH PAISLEY CUSHION COVER ,6,5/5/2011 12:13,0.85,14515.0,United Kingdom
550280,22457,NATURAL SLATE HEART CHALKBOARD ,4,4/15/2011 13:31,2.95,13048.0,United Kingdom
565309,22352,LUNCH BOX WITH CUTLERY RETROSPOT ,60,9/2/2011 12:25,2.1,15311.0,United Kingdom
538903,22460,EMBOSSED GLASS TEALIGHT HOLDER,12,12/15/2010 10:17,1.25,13496.0,United Kingdom
547963,22794,SWEETHEART WIRE MAGAZINE RACK,2,3/28/2011 15:42,7.95,13037.0,United Kingdom
569738,84029G,KNITTED UNION FLAG HOT WATER BOTTLE,4,10/6/2011 10:48,4.25,13013.0,United Kingdom
559370,22037,ROBOT BIRTHDAY CARD,12,7/8/2011 10:01,0.42,17042.0,United Kingdom
554096,21716,BOYS VINTAGE TIN SEASIDE BUCKET,8,5/22/2011 12:51,2.55,14921.0,United Kingdom
549059,21928,JUMBO BAG SCANDINAVIAN BLUE PAISLEY,1,4/6/2011 10:46,2.08,15529.0,United Kingdom
551688,22499,WOODEN UNION JACK BUNTING,6,5/3/2011 13:31,5.95,14107.0,United Kingdom
543463,22361,GLASS JAR DAISY FRESH COTTON WOOL,1,2/8/2011 14:06,2.95,15311.0,United Kingdom
566248,22112,CHOCOLATE HOT WATER BOTTLE,3,9/11/2011 12:06,4.95,13272.0,United Kingdom
575756,20751,FUNKY WASHING UP GLOVES ASSORTED,2,11/11/2011 10:48,2.1,18118.0,United Kingdom
540480,85014B,RED RETROSPOT UMBRELLA,3,1/7/2011 15:27,5.95,12480.0,Germany
551438,21986,PACK OF 12 PINK POLKADOT TISSUES,72,4/28/2011 15:23,0.29,13408.0,United Kingdom
546765,21086,SET/6 RED SPOTTY PAPER CUPS,36,3/16/2011 14:37,0.65,12437.0,France
571284,21166,COOK WITH WINE METAL SIGN ,5,10/16/2011 14:07,2.08,14562.0,United Kingdom
569358,23559,WOODLAND BUNNIES LOLLY MAKERS,6,10/3/2011 14:53,2.08,18257.0,United Kingdom
544651,22059,CERAMIC STRAWBERRY DESIGN MUG,96,2/22/2011 12:51,1.25,13694.0,United Kingdom
555737,20726,LUNCH BAG WOODLAND,10,6/7/2011 9:19,1.65,16153.0,United Kingdom
571653,23223,CHRISTMAS TREE HANGING SILVER ,24,10/18/2011 12:17,0.72,14298.0,United Kingdom
570482,22616,PACK OF 12 LONDON TISSUES ,1,10/10/2011 17:00,0.39,17459.0,United Kingdom
547251,22055,MINI CAKE STAND  HANGING STRAWBERY,8,3/22/2011 9:43,1.65,17865.0,United Kingdom
C551329,21870,I CAN ONLY PLEASE ONE PERSON MUG,-12,4/27/2011 16:13,1.25,14626.0,United Kingdom
564851,21901,"KEY FOB , BACK DOOR ",2,8/30/2011 16:53,0.65,13183.0,United Kingdom
565388,23339,EGG FRYING PAN BLUE ,1,9/2/2011 15:56,2.08,14415.0,United Kingdom
550136,22432,WATERING CAN PINK BUNNY,12,4/14/2011 13:56,1.95,16957.0,United Kingdom
571214,23355,HOT WATER BOTTLE KEEP CALM,4,10/14/2011 12:56,4.95,14390.0,United Kingdom
578074,21328,BALLOONS  WRITING SET ,1,11/22/2011 16:06,1.65,17590.0,United Kingdom
568321,22082,RIBBON REEL STRIPES DESIGN ,10,9/26/2011 13:36,1.65,13639.0,United Kingdom
581114,84968D,SET OF 16 VINTAGE RED CUTLERY,1,12/7/2011 12:19,12.75,14527.0,United Kingdom
550457,48185,DOORMAT FAIRY CAKE,10,4/18/2011 13:12,6.75,13798.0,United Kingdom
554081,23202,JUMBO BAG VINTAGE LEAF,10,5/22/2011 11:47,1.95,13227.0,United Kingdom
537793,22384,LUNCH BAG PINK POLKADOT,4,12/8/2010 12:57,1.65,15032.0,United Kingdom
562581,23298,SPOTTY BUNTING,4,8/7/2011 13:43,4.95,15860.0,United Kingdom
581425,84707B,PINK JEWELLED MIRROR TRINKET TRAY,2,12/8/2011 15:31,1.95,14796.0,United Kingdom
557442,22747,POPPY'S PLAYHOUSE BATHROOM,1,6/20/2011 12:53,2.1,14808.0,United Kingdom
576672,22745,POPPY'S PLAYHOUSE BEDROOM ,12,11/16/2011 11:59,2.1,12731.0,France
537395,22952,60 CAKE CASES VINTAGE CHRISTMAS,1,12/6/2010 14:05,0.55,15356.0,United Kingdom
541800,21531,RED RETROSPOT SUGAR JAM BOWL,6,1/21/2011 14:38,2.55,15235.0,United Kingdom
548860,22997,TRAVEL CARD WALLET UNION JACK,1,4/4/2011 13:38,0.42,13263.0,United Kingdom
573100,23389,SPACEBOY MINI BACKPACK,4,10/27/2011 14:49,4.15,17528.0,United Kingdom
553221,21441,BLUE BIRDHOUSE DECORATION,12,5/16/2011 9:58,0.85,16607.0,United Kingdom
554842,22469,HEART OF WICKER SMALL,12,5/26/2011 18:17,1.65,14740.0,United Kingdom
557854,21166,COOK WITH WINE METAL SIGN ,2,6/23/2011 11:38,2.08,13268.0,United Kingdom
540258,20914,SET/5 RED RETROSPOT LID GLASS BOWLS,96,1/6/2011 8:52,2.55,14045.0,United Kingdom
543910,84596E,SMALL LICORICE DES PINK BOWL,8,2/14/2011 12:36,1.25,13475.0,United Kingdom
576071,23500,KEY RING BASEBALL BOOT ASSORTED ,4,11/13/2011 16:03,1.25,18069.0,United Kingdom
563572,23254,CHILDRENS CUTLERY DOLLY GIRL ,1,8/17/2011 15:00,4.15,16734.0,United Kingdom
553408,84661A,WHITE SQUARE TABLE CLOCK,6,5/17/2011 9:13,2.55,13976.0,United Kingdom
537049,22834,HAND WARMER BABUSHKA DESIGN,12,12/5/2010 11:04,2.1,16241.0,United Kingdom
557954,22720,SET OF 3 CAKE TINS PANTRY DESIGN ,4,6/23/2011 18:44,4.95,15023.0,United Kingdom
568558,22113,GREY HEART HOT WATER BOTTLE,3,9/27/2011 16:28,4.25,16354.0,United Kingdom
560603,21481,FAWN BLUE HOT WATER BOTTLE,6,7/20/2011 8:59,2.95,18180.0,United Kingdom
573387,22998,TRAVEL CARD WALLET KEEP CALM,1,10/30/2011 14:33,0.42,15054.0,United Kingdom
576607,22564,ALPHABET STENCIL CRAFT,12,11/15/2011 15:42,1.25,12474.0,Germany
540260,22843,BISCUIT TIN VINTAGE GREEN,2,1/6/2011 9:40,6.75,13097.0,United Kingdom
556102,22333,RETROSPOT PARTY BAG + STICKER SET,8,6/8/2011 16:15,1.65,13115.0,United Kingdom
576228,82486,3 DRAWER ANTIQUE WHITE WOOD CABINET,2,11/14/2011 13:12,8.95,15033.0,United Kingdom
573399,90058B,CRYSTAL STUD EARRINGS ASSORTED COL ,36,10/30/2011 15:35,0.38,13949.0,United Kingdom
568527,23208,LUNCH BAG VINTAGE LEAF DESIGN,10,9/27/2011 13:21,1.65,13178.0,United Kingdom
579196,22939,ADULT APRON APPLE DELIGHT,2,11/28/2011 15:54,10.79,14096.0,United Kingdom
568698,20712,JUMBO BAG WOODLAND ANIMALS,10,9/28/2011 14:57,2.08,14911.0,EIRE
557426,23050,RECYCLED ACAPULCO MAT GREEN,1,6/20/2011 12:06,8.25,15016.0,United Kingdom
565426,23236,STORAGE TIN VINTAGE DOILY ,2,9/4/2011 12:41,2.89,12851.0,United Kingdom
571408,23109,PACK OF SIX LED TEA LIGHTS,1,10/17/2011 12:22,2.89,15012.0,United Kingdom
558124,23199,JUMBO BAG APPLES,10,6/27/2011 10:17,2.08,12493.0,France
547910,22664,TOY TIDY DOLLY GIRL DESIGN,2,3/28/2011 12:23,2.1,14159.0,United Kingdom
564726,22988,SOLDIERS EGG CUP ,12,8/28/2011 12:29,1.25,18077.0,United Kingdom
574743,23582,VINTAGE DOILY JUMBO BAG RED ,1,11/6/2011 16:14,2.08,15351.0,United Kingdom
571030,23176,ABC TREASURE BOOK BOX ,8,10/13/2011 12:26,2.25,12876.0,Belgium
572203,23343,JUMBO BAG VINTAGE CHRISTMAS ,10,10/21/2011 12:05,2.08,17068.0,United Kingdom
541302,22113,GREY HEART HOT WATER BOTTLE,4,1/17/2011 14:18,3.75,13769.0,United Kingdom
577519,22910,PAPER CHAIN KIT VINTAGE CHRISTMAS,18,11/20/2011 13:20,2.95,15044.0,United Kingdom
575681,23461,SWEETHEART BIRD HOUSE,1,11/10/2011 15:32,4.15,16903.0,United Kingdom
542006,21034,REX CASH+CARRY JUMBO SHOPPER,3,1/25/2011 11:20,0.95,15218.0,United Kingdom
541215,22854,CREAM SWEETHEART EGG HOLDER,8,1/14/2011 13:42,4.95,14329.0,United Kingdom
563241,22051,BLUE SCANDINAVIAN PAISLEY WRAP,25,8/15/2011 10:22,0.42,12758.0,Portugal
536975,22705,WRAP GREEN PEARS ,25,12/3/2010 14:04,0.42,14911.0,EIRE
540099,21216,"SET 3 RETROSPOT TEA,COFFEE,SUGAR",4,1/4/2011 16:41,4.95,15808.0,United Kingdom
565230,22624,IVORY KITCHEN SCALES,2,9/2/2011 9:24,8.5,16705.0,United Kingdom
561877,21558,SKULL LUNCH BOX WITH CUTLERY ,4,7/31/2011 12:16,2.55,16401.0,United Kingdom
566922,23337,EGG FRYING PAN MINT ,6,9/15/2011 14:58,2.08,16156.0,United Kingdom
563354,22093,MOTORING TISSUE BOX,1,8/15/2011 14:35,0.39,15271.0,United Kingdom
569533,22621,TRADITIONAL KNITTING NANCY,2,10/4/2011 15:21,1.65,16374.0,United Kingdom
561096,23200,JUMBO BAG PEARS,10,7/25/2011 10:28,2.08,16099.0,United Kingdom
539030,22457,NATURAL SLATE HEART CHALKBOARD ,12,12/15/2010 14:25,2.95,13089.0,United Kingdom
553931,22852,DOG BOWL VINTAGE CREAM,4,5/20/2011 10:27,4.25,14911.0,EIRE
541518,85099B,JUMBO BAG RED RETROSPOT,20,1/19/2011 9:05,1.95,12451.0,Switzerland
565488,21851,LILAC DIAMANTE PEN IN GIFT BOX,3,9/5/2011 11:38,4.95,15307.0,United Kingdom
540994,21059,PARTY INVITES DINOSAURS,12,1/13/2011 9:29,0.85,13089.0,United Kingdom
556302,22144,CHRISTMAS CRAFT LITTLE FRIENDS,80,6/10/2011 10:24,1.85,15267.0,United Kingdom
578020,22423,REGENCY CAKESTAND 3 TIER,2,11/22/2011 13:20,12.75,16979.0,United Kingdom
573008,22960,JAM MAKING SET WITH JARS,4,10/27/2011 12:26,3.75,12901.0,United Kingdom
557070,22170,PICTURE FRAME WOOD TRIPLE PORTRAIT,4,6/16/2011 15:28,6.75,14755.0,United Kingdom
557065,23190,BUNDLE OF 3 SCHOOL EXERCISE BOOKS  ,12,6/16/2011 15:08,1.65,17157.0,United Kingdom
577855,21989,PACK OF 20 SKULL PAPER NAPKINS,2,11/22/2011 11:18,0.85,15877.0,United Kingdom
580981,22578,WOODEN STAR CHRISTMAS SCANDINAVIAN,12,12/6/2011 16:02,0.29,16201.0,United Kingdom
546991,21224,SET/4 SKULL BADGES,6,3/18/2011 13:08,1.25,12748.0,United Kingdom
544657,22509,SEWING BOX RETROSPOT DESIGN ,1,2/22/2011 13:08,16.95,14895.0,United Kingdom
573380,23234,BISCUIT TIN VINTAGE CHRISTMAS,2,10/30/2011 14:04,2.89,14572.0,United Kingdom
557008,84879,ASSORTED COLOUR BIRD ORNAMENT,8,6/16/2011 11:38,1.69,16729.0,United Kingdom
575495,23371,SET 36 COLOUR PENCILS SPACEBOY ,16,11/10/2011 9:09,1.25,14944.0,United Kingdom
538945,22197,SMALL POPCORN HOLDER,100,12/15/2010 11:22,0.72,17230.0,United Kingdom
580645,23193,BUFFALO BILL TREASURE BOOK BOX,388,12/5/2011 13:11,1.95,17857.0,United Kingdom
573122,71459,HANGING JAM JAR T-LIGHT HOLDERS,12,10/27/2011 16:23,0.85,14357.0,United Kingdom
546117,84306,S/3 PINK SQUARE PLANTERS ROSES,1,3/9/2011 13:56,10.95,16771.0,United Kingdom
556056,23180,MUM'S KITCHEN CLOCK,1,6/8/2011 13:35,4.95,17841.0,United Kingdom
571054,17012D,ORIGAMI ROSE INCENSE/CANDLE SET ,1,10/13/2011 13:58,0.85,14234.0,United Kingdom
549526,21714,CITRONELLA CANDLE GARDEN POT,12,4/8/2011 15:49,1.25,13630.0,United Kingdom
542578,21891,TRADITIONAL WOODEN SKIPPING ROPE,12,1/28/2011 14:57,1.25,13709.0,United Kingdom
564803,23083,SET 6 PAPER TABLE LANTERN STARS ,18,8/30/2011 11:32,3.75,13870.0,United Kingdom
543463,82599,FANNY'S REST STOPMETAL SIGN,3,2/8/2011 14:06,2.1,15311.0,United Kingdom
551531,84926F,PSYCHEDELIC TILE COASTER,12,5/1/2011 13:45,1.25,15376.0,United Kingdom
572932,84945,MULTI COLOUR SILVER T-LIGHT HOLDER,12,10/27/2011 10:14,0.85,15791.0,United Kingdom
574311,22952,60 CAKE CASES VINTAGE CHRISTMAS,24,11/3/2011 16:56,0.55,15640.0,United Kingdom
540180,22168,ORGANISER WOOD ANTIQUE WHITE ,1,1/5/2011 13:05,8.5,15984.0,United Kingdom
559302,23288,GREEN VINTAGE SPOT BEAKER,2,7/7/2011 12:47,0.85,14527.0,United Kingdom
545660,21911,GARDEN METAL SIGN ,2,3/4/2011 14:28,1.65,17191.0,United Kingdom
552278,82482,WOODEN PICTURE FRAME WHITE FINISH,4,5/8/2011 12:36,2.55,15059.0,United Kingdom
537781,20749,ASSORTED COLOUR MINI CASES,1,12/8/2010 12:46,7.95,17341.0,United Kingdom
548361,22993,SET OF 4 PANTRY JELLY MOULDS,12,3/30/2011 15:38,1.25,16092.0,United Kingdom
581196,22489,PACK OF 12 TRADITIONAL CRAYONS,24,12/7/2011 17:25,0.42,12935.0,United Kingdom
554986,85183B,CHARLIE & LOLA WASTEPAPER BIN FLORA,4,5/29/2011 12:35,1.25,14451.0,United Kingdom
580661,22810,SET OF 6 T-LIGHTS SNOWMEN,2,12/5/2011 13:52,2.95,17218.0,United Kingdom
549729,85188A,GREEN METAL SWINGING BUNNY,2,4/11/2011 16:17,0.85,13634.0,United Kingdom
549831,22960,JAM MAKING SET WITH JARS,6,4/12/2011 13:10,4.25,14844.0,United Kingdom
537446,46000M,POLYESTER FILLER PAD 45x45cm,2,12/7/2010 9:13,1.55,18055.0,United Kingdom
568576,23024,LARGE BONNE JAM JAR  T-LIGHT HOLDER,36,9/28/2011 9:40,2.49,17017.0,United Kingdom
574826,22086,PAPER CHAIN KIT 50'S CHRISTMAS ,1,11/7/2011 10:58,2.95,15870.0,United Kingdom
563429,85099B,JUMBO BAG RED RETROSPOT,10,8/16/2011 11:48,2.08,13999.0,United Kingdom
572274,23029,DRAWER KNOB CRACKLE GLAZE GREEN,6,10/21/2011 16:48,1.65,14031.0,United Kingdom
577058,22438,BALLOON ART MAKE YOUR OWN FLOWERS,1,11/17/2011 14:29,1.95,18122.0,United Kingdom
550710,82551,LAUNDRY 15C METAL SIGN,96,4/20/2011 11:05,1.7,17450.0,United Kingdom
561911,22989,SET 2 PANTRY DESIGN TEA TOWELS,6,8/1/2011 10:26,3.25,12534.0,Germany
C563363,21579,LOLITA  DESIGN  COTTON TOTE BAG,-6,8/15/2011 16:20,2.25,15342.0,United Kingdom
567944,22866,HAND WARMER SCOTTY DOG DESIGN,4,9/22/2011 19:54,2.1,14562.0,United Kingdom
565759,22326,ROUND SNACK BOXES SET OF4 WOODLAND ,6,9/6/2011 13:46,2.95,12720.0,Germany
545591,22381,TOY TIDY PINK POLKADOT,5,3/4/2011 10:28,2.1,17581.0,United Kingdom
564958,22629,SPACEBOY LUNCH BOX ,24,8/31/2011 13:56,1.95,13089.0,United Kingdom
550512,22788,BROCANTE COAT RACK,1,4/18/2011 16:31,9.95,18069.0,United Kingdom
576228,22306,SILVER MUG BONE CHINA TREE OF LIFE,6,11/14/2011 13:12,1.06,15033.0,United Kingdom
562222,23052,RECYCLED ACAPULCO MAT TURQUOISE,2,8/3/2011 14:33,8.25,18073.0,United Kingdom
566194,82583,HOT BATHS METAL SIGN,1,9/9/2011 13:42,2.1,14711.0,United Kingdom
568952,21506,"FANCY FONT BIRTHDAY CARD, ",12,9/29/2011 15:29,0.42,14305.0,United Kingdom
577598,23368,SET 12 COLOUR PENCILS DOLLY GIRL ,16,11/21/2011 8:19,0.65,13430.0,United Kingdom
546215,20728,LUNCH BAG CARS BLUE,4,3/10/2011 11:52,1.65,14713.0,United Kingdom
554999,20754,RETROSPOT RED WASHING UP GLOVES,2,5/29/2011 15:44,2.1,15547.0,United Kingdom
559062,21096,SET/6 FRUIT SALAD  PAPER PLATES,24,7/6/2011 10:09,0.39,13253.0,United Kingdom
579943,84879,ASSORTED COLOUR BIRD ORNAMENT,8,12/1/2011 10:38,1.69,13040.0,United Kingdom
564199,21733,RED HANGING HEART T-LIGHT HOLDER,1,8/23/2011 17:31,2.95,13263.0,United Kingdom
565673,23323,WHITE WICKER STAR ,12,9/6/2011 9:45,2.1,14441.0,United Kingdom
560727,23296,SET OF 6 TEA TIME BAKING CASES,8,7/20/2011 14:33,1.25,13571.0,United Kingdom
559606,22277,COSMETIC BAG VINTAGE ROSE PAISLEY,1,7/11/2011 11:38,2.1,14606.0,United Kingdom
548912,23176,ABC TREASURE BOOK BOX ,8,4/5/2011 9:32,2.25,16586.0,United Kingdom
C546865,22697,GREEN REGENCY TEACUP AND SAUCER,-1,3/17/2011 15:46,2.95,14226.0,United Kingdom
568593,82482,WOODEN PICTURE FRAME WHITE FINISH,6,9/28/2011 10:54,2.95,13988.0,United Kingdom
555651,23056,FLOWERS CHANDELIER T-LIGHT HOLDER,5,6/6/2011 14:02,6.25,17361.0,United Kingdom
579407,22940,FELTCRAFT CHRISTMAS FAIRY,12,11/29/2011 12:32,4.25,13657.0,United Kingdom
580460,22818,CARD CHRISTMAS VILLAGE,12,12/4/2011 12:29,0.42,12748.0,United Kingdom
561036,22727,ALARM CLOCK BAKELIKE RED ,1,7/24/2011 11:54,3.75,13137.0,United Kingdom
567653,22390,PAPERWEIGHT CHILDHOOD MEMORIES,6,9/21/2011 14:35,2.55,12550.0,Spain
549120,21901,"KEY FOB , BACK DOOR ",2,4/6/2011 13:28,0.65,14587.0,United Kingdom
541414,21181,PLEASE ONE PERSON METAL SIGN,1,1/17/2011 16:14,2.1,18212.0,United Kingdom
577174,23264,SET OF 3 WOODEN SLEIGH DECORATIONS,2,11/18/2011 10:58,1.25,17841.0,United Kingdom
544286,22624,IVORY KITCHEN SCALES,1,2/17/2011 12:29,8.5,13151.0,United Kingdom
555496,22428,ENAMEL FIRE BUCKET CREAM,6,6/3/2011 14:44,6.95,15405.0,United Kingdom
576779,21558,SKULL LUNCH BOX WITH CUTLERY ,2,11/16/2011 13:25,2.55,14554.0,United Kingdom
555368,22193,RED DINER WALL CLOCK,2,6/2/2011 14:30,8.5,13437.0,United Kingdom
553184,21976,PACK OF 60 MUSHROOM CAKE CASES,1,5/15/2011 12:33,0.55,13232.0,United Kingdom
561915,21874,GIN AND TONIC MUG,6,8/1/2011 11:23,1.25,14408.0,United Kingdom
552285,22755,SMALL PURPLE BABUSHKA NOTEBOOK ,2,5/8/2011 12:58,0.85,14684.0,United Kingdom
575733,20749,ASSORTED COLOUR MINI CASES,2,11/11/2011 8:33,7.95,13810.0,Germany
541223,20669,RED HEART LUGGAGE TAG,1,1/14/2011 14:39,1.25,17954.0,United Kingdom
569249,23241,TREASURE TIN GYMKHANA DESIGN,6,10/3/2011 10:15,2.08,14092.0,United Kingdom
560590,85053,FRENCH ENAMEL CANDLEHOLDER,6,7/19/2011 15:55,2.1,12560.0,Germany
577480,82484,WOOD BLACK BOARD ANT WHITE FINISH,1,11/20/2011 11:37,7.95,14525.0,United Kingdom
569521,22456,NATURAL SLATE CHALKBOARD LARGE ,6,10/4/2011 14:33,4.95,16474.0,United Kingdom
541839,22906,12 MESSAGE CARDS WITH ENVELOPES,14,1/23/2011 11:15,1.65,17769.0,United Kingdom
542216,22908,PACK OF 20 NAPKINS RED APPLES,12,1/26/2011 12:29,0.85,14911.0,EIRE
561897,21894,POTTING SHED SEED ENVELOPES,2,7/31/2011 15:24,1.25,17841.0,United Kingdom
579692,22628,PICNIC BOXES SET OF 3 RETROSPOT ,16,11/30/2011 14:05,4.95,12433.0,Norway
562354,22189,CREAM HEART CARD HOLDER,4,8/4/2011 13:15,3.95,17470.0,United Kingdom
544191,47566,PARTY BUNTING,12,2/16/2011 16:57,4.95,13089.0,United Kingdom
577438,20686,DOLLY MIXTURE CHILDREN'S UMBRELLA,1,11/20/2011 11:09,3.25,18118.0,United Kingdom
537137,84879,ASSORTED COLOUR BIRD ORNAMENT,13,12/5/2010 12:43,1.69,16327.0,United Kingdom
543619,22709,WRAP WEDDING DAY,25,2/10/2011 14:51,0.42,16842.0,United Kingdom
562203,22165,"DIAMANTE HEART SHAPED WALL MIRROR, ",12,8/3/2011 12:50,10.75,16102.0,United Kingdom
C559303,23168,CLASSIC CAFE SUGAR DISPENSER,-2,7/7/2011 12:49,1.25,13510.0,United Kingdom
545945,22988,SOLDIERS EGG CUP ,12,3/8/2011 12:07,1.25,16710.0,United Kingdom
573401,47590B,PINK HAPPY BIRTHDAY BUNTING,3,10/30/2011 15:43,5.45,12364.0,Belgium
577337,23335,EGG FRYING PAN IVORY ,1,11/18/2011 14:51,2.08,15494.0,United Kingdom
560996,85214,TUB 24 PINK FLOWER PEGS,2,7/22/2011 13:53,1.65,17625.0,United Kingdom
580758,23575,SNACK TRAY PAISLEY PARK,8,12/6/2011 10:28,1.95,13709.0,United Kingdom
568368,22115,METAL SIGN EMPIRE TEA,24,9/26/2011 16:13,0.79,17997.0,United Kingdom
557958,21559,STRAWBERRY LUNCH BOX WITH CUTLERY,4,6/23/2011 19:27,2.55,16161.0,United Kingdom
581476,21159,MOODY BOY  DOOR HANGER ,24,12/9/2011 8:48,0.39,12433.0,Norway
564660,22150,3 STRIPEY MICE FELTCRAFT,12,8/26/2011 14:45,1.95,15074.0,United Kingdom
567093,48187,DOORMAT NEW ENGLAND,2,9/16/2011 12:50,8.25,17144.0,United Kingdom
C560540,23174,REGENCY SUGAR BOWL GREEN,-1,7/19/2011 12:26,4.15,12415.0,Australia
560930,16219,HOUSE SHAPE PENCIL SHARPENER,48,7/22/2011 10:23,0.06,15829.0,United Kingdom
558752,23147,SINGLE ANTIQUE ROSE HOOK IVORY,6,7/3/2011 11:40,1.45,16931.0,United Kingdom
574442,23084,RABBIT NIGHT LIGHT,72,11/4/2011 11:40,1.79,12704.0,Finland
577743,21328,BALLOONS  WRITING SET ,3,11/21/2011 13:44,1.65,17006.0,United Kingdom
580911,22553,PLASTERS IN TIN SKULLS,12,12/6/2011 13:30,1.65,14503.0,United Kingdom
567679,22996,TRAVEL CARD WALLET VINTAGE TICKET,2,9/21/2011 16:15,0.42,14606.0,United Kingdom
551958,22432,WATERING CAN PINK BUNNY,6,5/5/2011 12:37,1.95,13883.0,United Kingdom
558704,22413,METAL SIGN TAKE IT OR LEAVE IT ,12,7/1/2011 12:50,2.95,17505.0,United Kingdom
575718,71477,COLOUR GLASS. STAR T-LIGHT HOLDER,24,11/10/2011 18:04,3.29,16907.0,United Kingdom
578155,21329,DINOSAURS  WRITING SET ,3,11/23/2011 11:32,1.65,12748.0,United Kingdom
561093,20725,LUNCH BAG RED RETROSPOT,10,7/25/2011 10:01,1.65,12540.0,Spain
564558,84970S,HANGING HEART ZINC T-LIGHT HOLDER,24,8/26/2011 8:59,0.85,12704.0,Finland
569839,23199,JUMBO BAG APPLES,400,10/6/2011 13:21,1.79,15769.0,United Kingdom
575954,23103,JINGLE BELL HEART DECORATION,6,11/13/2011 12:03,1.65,17211.0,United Kingdom
542354,22456,NATURAL SLATE CHALKBOARD LARGE ,3,1/27/2011 12:19,4.95,14709.0,United Kingdom
540023,20674,GREEN POLKADOT BOWL,4,1/4/2011 12:58,1.25,15039.0,United Kingdom
540259,22782,SET 3 WICKER STORAGE BASKETS ,4,1/6/2011 9:00,9.95,18226.0,United Kingdom
547075,22722,SET OF 6 SPICE TINS PANTRY DESIGN,12,3/20/2011 14:35,3.95,15288.0,United Kingdom
549056,35911A,MULTICOLOUR RABBIT EGG WARMER,12,4/6/2011 10:40,0.85,15917.0,United Kingdom
543924,20974,12 PENCILS SMALL TUBE SKULL,1,2/14/2011 14:14,0.65,16904.0,United Kingdom
547062,22500,SET OF 2 TINS JARDIN DE PROVENCE,1,3/20/2011 13:28,4.95,16728.0,United Kingdom
547504,23231,WRAP DOILEY DESIGN,25,3/23/2011 13:33,0.42,12683.0,France
546117,22914,BLUE COAT RACK PARIS FASHION,2,3/9/2011 13:56,4.95,16771.0,United Kingdom
569483,22910,PAPER CHAIN KIT VINTAGE CHRISTMAS,12,10/4/2011 12:45,2.95,14057.0,United Kingdom
571235,20725,LUNCH BAG RED RETROSPOT,10,10/14/2011 14:37,1.65,15078.0,United Kingdom
556063,21430,SET/3 RED GINGHAM ROSE STORAGE BOX,1,6/8/2011 14:09,3.75,14587.0,United Kingdom
581251,22326,ROUND SNACK BOXES SET OF4 WOODLAND ,6,12/8/2011 11:02,2.95,18210.0,United Kingdom
575751,72225C,LAVENDER SCENT CAKE CANDLE,48,11/11/2011 10:32,0.29,14911.0,EIRE
548992,22375,AIRLINE BAG VINTAGE JET SET BROWN,4,4/5/2011 13:52,4.25,13089.0,United Kingdom
549683,20712,JUMBO BAG WOODLAND ANIMALS,10,4/11/2011 13:24,2.08,14273.0,United Kingdom
555568,21244,BLUE POLKADOT PLATE ,12,6/5/2011 15:25,1.69,17589.0,United Kingdom
571701,22602,RETROSPOT WOODEN HEART DECORATION,24,10/18/2011 15:05,0.85,14639.0,United Kingdom
547772,22439,6 ROCKET BALLOONS ,1,3/25/2011 11:34,0.65,17979.0,United Kingdom
538418,22077,6 RIBBONS RUSTIC CHARM,2,12/12/2010 12:00,1.65,17372.0,United Kingdom
538313,22727,ALARM CLOCK BAKELIKE RED ,2,12/10/2010 13:50,3.75,15514.0,United Kingdom
556256,21791,VINTAGE HEADS AND TAILS CARD GAME ,12,6/9/2011 17:37,1.25,14309.0,United Kingdom
572318,85049C,ROMANTIC PINKS RIBBONS ,2,10/23/2011 16:19,1.25,15436.0,United Kingdom
550960,POST,POSTAGE,1,4/21/2011 16:39,18.0,12622.0,Germany
547871,85038,6 CHOCOLATE LOVE HEART T-LIGHTS,6,3/27/2011 14:28,2.1,16931.0,United Kingdom
571965,22970,LONDON BUS COFFEE MUG,2,10/20/2011 10:41,2.55,17238.0,United Kingdom
537484,21259,VICTORIAN SEWING BOX SMALL ,24,12/7/2010 11:30,4.95,14733.0,United Kingdom
545579,85187,S/12 MINI RABBIT EASTER,6,3/4/2011 8:10,1.65,17508.0,Greece
555383,22355,CHARLOTTE BAG SUKI DESIGN,3,6/2/2011 15:13,0.85,12517.0,Germany
537898,22113,GREY HEART HOT WATER BOTTLE,6,12/9/2010 10:42,3.75,17377.0,United Kingdom
569823,22607,WOODEN ROUNDERS GARDEN SET ,1,10/6/2011 12:15,9.95,16895.0,United Kingdom
565765,22273,FELTCRAFT DOLL MOLLY,6,9/6/2011 14:19,2.95,12526.0,Germany
551014,23205,CHARLOTTE BAG ALPHABET  DESIGN,10,4/26/2011 11:04,0.85,13209.0,United Kingdom
576606,79321,CHILLI LIGHTS,4,11/15/2011 15:33,5.75,13410.0,United Kingdom
564065,22818,CARD CHRISTMAS VILLAGE,12,8/22/2011 15:05,0.42,15150.0,United Kingdom
551014,22729,ALARM CLOCK BAKELIKE ORANGE,4,4/26/2011 11:04,3.75,13209.0,United Kingdom
579789,23344,JUMBO BAG 50'S CHRISTMAS ,10,11/30/2011 15:36,2.08,14385.0,United Kingdom
551525,85049D,BRIGHT BLUES RIBBONS ,7,5/1/2011 12:37,1.25,14667.0,United Kingdom
552442,23255,CHILDRENS CUTLERY CIRCUS PARADE,2,5/9/2011 13:03,4.15,14667.0,United Kingdom
563216,21975,PACK OF 60 DINOSAUR CAKE CASES,2,8/14/2011 13:14,0.55,17841.0,United Kingdom
576339,85199S,SMALL HANGING IVORY/RED WOOD BIRD,1,11/14/2011 15:27,0.83,14096.0,United Kingdom
537608,22555,PLASTERS IN TIN STRONGMAN,3,12/7/2010 13:20,1.65,15024.0,United Kingdom
554181,82582,AREA PATROLLED METAL SIGN,12,5/23/2011 12:09,2.1,13078.0,United Kingdom
540539,22148,EASTER CRAFT 4 CHICKS ,12,1/9/2011 14:42,1.95,18260.0,United Kingdom
565326,21071,VINTAGE BILLBOARD DRINK ME MUG,1,9/2/2011 13:41,1.25,16706.0,United Kingdom
538371,21818,GLITTER CHRISTMAS HEART ,8,12/12/2010 11:07,0.85,15570.0,United Kingdom
565994,22925,BLUE GIANT GARDEN THERMOMETER,1,9/8/2011 11:46,5.95,13244.0,United Kingdom
578225,23191,BUNDLE OF 3 RETRO NOTE BOOKS,12,11/23/2011 11:51,1.65,17700.0,United Kingdom
538517,22568,FELTCRAFT CUSHION OWL,1,12/12/2010 16:05,3.75,17618.0,United Kingdom
553206,21972,SET OF 36 DINOSAUR PAPER DOILIES,12,5/16/2011 8:16,1.45,14156.0,EIRE
571715,22908,PACK OF 20 NAPKINS RED APPLES,3,10/18/2011 17:04,0.85,17576.0,United Kingdom
548664,22992,REVOLVER WOODEN RULER ,12,4/1/2011 14:45,1.95,14911.0,EIRE
571121,22112,CHOCOLATE HOT WATER BOTTLE,9,10/14/2011 9:21,4.95,18228.0,United Kingdom
558085,20749,ASSORTED COLOUR MINI CASES,2,6/26/2011 11:53,7.95,13021.0,United Kingdom
549721,22180,RETROSPOT LAMP,4,4/11/2011 15:35,9.95,14911.0,EIRE
555743,21992,VINTAGE PAISLEY STATIONERY SET,12,6/7/2011 10:42,1.25,12868.0,United Kingdom
566561,22197,POPCORN HOLDER,24,9/13/2011 12:13,0.85,18145.0,United Kingdom
543832,22625,RED KITCHEN SCALES,2,2/14/2011 10:10,8.5,13381.0,United Kingdom
556912,82580,BATHROOM METAL SIGN,4,6/15/2011 13:26,0.55,15005.0,United Kingdom
546679,21504,SKULLS GREETING CARD,36,3/15/2011 16:47,0.42,13121.0,United Kingdom
550438,22666,RECIPE BOX PANTRY YELLOW DESIGN,6,4/18/2011 12:16,2.95,15265.0,United Kingdom
569521,20984,12 PENCILS TALL TUBE POSY,3,10/4/2011 14:33,0.29,16474.0,United Kingdom
540248,22624,IVORY KITCHEN SCALES,1,1/5/2011 15:57,8.5,15034.0,United Kingdom
556244,23079,TOADSTOOL BEDSIDE LIGHT ,2,6/9/2011 16:08,8.95,15867.0,United Kingdom
551860,23152,IVORY SWEETHEART WIRE LETTER RACK ,2,5/4/2011 15:41,3.75,15508.0,United Kingdom
559465,84997D,CHILDRENS CUTLERY POLKADOT PINK,72,7/8/2011 13:26,3.75,14680.0,United Kingdom
577258,23207,LUNCH BAG ALPHABET DESIGN,1,11/18/2011 12:27,1.65,16764.0,United Kingdom
564346,22376,AIRLINE BAG VINTAGE JET SET WHITE,1,8/24/2011 14:54,4.25,15727.0,United Kingdom
558232,84968C,SET OF 16 VINTAGE PISTACHIO CUTLERY,1,6/27/2011 14:30,12.75,17841.0,United Kingdom
C552706,21843,RED RETROSPOT CAKE STAND,-1,5/10/2011 16:15,10.95,13014.0,United Kingdom
576172,22114,HOT WATER BOTTLE TEA AND SYMPATHY,24,11/14/2011 11:00,3.75,15482.0,United Kingdom
556906,85014B,RED RETROSPOT UMBRELLA,4,6/15/2011 13:07,5.95,12843.0,United Kingdom
544602,21314,SMALL GLASS HEART TRINKET POT,12,2/22/2011 9:01,2.1,13767.0,United Kingdom
538826,21355,TOAST ITS - I LOVE YOU ,1,12/14/2010 12:58,1.25,12370.0,Cyprus
547492,22138,BAKING SET 9 PIECE RETROSPOT ,6,3/23/2011 12:06,4.95,12604.0,France
C570122,84950,ASSORTED COLOUR T-LIGHT HOLDER,-1,10/7/2011 12:58,0.65,15874.0,United Kingdom
554651,23299,FOOD COVER WITH BEADS SET 2 ,12,5/25/2011 12:55,3.75,12779.0,Poland
560710,23294,SET OF 6 SNACK LOAF BAKING CASES,1,7/20/2011 12:51,0.83,14646.0,Netherlands
554929,20981,12 PENCILS TALL TUBE WOODLAND,12,5/27/2011 13:16,0.85,13018.0,United Kingdom
551287,21080,SET/20 RED RETROSPOT PAPER NAPKINS ,4,4/27/2011 14:17,0.85,17961.0,United Kingdom
580680,22224,WHITE LOVEBIRD LANTERN,6,12/5/2011 14:51,2.95,13001.0,United Kingdom
544903,22937,BAKING MOULD CHOCOLATE CUPCAKES,6,2/24/2011 13:43,2.55,18065.0,United Kingdom
545289,22078,RIBBON REEL LACE DESIGN ,10,3/1/2011 11:55,2.1,14732.0,United Kingdom
557745,22028,PENNY FARTHING BIRTHDAY CARD,12,6/22/2011 12:16,0.42,15750.0,United Kingdom
568541,22841,ROUND CAKE TIN VINTAGE GREEN,2,9/27/2011 14:08,7.95,14047.0,United Kingdom
546314,22582,PACK OF 6 SWEETIE GIFT BOXES,1,3/10/2011 19:05,2.55,16808.0,United Kingdom
570715,21823,PAINTED METAL HEART WITH HOLLY BELL,24,10/12/2011 10:23,0.39,18287.0,United Kingdom
546861,22228,BUNNY WOODEN PAINTED WITH BIRD ,12,3/17/2011 15:03,0.85,14911.0,EIRE
565322,21058,PARTY INVITES WOODLAND,12,9/2/2011 13:15,0.85,12437.0,France
537840,47567B,TEA TIME KITCHEN APRON,3,12/8/2010 15:03,5.95,13531.0,United Kingdom
551270,72802B,OCEAN SCENT CANDLE IN JEWELLED BOX,2,4/27/2011 12:35,4.25,15891.0,United Kingdom
539102,21181,PLEASE ONE PERSON METAL SIGN,144,12/16/2010 10:37,1.65,16029.0,United Kingdom
546248,47566,PARTY BUNTING,4,3/10/2011 13:46,4.95,16477.0,United Kingdom
545906,22191,IVORY DINER WALL CLOCK,2,3/8/2011 9:23,8.5,15764.0,United Kingdom
578243,21485,RETROSPOT HEART HOT WATER BOTTLE,12,11/23/2011 12:33,4.95,13448.0,United Kingdom
555865,23140,TRIPLE WIRE HOOK IVORY HEART,3,6/7/2011 14:30,4.15,14530.0,United Kingdom
573151,23351,ROLL WRAP 50'S CHRISTMAS,12,10/27/2011 20:09,1.25,17602.0,United Kingdom
553852,35809A,ENAMEL PINK TEA CONTAINER,12,5/19/2011 13:05,0.83,15599.0,United Kingdom
580134,21208,PASTEL COLOUR HONEYCOMB FAN,12,12/1/2011 19:24,0.39,13102.0,United Kingdom
572519,23453,OVAL  MINI PORTRAIT FRAME,12,10/24/2011 14:56,1.95,15046.0,United Kingdom
564061,22759,SET OF 3 NOTEBOOKS IN PARCEL,2,8/22/2011 14:38,1.65,14505.0,United Kingdom
553933,85152,HAND OVER THE CHOCOLATE   SIGN ,12,5/20/2011 10:30,2.1,15078.0,United Kingdom
576019,22940,FELTCRAFT CHRISTMAS FAIRY,4,11/13/2011 14:31,4.25,12865.0,Austria
556784,22192,BLUE DINER WALL CLOCK,1,6/14/2011 13:15,8.5,14461.0,United Kingdom
541269,22447,PIN CUSHION BABUSHKA BLUE,6,1/17/2011 11:01,3.35,12626.0,Germany
570009,23349,ROLL WRAP VINTAGE CHRISTMAS,24,10/7/2011 9:38,1.25,14138.0,United Kingdom
579472,23249,VINTAGE RED ENAMEL TRIM PLATE,1,11/29/2011 15:09,1.65,13521.0,United Kingdom
576780,22956,36 FOIL HEART CAKE CASES,1,11/16/2011 13:27,2.1,13258.0,United Kingdom
545235,84988,SET OF 72 PINK HEART PAPER DOILIES,12,3/1/2011 10:31,1.45,12683.0,France
558572,21930,JUMBO STORAGE BAG SKULLS,20,6/30/2011 14:47,2.08,14282.0,United Kingdom
568211,21810,CHRISTMAS HANGING STAR WITH BELL,48,9/25/2011 15:59,0.39,13429.0,United Kingdom
580468,17012C,ORIGAMI LAVENDER INCENSE/CANDL SET ,1,12/4/2011 12:31,0.85,12748.0,United Kingdom
574677,22411,JUMBO SHOPPER VINTAGE RED PAISLEY,1,11/6/2011 12:32,2.08,16445.0,United Kingdom
557940,85099B,JUMBO BAG RED RETROSPOT,100,6/23/2011 15:48,1.79,18017.0,United Kingdom
556413,22766,PHOTO FRAME CORNICE,2,6/10/2011 12:01,2.95,16005.0,United Kingdom
556071,23108,SET OF 10 LED DOLLY LIGHTS,2,6/8/2011 14:52,6.25,15974.0,United Kingdom
559421,21056,DOCTOR'S BAG SOFT TOY,5,7/8/2011 11:55,8.95,12648.0,Germany
543250,21212,PACK OF 72 RETROSPOT CAKE CASES,24,2/4/2011 14:46,0.55,13911.0,United Kingdom
573403,22470,HEART OF WICKER LARGE,12,10/30/2011 15:50,2.95,16506.0,United Kingdom
546079,22963,JAM JAR WITH GREEN LID,6,3/9/2011 11:05,0.85,14534.0,United Kingdom
550325,22464,HANGING METAL HEART LANTERN,12,4/17/2011 13:04,1.65,15745.0,United Kingdom
563234,21703,BAG 125g SWIRLY MARBLES,12,8/15/2011 8:26,0.42,13621.0,United Kingdom
545523,22842,BISCUIT TIN VINTAGE RED,2,3/3/2011 12:41,6.75,14524.0,United Kingdom
572213,23241,TREASURE TIN GYMKHANA DESIGN,6,10/21/2011 12:44,2.08,15358.0,United Kingdom
549562,21169,YOU'RE CONFUSING ME METAL SIGN ,1,4/10/2011 13:48,1.69,13232.0,United Kingdom
569901,22561,WOODEN SCHOOL COLOURING SET,1,10/6/2011 16:20,1.65,12923.0,United Kingdom
578074,84792,ENCHANTED BIRD COATHANGER 5 HOOK,3,11/22/2011 16:06,4.65,17590.0,United Kingdom
574720,23482,PEARLISED IVORY HEART LARGE ,4,11/6/2011 14:39,1.65,14547.0,United Kingdom
568654,21531,RED RETROSPOT SUGAR JAM BOWL,6,9/28/2011 12:20,2.55,14911.0,EIRE
574961,22578,WOODEN STAR CHRISTMAS SCANDINAVIAN,24,11/8/2011 10:19,0.29,12971.0,United Kingdom
553095,23170,REGENCY TEA PLATE ROSES ,12,5/13/2011 11:54,1.65,16180.0,United Kingdom
580373,23312,VINTAGE CHRISTMAS GIFT SACK,8,12/2/2011 17:06,4.15,14788.0,United Kingdom
562558,23183,MOTHER'S KITCHEN SPOON REST ,1,8/5/2011 16:43,3.75,13451.0,United Kingdom
565930,22037,ROBOT BIRTHDAY CARD,24,9/8/2011 10:32,0.42,12685.0,France
564187,22382,LUNCH BAG SPACEBOY DESIGN ,3,8/23/2011 15:24,1.65,15005.0,United Kingdom
567915,22661,CHARLOTTE BAG DOLLY GIRL DESIGN,10,9/22/2011 17:15,0.85,12579.0,France
568947,23312,VINTAGE CHRISTMAS GIFT SACK,4,9/29/2011 15:04,4.15,14696.0,United Kingdom
566938,23301,GARDENERS KNEELING PAD KEEP CALM ,48,9/15/2011 15:48,1.45,14557.0,United Kingdom
546562,22616,PACK OF 12 LONDON TISSUES ,24,3/15/2011 10:45,0.29,16293.0,United Kingdom
544676,22498,WOODEN REGATTA BUNTING,1,2/22/2011 16:03,5.95,17841.0,United Kingdom
C538897,D,Discount,-1,12/15/2010 9:14,5.76,16422.0,United Kingdom
579196,21025,SPACE FROG,2,11/28/2011 15:54,2.46,14096.0,United Kingdom
C548362,22355,CHARLOTTE BAG SUKI DESIGN,-10,3/30/2011 15:40,0.85,13268.0,United Kingdom
550132,72351B,SET/6 PINK  BUTTERFLY T-LIGHTS,9,4/14/2011 13:33,2.1,16933.0,United Kingdom
561396,22961,JAM MAKING SET PRINTED,12,7/27/2011 10:40,1.45,13458.0,United Kingdom
551717,21754,HOME BUILDING BLOCK WORD,2,5/3/2011 15:59,5.95,13263.0,United Kingdom
581501,23480,MINI LIGHTS WOODLAND MUSHROOMS,8,12/9/2011 10:46,3.75,12985.0,United Kingdom
567429,21479,WHITE SKULL HOT WATER BOTTLE ,4,9/20/2011 11:39,4.25,17686.0,United Kingdom
548340,22035,VINTAGE CARAVAN GREETING CARD ,12,3/30/2011 14:23,0.42,13426.0,United Kingdom
572225,22734,SET OF 6 RIBBONS VINTAGE CHRISTMAS,6,10/21/2011 13:50,2.89,13157.0,United Kingdom
568912,22051,BLUE SCANDINAVIAN PAISLEY WRAP,25,9/29/2011 13:45,0.42,17528.0,United Kingdom
543653,21700,BIG DOUGHNUT FRIDGE MAGNETS,7,2/11/2011 10:26,0.85,14796.0,United Kingdom
564439,22943,CHRISTMAS LIGHTS 10 VINTAGE BAUBLES,2,8/25/2011 12:12,4.95,12841.0,United Kingdom
574892,21155,RED RETROSPOT PEG BAG,10,11/7/2011 14:40,2.55,14700.0,United Kingdom
550297,22523,CHILDS GARDEN FORK PINK,1,4/15/2011 15:58,0.85,14056.0,United Kingdom
541414,21080,SET/20 RED RETROSPOT PAPER NAPKINS ,1,1/17/2011 16:14,0.85,18212.0,United Kingdom
567672,23101,SILVER STARS TABLE DECORATION,8,9/21/2011 15:39,0.83,16085.0,United Kingdom
571733,21791,VINTAGE HEADS AND TAILS CARD GAME ,12,10/19/2011 9:59,1.25,16187.0,United Kingdom
573373,22382,LUNCH BAG SPACEBOY DESIGN ,1,10/30/2011 13:37,1.65,14684.0,United Kingdom
570249,23503,PLAYING CARDS KEEP CALM & CARRY ON,12,10/10/2011 8:58,1.25,17509.0,United Kingdom
560047,22611,VINTAGE UNION JACK SHOPPING BAG,1,7/14/2011 15:01,4.95,17259.0,United Kingdom
537441,22212,FOUR HOOK  WHITE LOVEBIRDS,4,12/6/2010 17:26,2.1,13564.0,United Kingdom
542777,22382,LUNCH BAG SPACEBOY DESIGN ,10,2/1/2011 8:31,1.65,14911.0,EIRE
574750,21519,GIN & TONIC DIET GREETING CARD ,12,11/7/2011 9:12,0.42,17164.0,United Kingdom
562968,20726,LUNCH BAG WOODLAND,10,8/11/2011 10:55,1.65,14291.0,United Kingdom
579093,22306,SILVER MUG BONE CHINA TREE OF LIFE,36,11/28/2011 10:54,1.06,13081.0,United Kingdom
537852,84988,SET OF 72 PINK HEART PAPER DOILIES,1,12/8/2010 15:56,1.45,17340.0,United Kingdom
541575,22774,RED DRAWER KNOB ACRYLIC EDWARDIAN,12,1/19/2011 13:21,1.25,15311.0,United Kingdom
576593,22536,MAGIC DRAWING SLATE PURDEY,1,11/15/2011 14:48,0.42,15720.0,United Kingdom
548353,22291,HANGING CHICK CREAM DECORATION,24,3/30/2011 15:05,1.45,15980.0,United Kingdom
576684,23493,VINTAGE DOILY TRAVEL SEWING KIT,10,11/16/2011 12:08,1.95,14092.0,United Kingdom
578808,23168,CLASSIC CAFE SUGAR DISPENSER,12,11/25/2011 13:23,1.25,16327.0,United Kingdom
578036,21559,STRAWBERRY LUNCH BOX WITH CUTLERY,2,11/22/2011 14:04,2.55,16474.0,United Kingdom
566440,22091,EMPIRE TISSUE BOX,36,9/12/2011 15:19,0.39,15755.0,United Kingdom
581405,21109,LARGE CAKE TOWEL CHOCOLATE SPOTS,1,12/8/2011 13:50,1.95,13521.0,United Kingdom
550827,20682,RED RETROSPOT CHILDRENS UMBRELLA,6,4/21/2011 10:16,3.25,12670.0,France
575607,21231,SWEETHEART CERAMIC TRINKET BOX,4,11/10/2011 12:37,2.46,14096.0,United Kingdom
552061,21174,POTTERING IN THE SHED METAL SIGN,12,5/6/2011 10:43,2.08,13001.0,United Kingdom
545978,21231,SWEETHEART CERAMIC TRINKET BOX,4,3/8/2011 12:19,1.25,13975.0,United Kingdom
547934,22255,FELT TOADSTOOL  SMALL,12,3/28/2011 14:07,0.85,12474.0,Germany
577495,22423,REGENCY CAKESTAND 3 TIER,1,11/20/2011 12:20,12.75,14704.0,United Kingdom
554986,20728,LUNCH BAG CARS BLUE,4,5/29/2011 12:35,1.65,14451.0,United Kingdom
579434,22915,ASSORTED BOTTLE TOP  MAGNETS ,24,11/29/2011 13:17,0.42,16678.0,United Kingdom
562587,22988,SOLDIERS EGG CUP ,12,8/7/2011 14:34,1.25,15640.0,United Kingdom
568060,23298,SPOTTY BUNTING,1,9/23/2011 13:11,4.95,14546.0,United Kingdom
566395,23170,REGENCY TEA PLATE ROSES ,12,9/12/2011 12:48,1.65,14952.0,United Kingdom
546644,22428,ENAMEL FIRE BUCKET CREAM,12,3/15/2011 13:28,6.35,15932.0,United Kingdom
581125,85015,SET OF 12  VINTAGE POSTCARD SET,1,12/7/2011 12:41,0.65,14087.0,United Kingdom
552638,22089,PAPER BUNTING VINTAGE PAISLEY,6,5/10/2011 13:00,2.95,17700.0,United Kingdom
566308,22840,ROUND CAKE TIN VINTAGE RED,2,9/12/2011 9:38,7.95,15865.0,United Kingdom
580067,22561,WOODEN SCHOOL COLOURING SET,48,12/1/2011 13:40,1.65,16966.0,United Kingdom
573387,22867,HAND WARMER BIRD DESIGN,1,10/30/2011 14:33,2.1,15054.0,United Kingdom
568310,23245,SET OF 3 REGENCY CAKE TINS,4,9/26/2011 12:48,4.95,14911.0,EIRE
554132,20677,PINK POLKADOT BOWL,8,5/23/2011 9:43,1.25,12360.0,Austria
555284,85230A,OPIUM SCENTED VOTIVE CANDLE,48,6/2/2011 9:37,0.21,14298.0,United Kingdom
537388,22469,HEART OF WICKER SMALL,12,12/6/2010 13:35,1.65,17682.0,United Kingdom
575643,23032,DRAWER KNOB CRACKLE GLAZE IVORY,6,11/10/2011 14:09,1.65,13267.0,United Kingdom
550775,84380,SET OF 3 BUTTERFLY COOKIE CUTTERS,12,4/20/2011 13:18,1.25,15805.0,United Kingdom
570333,23466,TUSCAN VILLA DOVECOTE BIRD FEEDER,1,10/10/2011 12:19,8.25,18126.0,United Kingdom
C542256,21883,STARS GIFT TAPE ,-1,1/26/2011 17:04,0.19,17722.0,United Kingdom
576558,21889,WOODEN BOX OF DOMINOES,12,11/15/2011 13:07,1.25,17086.0,United Kingdom
545601,22699,ROSES REGENCY TEACUP AND SAUCER ,6,3/4/2011 11:49,2.95,15827.0,United Kingdom
576071,21929,JUMBO BAG PINK VINTAGE PAISLEY,1,11/13/2011 16:03,2.08,18069.0,United Kingdom
C536828,22832,BROCANTE SHELF WITH HOOKS,-1,12/2/2010 17:35,10.75,14264.0,United Kingdom
541510,22839,3 TIER CAKE TIN GREEN AND CREAM,1,1/18/2011 16:39,14.95,14428.0,United Kingdom
C551540,22978,PANTRY ROLLING PIN,-6,5/3/2011 8:47,3.75,14735.0,United Kingdom
543196,21579,LOLITA  DESIGN  COTTON TOTE BAG,6,2/4/2011 12:29,2.25,13309.0,United Kingdom
575149,22624,IVORY KITCHEN SCALES,4,11/8/2011 15:59,8.5,16626.0,United Kingdom
561045,51014L,"FEATHER PEN,LIGHT PINK",48,7/24/2011 12:29,0.39,17522.0,United Kingdom
546982,22975,SPACEBOY CHILDRENS EGG CUP,1,3/18/2011 12:26,1.25,15483.0,United Kingdom
563012,23002,TRAVEL CARD WALLET SKULLS,10,8/11/2011 12:00,0.42,17284.0,United Kingdom
571221,82483,WOOD 2 DRAWER CABINET WHITE FINISH,1,10/14/2011 13:35,6.95,16416.0,United Kingdom
559301,22983,CARD BILLBOARD FONT,12,7/7/2011 12:41,0.42,13842.0,United Kingdom
575965,22737,RIBBON REEL CHRISTMAS PRESENT ,10,11/13/2011 12:32,1.65,13426.0,United Kingdom
556045,22192,BLUE DINER WALL CLOCK,2,6/8/2011 12:54,8.5,15764.0,United Kingdom
544460,85127,SMALL SQUARE CUT GLASS CANDLESTICK,1,2/20/2011 14:01,4.95,16931.0,United Kingdom
557291,21164,HOME SWEET HOME METAL SIGN ,12,6/19/2011 13:01,2.95,18230.0,United Kingdom
544283,21671,RED SPOT CERAMIC DRAWER KNOB,96,2/17/2011 12:27,1.06,13668.0,United Kingdom
554837,22845,VINTAGE CREAM CAT FOOD CONTAINER,2,5/26/2011 16:30,6.35,14584.0,United Kingdom
543180,22243,5 HOOK HANGER RED MAGIC TOADSTOOL,12,2/4/2011 10:38,1.65,12410.0,Switzerland
559544,22085,PAPER CHAIN KIT SKULLS ,1,7/10/2011 13:52,2.95,17126.0,United Kingdom
570672,22616,PACK OF 12 LONDON TISSUES ,24,10/11/2011 14:52,0.39,12536.0,France
579002,21620,SET OF 4 ROSE BOTANICAL CANDLES,2,11/27/2011 16:27,1.25,14093.0,United Kingdom
539262,84951B,SET OF 4 BLACK LOVEBIRD COASTERS,12,12/16/2010 14:35,0.85,15789.0,United Kingdom
537227,21212,PACK OF 72 RETROSPOT CAKE CASES,120,12/6/2010 8:42,0.42,17677.0,United Kingdom
578702,23282,FOLDING BUTTERFLY MIRROR IVORY ,12,11/25/2011 10:58,0.83,15382.0,United Kingdom
571185,23435,3 RAFFIA RIBBONS VINTAGE CHRISTMAS,10,10/14/2011 11:15,0.79,13047.0,United Kingdom
547893,22423,REGENCY CAKESTAND 3 TIER,8,3/28/2011 10:25,12.75,13552.0,United Kingdom
567156,23096,PETIT TRAY CHIC,2,9/16/2011 17:05,1.65,14462.0,United Kingdom
561798,22727,ALARM CLOCK BAKELIKE RED ,4,7/29/2011 13:39,3.75,14911.0,EIRE
552826,22805,BLUE DRAWER KNOB ACRYLIC EDWARDIAN,12,5/11/2011 13:20,1.25,14277.0,France
552269,22381,TOY TIDY PINK POLKADOT,1,5/8/2011 11:52,2.1,16121.0,United Kingdom
557319,22188,BLACK HEART CARD HOLDER,4,6/20/2011 8:23,3.95,15076.0,United Kingdom
554978,22045,SPACEBOY GIFT WRAP,25,5/29/2011 11:05,0.42,16889.0,United Kingdom
560568,85014B,RED RETROSPOT UMBRELLA,3,7/19/2011 14:03,5.95,13895.0,United Kingdom
574476,23084,RABBIT NIGHT LIGHT,3,11/4/2011 12:20,2.08,17203.0,United Kingdom
571669,85152,HAND OVER THE CHOCOLATE   SIGN ,5,10/18/2011 13:11,2.1,17758.0,United Kingdom
574328,21164,HOME SWEET HOME METAL SIGN ,6,11/4/2011 9:05,2.95,13081.0,United Kingdom
573928,22386,JUMBO BAG PINK POLKADOT,100,11/2/2011 10:07,1.79,16839.0,United Kingdom
555845,22027,TEA PARTY BIRTHDAY CARD,12,6/7/2011 13:19,0.42,17015.0,United Kingdom
558568,22045,SPACEBOY GIFT WRAP,25,6/30/2011 14:37,0.42,16316.0,United Kingdom
573151,23162,REGENCY TEA STRAINER,4,10/27/2011 20:09,3.75,17602.0,United Kingdom
562031,85172,HYACINTH BULB T-LIGHT CANDLES,16,8/1/2011 17:37,0.42,16984.0,United Kingdom
542215,22817,CARD SUKI BIRTHDAY,12,1/26/2011 12:27,0.42,12472.0,Germany
562161,23209,LUNCH BAG DOILEY PATTERN ,1,8/3/2011 11:58,1.65,17841.0,United Kingdom
546643,22195,LARGE HEART MEASURING SPOONS,12,3/15/2011 13:23,1.65,16214.0,United Kingdom
577298,22153,ANGEL DECORATION STARS ON DRESS,288,11/18/2011 12:49,0.36,14299.0,United Kingdom
539240,84817,DANISH ROSE DECORATIVE PLATE,24,12/16/2010 13:15,0.42,15194.0,United Kingdom
580639,17091J,VANILLA INCENSE IN TIN,1,12/5/2011 12:46,0.38,17254.0,United Kingdom
570036,22037,ROBOT BIRTHDAY CARD,12,10/7/2011 10:50,0.42,16358.0,United Kingdom
538659,21218,RED SPOTTY BISCUIT TIN,6,12/13/2010 15:36,3.75,14625.0,United Kingdom
564049,21790,VINTAGE SNAP CARDS,1,8/22/2011 13:30,0.85,17585.0,United Kingdom
546855,21980,PACK OF 12 RED RETROSPOT TISSUES ,12,3/17/2011 13:58,0.29,18168.0,United Kingdom
571307,23352,ROLL WRAP 50'S RED CHRISTMAS ,12,10/17/2011 10:10,1.25,14443.0,United Kingdom
580667,22556,PLASTERS IN TIN CIRCUS PARADE ,1,12/5/2011 14:19,1.65,15031.0,United Kingdom
577473,21169,YOU'RE CONFUSING ME METAL SIGN ,1,11/20/2011 11:28,1.69,15919.0,United Kingdom
C546932,90201B,BLACK ENAMEL FLOWER RING,-1,3/18/2011 11:01,2.95,16297.0,United Kingdom
566213,22139,RETROSPOT TEA SET CERAMIC 11 PC ,6,9/9/2011 15:09,4.95,14895.0,United Kingdom
546774,84536A,ENGLISH ROSE NOTEBOOK A7 SIZE,6,3/16/2011 15:45,0.42,14505.0,United Kingdom
542005,21246,RED RETROSPOT BIG BOWL,6,1/25/2011 11:18,4.95,14409.0,United Kingdom
581473,23295,SET OF 12 MINI LOAF BAKING CASES,1,12/8/2011 19:57,0.83,12748.0,United Kingdom
549012,21754,HOME BUILDING BLOCK WORD,3,4/5/2011 14:51,5.95,16394.0,United Kingdom
543919,20725,LUNCH BAG RED RETROSPOT,10,2/14/2011 14:03,1.65,13157.0,United Kingdom
568188,22544,MINI JIGSAW SPACEBOY,1,9/25/2011 14:33,0.42,16049.0,United Kingdom
538849,85199S,SMALL HANGING IVORY/RED WOOD BIRD,10,12/14/2010 13:31,0.42,14415.0,United Kingdom
580027,22197,POPCORN HOLDER,15,12/1/2011 12:01,0.85,14178.0,United Kingdom
554937,22120,WELCOME  WOODEN BLOCK LETTERS,2,5/27/2011 13:32,9.95,15402.0,United Kingdom
574965,23493,VINTAGE DOILY TRAVEL SEWING KIT,1,11/8/2011 10:44,1.95,17964.0,United Kingdom
556672,21363,HOME SMALL WOOD LETTERS,2,6/13/2011 17:08,4.95,13742.0,United Kingdom
541932,22763,KEY CABINET MA CAMPAGNE,12,1/24/2011 11:39,8.5,14439.0,Greece
546251,20723,STRAWBERRY CHARLOTTE BAG,100,3/10/2011 14:37,0.72,16553.0,United Kingdom
543803,84997D,PINK 3 PIECE POLKADOT CUTLERY SET,1,2/13/2011 12:05,4.15,17126.0,United Kingdom
577541,21479,WHITE SKULL HOT WATER BOTTLE ,4,11/20/2011 14:31,4.25,16899.0,United Kingdom
541800,21537,RED RETROSPOT PUDDING BOWL,4,1/21/2011 14:38,4.25,15235.0,United Kingdom
574740,23358,HOT STUFF HOT WATER BOTTLE,24,11/6/2011 16:07,3.75,12357.0,Switzerland
567183,22615,PACK OF 12 CIRCUS PARADE TISSUES ,12,9/18/2011 15:32,0.39,14769.0,United Kingdom
538308,21213,PACK OF 72 SKULL CAKE CASES,24,12/10/2010 13:29,0.55,14107.0,United Kingdom
570223,21619,4 VANILLA BOTANICAL CANDLES,2,10/9/2011 13:11,3.75,15787.0,United Kingdom
542303,22453,MEASURING TAPE BABUSHKA BLUE,6,1/27/2011 11:05,2.95,12539.0,Spain
576339,21866,UNION JACK FLAG LUGGAGE TAG,1,11/14/2011 15:27,2.46,14096.0,United Kingdom
578523,84836,ZINC METAL HEART DECORATION,2,11/24/2011 14:10,1.25,15311.0,United Kingdom
562158,23321,SMALL WHITE HEART OF WICKER,10,8/3/2011 11:45,1.65,15039.0,United Kingdom
556721,85099B,JUMBO BAG RED RETROSPOT,20,6/14/2011 11:23,2.08,15218.0,United Kingdom
566317,21980,PACK OF 12 RED RETROSPOT TISSUES ,24,9/12/2011 10:19,0.29,13375.0,United Kingdom
541280,85232D,SET/3 DECOUPAGE STACKING TINS,3,1/17/2011 11:57,4.95,15296.0,United Kingdom
575735,23507,MINI PLAYING CARDS BUFFALO BILL ,20,11/11/2011 8:46,0.42,14156.0,EIRE
580295,22456,NATURAL SLATE CHALKBOARD LARGE ,1,12/2/2011 13:49,4.95,17841.0,United Kingdom
553872,22469,HEART OF WICKER SMALL,12,5/19/2011 14:35,1.65,13050.0,United Kingdom
552273,22492,MINI PAINT SET VINTAGE ,36,5/8/2011 12:26,0.65,13021.0,United Kingdom
561068,21519,GIN & TONIC DIET GREETING CARD ,12,7/24/2011 14:33,0.42,13116.0,United Kingdom
553828,22487,WHITE WOOD GARDEN PLANT LADDER,1,5/19/2011 11:24,9.95,17865.0,United Kingdom
551332,84251B,"GREETING CARD, STICKY GORDON",12,4/27/2011 16:23,0.19,13078.0,United Kingdom
577831,20724,RED RETROSPOT CHARLOTTE BAG,10,11/22/2011 10:17,0.85,16748.0,United Kingdom
543800,22121,NOEL WOODEN BLOCK LETTERS ,1,2/13/2011 11:36,5.95,17282.0,United Kingdom
568400,85015,SET OF 12  VINTAGE POSTCARD SET,24,9/27/2011 10:27,0.65,13644.0,United Kingdom
571441,21811,HANGING HEART WITH BELL,1,10/17/2011 13:31,2.46,14096.0,United Kingdom
580501,22699,ROSES REGENCY TEACUP AND SAUCER ,2,12/4/2011 13:00,2.95,14546.0,United Kingdom
560504,22356,CHARLOTTE BAG PINK POLKADOT,20,7/19/2011 11:47,0.85,13081.0,United Kingdom
559865,22625,RED KITCHEN SCALES,2,7/13/2011 10:39,8.5,14409.0,United Kingdom
572130,85032C,CURIOUS IMAGES GIFT WRAP SET,12,10/21/2011 9:50,0.65,13460.0,United Kingdom
540524,22629,SPACEBOY LUNCH BOX ,4,1/9/2011 12:53,1.95,16735.0,United Kingdom
569409,82001S,VINYL RECORD FRAME SILVER,24,10/4/2011 9:38,3.39,14110.0,United Kingdom
554112,21069,VINTAGE BILLBOARD TEA MUG,1,5/22/2011 14:44,1.25,17611.0,United Kingdom
560251,21843,RED RETROSPOT CAKE STAND,2,7/17/2011 12:32,10.95,17774.0,United Kingdom
568058,22620,4 TRADITIONAL SPINNING TOPS,12,9/23/2011 12:58,1.45,18188.0,United Kingdom
553834,23171,REGENCY TEA PLATE GREEN ,12,5/19/2011 11:47,1.65,15189.0,United Kingdom
559926,23032,DOORKNOB CRACKED GLAZE IVORY,12,7/13/2011 16:48,1.65,17644.0,United Kingdom
554093,21915,RED  HARMONICA IN BOX ,12,5/22/2011 12:49,1.25,14837.0,United Kingdom
540554,21754,HOME BUILDING BLOCK WORD,3,1/10/2011 9:55,5.95,18171.0,United Kingdom
538240,22558,CLOTHES PEGS RETROSPOT PACK 24 ,12,12/10/2010 12:00,1.49,16062.0,United Kingdom
537208,22441,GROW YOUR OWN BASIL IN ENAMEL MUG,1,12/5/2010 15:12,2.1,15889.0,United Kingdom
559555,81952B,ROUND BLUE CLOCK WITH SUCKER,100,7/11/2011 10:14,0.19,13678.0,United Kingdom
571544,84077,WORLD WAR 2 GLIDERS ASSTD DESIGNS,48,10/17/2011 16:53,0.29,17757.0,United Kingdom
547785,22192,BLUE DINER WALL CLOCK,2,3/25/2011 11:41,8.5,13097.0,United Kingdom
547253,22147,FELTCRAFT BUTTERFLY HEARTS,4,3/22/2011 10:44,1.45,13869.0,United Kingdom
566258,22371,AIRLINE BAG VINTAGE TOKYO 78,4,9/11/2011 12:45,4.25,13124.0,United Kingdom
554106,20727,LUNCH BAG  BLACK SKULL.,10,5/22/2011 14:05,1.65,12710.0,Germany
574532,23493,VINTAGE DOILY TRAVEL SEWING KIT,10,11/4/2011 14:19,1.95,15676.0,United Kingdom
546317,22273,FELTCRAFT DOLL MOLLY,6,3/11/2011 9:07,2.95,14913.0,United Kingdom
C562954,20914,SET/5 RED RETROSPOT LID GLASS BOWLS,-1,8/11/2011 10:13,2.95,17429.0,United Kingdom
559109,22580,ADVENT CALENDAR GINGHAM SACK,1,7/6/2011 11:52,5.95,15021.0,United Kingdom
570036,21790,VINTAGE SNAP CARDS,12,10/7/2011 10:50,0.85,16358.0,United Kingdom
576704,84997D,CHILDRENS CUTLERY POLKADOT PINK,1,11/16/2011 12:29,4.15,14527.0,United Kingdom
575640,23379,PACK OF 12 RED APPLE TISSUES,2,11/10/2011 14:01,0.39,13148.0,United Kingdom
536975,22952,60 CAKE CASES VINTAGE CHRISTMAS,24,12/3/2010 14:04,0.55,14911.0,EIRE
578019,84711B,PINK OVAL SHAPE TRINKET BOX,1,11/22/2011 13:11,9.95,17360.0,United Kingdom
543981,22956,36 FOIL HEART CAKE CASES,6,2/15/2011 8:18,2.1,15358.0,United Kingdom
552957,22492,MINI PAINT SET VINTAGE ,576,5/12/2011 12:36,0.65,17404.0,Sweden
540533,22804,CANDLEHOLDER PINK HANGING HEART,3,1/9/2011 14:12,2.95,15005.0,United Kingdom
561808,23199,JUMBO BAG APPLES,10,7/29/2011 15:11,2.08,13534.0,United Kingdom
552571,22355,CHARLOTTE BAG SUKI DESIGN,10,5/10/2011 12:08,0.85,14688.0,United Kingdom
537884,22778,GLASS CLOCHE SMALL,24,12/9/2010 9:30,3.39,15694.0,United Kingdom
556815,21936,RED RETROSPOT PICNIC BAG,5,6/15/2011 8:36,2.95,14852.0,United Kingdom
553374,23209,LUNCH BAG DOILEY PATTERN ,10,5/16/2011 14:51,1.65,14489.0,United Kingdom
581147,22600,CHRISTMAS RETROSPOT STAR WOOD,3,12/7/2011 14:01,0.85,16426.0,United Kingdom
568173,22411,JUMBO SHOPPER VINTAGE RED PAISLEY,10,9/25/2011 13:16,2.08,16187.0,United Kingdom
556439,22622,BOX OF VINTAGE ALPHABET BLOCKS,2,6/10/2011 14:46,11.95,18061.0,United Kingdom
537606,22121,NOEL WOODEN BLOCK LETTERS ,2,12/7/2010 13:16,5.95,15002.0,United Kingdom
569653,23202,JUMBO BAG VINTAGE LEAF,10,10/5/2011 12:52,2.08,12451.0,Switzerland
569488,21124,SET/10 BLUE POLKADOT PARTY CANDLES,4,10/4/2011 13:10,1.25,16440.0,United Kingdom
554353,20725,LUNCH BAG RED RETROSPOT,20,5/24/2011 9:10,1.65,14258.0,United Kingdom
570676,23129,HEART SHAPED HOLLY WREATH,4,10/11/2011 15:10,4.15,14640.0,United Kingdom
580305,21125,SET 6 FOOTBALL CELEBRATION CANDLES,1,12/2/2011 14:26,1.25,12970.0,United Kingdom
552803,22776,SWEETHEART CAKESTAND 3 TIER,2,5/11/2011 12:32,9.95,14573.0,United Kingdom
537891,22960,JAM MAKING SET WITH JARS,6,12/9/2010 10:05,4.25,13319.0,United Kingdom
573035,20679,EDWARDIAN PARASOL RED,9,10/27/2011 13:43,5.95,12433.0,Norway
536437,22188,BLACK HEART CARD HOLDER,36,12/1/2010 12:12,3.39,13694.0,United Kingdom
539637,22909,SET OF 20 VINTAGE CHRISTMAS NAPKINS,1,12/20/2010 15:22,0.85,14083.0,United Kingdom
572569,23340,VINTAGE CHRISTMAS CAKE FRILL,3,10/25/2011 10:32,1.65,17870.0,United Kingdom
547691,22992,REVOLVER WOODEN RULER ,24,3/24/2011 15:02,1.95,16767.0,United Kingdom
545080,22025,RING OF ROSES BIRTHDAY CARD,12,2/28/2011 10:33,0.42,13004.0,United Kingdom
571441,22338,STAR DECORATION PAINTED ZINC ,1,10/17/2011 13:31,1.25,14096.0,United Kingdom
579472,21819,GLITTER CHRISTMAS STAR ,2,11/29/2011 15:09,0.39,13521.0,United Kingdom
539109,85123A,WHITE HANGING HEART T-LIGHT HOLDER,500,12/16/2010 11:07,2.55,16013.0,United Kingdom
581453,22431,WATERING CAN BLUE ELEPHANT,6,12/8/2011 18:15,1.95,16401.0,United Kingdom
568328,22729,ALARM CLOCK BAKELIKE ORANGE,3,9/26/2011 14:06,3.75,18016.0,United Kingdom
573923,85014A,BLACK/BLUE POLKADOT UMBRELLA,1,11/2/2011 9:31,5.95,17965.0,United Kingdom
571046,23461,SWEETHEART BIRD HOUSE,1,10/13/2011 13:35,4.15,18096.0,United Kingdom
549129,20973,12 PENCIL SMALL TUBE WOODLAND,6,4/6/2011 14:53,0.65,17042.0,United Kingdom
545082,22495,SET OF 2 ROUND TINS CAMEMBERT ,6,2/28/2011 10:37,2.95,16992.0,United Kingdom
558235,23206,LUNCH BAG APPLE DESIGN,5,6/27/2011 14:41,1.65,16242.0,United Kingdom
555740,84755,COLOUR GLASS T-LIGHT HOLDER HANGING,32,6/7/2011 9:51,0.65,18226.0,United Kingdom
576052,22556,PLASTERS IN TIN CIRCUS PARADE ,2,11/13/2011 14:48,1.65,15787.0,United Kingdom
572035,22077,6 RIBBONS RUSTIC CHARM,144,10/20/2011 12:03,1.65,14646.0,Netherlands
562035,23240,SET OF 4 KNICK KNACK TINS DOILEY ,6,8/2/2011 9:29,4.15,12627.0,Germany
576053,21916,SET 12 RETRO WHITE CHALK STICKS,3,11/13/2011 14:53,0.42,16726.0,United Kingdom
544452,22470,HEART OF WICKER LARGE,2,2/20/2011 12:32,2.95,14162.0,United Kingdom
552821,22966,GINGERBREAD MAN COOKIE CUTTER,1,5/11/2011 12:58,1.25,18118.0,United Kingdom
548711,47013C,WINE BOTTLE DRESSING DARK BLUE,3,4/3/2011 14:24,0.12,18116.0,United Kingdom
568896,22881,NUMBER TILE VINTAGE FONT 2,2,9/29/2011 13:13,1.95,16361.0,United Kingdom
541991,22915,ASSORTED BOTTLE TOP  MAGNETS ,12,1/25/2011 9:11,0.42,12417.0,Belgium
577057,23290,SPACEBOY CHILDRENS BOWL,1,11/17/2011 14:26,1.25,12748.0,United Kingdom
544147,21703,BAG 125g SWIRLY MARBLES,6,2/16/2011 11:59,0.42,16306.0,United Kingdom
539502,22614,PACK OF 12 SPACEBOY TISSUES,24,12/20/2010 11:14,0.29,14099.0,United Kingdom
563248,84987,SET OF 36 TEATIME PAPER DOILIES,2,8/15/2011 11:30,1.45,14702.0,United Kingdom
578289,21155,RED RETROSPOT PEG BAG,4,11/23/2011 14:07,2.55,17841.0,United Kingdom
577062,84988,SET OF 72 PINK HEART PAPER DOILIES,24,11/17/2011 14:40,1.45,18221.0,United Kingdom
557009,23080,RED METAL BOX TOP SECRET,2,6/16/2011 11:38,8.25,14321.0,United Kingdom
564314,22689,DOORMAT MERRY CHRISTMAS RED ,6,8/24/2011 12:58,7.95,12695.0,France
575504,22720,SET OF 3 CAKE TINS PANTRY DESIGN ,3,11/10/2011 10:29,4.95,14895.0,United Kingdom
553842,21578,WOODLAND DESIGN  COTTON TOTE BAG,12,5/19/2011 12:24,2.25,12524.0,Germany
546643,22848,BREAD BIN DINER STYLE PINK,1,3/15/2011 13:23,16.95,16214.0,United Kingdom
569767,23192,BUNDLE OF 3 ALPHABET EXERCISE BOOKS,12,10/6/2011 11:24,1.65,14849.0,United Kingdom
546423,48184,DOORMAT ENGLISH ROSE ,1,3/13/2011 12:39,7.95,14502.0,United Kingdom
543030,22027,TEA PARTY BIRTHDAY CARD,12,2/2/2011 15:22,0.42,12437.0,France
580640,22429,ENAMEL MEASURING JUG CREAM,1,12/5/2011 12:51,4.25,16910.0,United Kingdom
554808,84879,ASSORTED COLOUR BIRD ORNAMENT,8,5/26/2011 13:01,1.69,17059.0,United Kingdom
546373,21042,RED RETROSPOT APRON ,6,3/11/2011 12:00,5.95,12583.0,France
571205,22112,CHOCOLATE HOT WATER BOTTLE,3,10/14/2011 12:41,4.95,15620.0,United Kingdom
536749,20967,GREY FLORAL FELTCRAFT SHOULDER BAG,1,12/2/2010 13:49,3.75,17976.0,United Kingdom
567656,21915,RED  HARMONICA IN BOX ,8,9/21/2011 14:40,2.46,14096.0,United Kingdom
548650,21181,PLEASE ONE PERSON METAL SIGN,12,4/1/2011 13:22,2.1,14852.0,United Kingdom
572294,21156,RETROSPOT CHILDRENS APRON,7,10/23/2011 13:10,1.95,13471.0,United Kingdom
569217,84596F,SMALL MARSHMALLOWS PINK BOWL,8,10/2/2011 12:45,0.42,15579.0,United Kingdom
562733,22314,OFFICE MUG WARMER CHOC+BLUE,6,8/9/2011 10:20,2.95,14626.0,United Kingdom
549847,85176,SEWING SUSAN 21 NEEDLE SET,12,4/12/2011 14:43,0.85,15358.0,United Kingdom
561221,23245,SET OF 3 REGENCY CAKE TINS,4,7/26/2011 9:23,4.95,15281.0,United Kingdom
541816,22930,BAKING MOULD HEART MILK CHOCOLATE,2,1/21/2011 15:57,2.55,17799.0,United Kingdom
571205,23083,SET 6 PAPER TABLE LANTERN STARS ,6,10/14/2011 12:41,3.75,15620.0,United Kingdom
536415,22554,PLASTERS IN TIN WOODLAND ANIMALS,3,12/1/2010 11:57,1.65,12838.0,United Kingdom
565438,21929,JUMBO BAG PINK VINTAGE PAISLEY,10,9/4/2011 13:56,2.08,17229.0,United Kingdom
572732,22207,FRYING PAN UNION FLAG,2,10/25/2011 15:21,4.25,18079.0,United Kingdom
571190,20760,GARDEN PATH POCKET BOOK,1,10/14/2011 11:43,0.85,17771.0,United Kingdom
559866,21544,SKULLS  WATER TRANSFER TATTOOS ,12,7/13/2011 10:43,0.85,15795.0,United Kingdom
578520,22608,PENS ASSORTED FUNKY JEWELED ,72,11/24/2011 13:57,0.19,14591.0,United Kingdom
555492,22432,WATERING CAN PINK BUNNY,12,6/3/2011 14:24,1.95,16967.0,United Kingdom
578302,23243,SET OF TEA COFFEE SUGAR TINS PANTRY,4,11/23/2011 15:23,4.95,16057.0,United Kingdom
568101,23378,PACK OF 12 50'S CHRISTMAS TISSUES,24,9/23/2011 15:21,0.39,15978.0,United Kingdom
578702,23569,TRADTIONAL ALPHABET STAMP SET,4,11/25/2011 10:58,4.95,15382.0,United Kingdom
550129,21124,SET/10 BLUE POLKADOT PARTY CANDLES,24,4/14/2011 13:17,1.25,13001.0,United Kingdom
542503,22379,RECYCLING BAG RETROSPOT ,25,1/28/2011 11:58,2.1,16327.0,United Kingdom
545157,84836,ZINC METAL HEART DECORATION,12,2/28/2011 13:27,1.25,14239.0,United Kingdom
566829,84029E,RED WOOLLY HOTTIE WHITE HEART.,24,9/15/2011 11:46,3.75,14608.0,United Kingdom
544702,22617,BAKING SET SPACEBOY DESIGN,3,2/23/2011 10:27,4.95,17135.0,United Kingdom
549251,84750B,BLACK SMALL GLASS CAKE STAND,4,4/7/2011 12:16,0.39,14449.0,United Kingdom
555835,21086,SET/6 RED SPOTTY PAPER CUPS,3,6/7/2011 12:34,0.65,14525.0,United Kingdom
556671,22553,PLASTERS IN TIN SKULLS,2,6/13/2011 16:33,1.65,17841.0,United Kingdom
567797,20973,12 PENCIL SMALL TUBE WOODLAND,24,9/22/2011 11:49,0.65,16735.0,United Kingdom
546764,22185,SLATE TILE NATURAL HANGING,12,3/16/2011 14:31,1.65,15671.0,United Kingdom
570680,21137,BLACK RECORD COVER FRAME,3,10/11/2011 15:36,3.75,13969.0,United Kingdom
580981,21930,JUMBO STORAGE BAG SKULLS,10,12/6/2011 16:02,2.08,16201.0,United Kingdom
573993,22910,PAPER CHAIN KIT VINTAGE CHRISTMAS,6,11/2/2011 11:23,2.95,16790.0,United Kingdom
537045,21175,GIN + TONIC DIET METAL SIGN,1,12/5/2010 10:54,2.1,15038.0,United Kingdom
572319,82483,WOOD 2 DRAWER CABINET WHITE FINISH,1,10/23/2011 16:19,6.95,14704.0,United Kingdom
558752,22251,BIRDHOUSE DECORATION MAGIC GARDEN,1,7/3/2011 11:40,1.25,16931.0,United Kingdom
564556,71053,WHITE METAL LANTERN,1,8/25/2011 19:48,3.75,12748.0,United Kingdom
565152,22208,WOOD STAMP SET THANK YOU,1,9/1/2011 14:42,0.83,17799.0,United Kingdom
556222,23321,SMALL WHITE HEART OF WICKER,3,6/9/2011 14:23,1.69,17522.0,United Kingdom
555017,22829,SWEETHEART WIRE WALL TIDY,3,5/31/2011 11:14,9.95,16801.0,United Kingdom
576688,22114,HOT WATER BOTTLE TEA AND SYMPATHY,4,11/16/2011 12:16,4.25,16717.0,United Kingdom
542258,22296,HEART IVORY TRELLIS LARGE,4,1/26/2011 17:08,1.65,17372.0,United Kingdom
570665,85040A,S/4 PINK FLOWER CANDLES IN BOWL,1,10/11/2011 14:22,1.65,16120.0,United Kingdom
559557,84926D,LA PALMIERA TILE COASTER,24,7/11/2011 10:33,0.29,17444.0,Canada
577838,21116,OWL DOORSTOP,6,11/22/2011 10:32,4.95,16352.0,United Kingdom
563658,15060B,FAIRY CAKE DESIGN UMBRELLA,60,8/18/2011 10:57,2.95,15505.0,United Kingdom
560998,23110,PARISIENNE KEY CABINET ,2,7/22/2011 14:07,5.75,14243.0,United Kingdom
555845,22413,METAL SIGN TAKE IT OR LEAVE IT ,2,6/7/2011 13:19,2.95,17015.0,United Kingdom
569139,22111,SCOTTIE DOG HOT WATER BOTTLE,3,9/30/2011 14:55,4.95,16404.0,United Kingdom
569897,22763,KEY CABINET MA CAMPAGNE,1,10/6/2011 16:01,9.95,17813.0,United Kingdom
580637,22075,6 RIBBONS ELEGANT CHRISTMAS ,2,12/5/2011 12:40,0.39,15033.0,United Kingdom
541012,84763,ZINC FINISH 15CM PLANTER POTS,1,1/13/2011 11:48,1.25,17019.0,United Kingdom
576689,23570,TRADITIONAL PICK UP STICKS GAME ,7,11/16/2011 12:18,1.25,16657.0,United Kingdom
538890,22815,CARD PSYCHEDELIC APPLES,24,12/14/2010 16:39,0.42,12867.0,United Kingdom
547383,47590A,BLUE HAPPY BIRTHDAY BUNTING,3,3/22/2011 15:42,5.45,12613.0,Germany
556845,23287,RED VINTAGE SPOT BEAKER,96,6/15/2011 11:30,0.72,17511.0,United Kingdom
567899,20977,36 PENCILS TUBE WOODLAND,16,9/22/2011 16:26,1.25,14911.0,EIRE
538313,22726,ALARM CLOCK BAKELIKE GREEN,1,12/10/2010 13:50,3.75,15514.0,United Kingdom
539075,20685,DOORMAT RED RETROSPOT,1,12/15/2010 17:28,7.95,17189.0,United Kingdom
543619,71053,WHITE METAL LANTERN,4,2/10/2011 14:51,3.75,16842.0,United Kingdom
574700,47590B,PINK HAPPY BIRTHDAY BUNTING,1,11/6/2011 13:53,5.45,16033.0,United Kingdom
537955,21733,RED HANGING HEART T-LIGHT HOLDER,2,12/9/2010 11:28,2.95,16782.0,United Kingdom
569789,21705,BAG 500g SWIRLY MARBLES,4,10/6/2011 11:41,1.65,16924.0,United Kingdom
565424,23342,MINT DINER WALL CLOCK,2,9/4/2011 12:24,8.5,15215.0,United Kingdom
576597,23499,SET 12 VINTAGE DOILY CHALK ,24,11/15/2011 14:57,0.42,14194.0,United Kingdom
561222,16169E,WRAP 50'S  CHRISTMAS,25,7/26/2011 9:27,0.42,13588.0,United Kingdom
539731,22417,PACK OF 60 SPACEBOY CAKE CASES,120,12/21/2010 15:05,0.42,14646.0,Netherlands
580884,22086,PAPER CHAIN KIT 50'S CHRISTMAS ,1,12/6/2011 12:21,2.95,15907.0,United Kingdom
541121,20750,RED RETROSPOT MINI CASES,6,1/14/2011 9:20,7.95,12672.0,France
571912,23535,WALL ART BICYCLE SAFETY,4,10/19/2011 15:26,5.95,17512.0,United Kingdom
542709,21891,TRADITIONAL WOODEN SKIPPING ROPE,12,1/31/2011 13:17,1.25,15144.0,United Kingdom
545902,22655,VINTAGE RED KITCHEN CABINET,1,3/7/2011 17:55,125.0,15834.0,United Kingdom
548558,22961,JAM MAKING SET PRINTED,12,4/1/2011 10:05,1.45,13626.0,United Kingdom
542373,22291,HANGING CHICK CREAM DECORATION,24,1/27/2011 13:38,1.45,16767.0,United Kingdom
560454,22083,PAPER CHAIN KIT RETROSPOT,6,7/19/2011 10:06,2.95,12947.0,United Kingdom
549281,21892,TRADITIONAL WOODEN CATCH CUP GAME ,12,4/7/2011 13:19,1.25,17735.0,United Kingdom
561697,72807C,SET/3 VANILLA SCENTED CANDLE IN BOX,4,7/29/2011 10:06,4.25,18127.0,United Kingdom
546769,22268,EASTER DECORATION SITTING BUNNY,12,3/16/2011 14:57,0.85,17504.0,United Kingdom
553996,84313C,ORANGE TV TRAY TABLE ,6,5/20/2011 11:33,1.95,15220.0,United Kingdom
571193,23238,SET OF 4 KNICK KNACK TINS LONDON ,12,10/14/2011 11:56,4.15,15484.0,United Kingdom
553363,22193,RED DINER WALL CLOCK,2,5/16/2011 14:19,8.5,13650.0,United Kingdom
545681,84559A,3D SHEET OF DOG STICKERS,1,3/6/2011 11:28,0.85,16923.0,United Kingdom
565930,22333,RETROSPOT PARTY BAG + STICKER SET,8,9/8/2011 10:32,1.65,12685.0,France
568040,21967,PACK OF 12 SKULL TISSUES,24,9/23/2011 12:09,0.39,12681.0,France
555383,21272,SALLE DE BAIN HOOK,4,6/2/2011 15:13,1.25,12517.0,Germany
550362,22090,PAPER BUNTING RETROSPOT,3,4/18/2011 11:13,2.95,13113.0,United Kingdom
564539,23199,JUMBO BAG APPLES,10,8/25/2011 15:22,2.08,12715.0,Sweden
547623,82551,LAUNDRY 15C METAL SIGN,12,3/24/2011 11:29,1.45,15641.0,United Kingdom
578931,23147,SINGLE ANTIQUE ROSE HOOK IVORY,4,11/27/2011 12:40,1.45,16942.0,United Kingdom
541816,21499,BLUE POLKADOT WRAP,25,1/21/2011 15:56,0.42,17799.0,United Kingdom
538199,22399,MAGNETS PACK OF 4 CHILDHOOD MEMORY,6,12/10/2010 11:02,1.25,14082.0,United Kingdom
571117,23039,T-LIGHT HOLDER SILVER HEART HANDLE,6,10/13/2011 17:51,1.95,16224.0,United Kingdom
544466,22282,12 EGG HOUSE PAINTED WOOD,1,2/20/2011 15:43,12.75,14606.0,United Kingdom
574481,23329,DECORATIVE WICKER HEART LARGE,3,11/4/2011 12:45,1.65,18022.0,United Kingdom
540692,22561,WOODEN SCHOOL COLOURING SET,12,1/11/2011 9:12,1.65,14320.0,United Kingdom
546915,22557,PLASTERS IN TIN VINTAGE PAISLEY ,12,3/18/2011 8:31,1.65,15695.0,United Kingdom
576381,85099C,JUMBO  BAG BAROQUE BLACK WHITE,10,11/15/2011 9:26,2.08,12839.0,United Kingdom
571548,22749,FELTCRAFT PRINCESS CHARLOTTE DOLL,4,10/18/2011 7:56,3.75,15505.0,United Kingdom
550956,22971,QUEENS GUARD COFFEE MUG,4,4/21/2011 16:37,2.55,17179.0,United Kingdom
571007,48187,DOORMAT NEW ENGLAND,2,10/13/2011 12:07,8.25,13487.0,United Kingdom
555734,82483,WOOD 2 DRAWER CABINET WHITE FINISH,16,6/7/2011 8:21,5.95,17696.0,United Kingdom
574506,48173C,DOORMAT BLACK FLOCK ,1,11/4/2011 13:24,8.25,12577.0,France
572662,21591,COSY HOUR CIGAR BOX MATCHES ,24,10/25/2011 12:54,1.25,15443.0,United Kingdom
556937,22766,PHOTO FRAME CORNICE,8,6/15/2011 16:05,2.95,17716.0,United Kingdom
537374,22866,HAND WARMER SCOTTY DOG DESIGN,1,12/6/2010 12:55,2.1,17259.0,United Kingdom
558461,23198,PANTRY MAGNETIC  SHOPPING LIST,2,6/29/2011 15:03,1.45,13263.0,United Kingdom
556056,23239,SET OF 4 KNICK KNACK TINS POPPIES,1,6/8/2011 13:35,4.15,17841.0,United Kingdom
578255,21804,WHITE CHRISTMAS GARLAND STARS TREES,2,11/23/2011 12:58,3.75,14675.0,United Kingdom
547382,22410,MONEY BOX HOUSEKEEPING DESIGN,2,3/22/2011 15:31,1.25,15457.0,United Kingdom
575612,21485,RETROSPOT HEART HOT WATER BOTTLE,6,11/10/2011 12:47,4.95,17416.0,United Kingdom
559366,85123A,WHITE HANGING HEART T-LIGHT HOLDER,18,7/8/2011 9:03,2.95,13102.0,United Kingdom
572682,22801,ANTIQUE GLASS PEDESTAL BOWL,1,10/25/2011 13:52,3.75,17928.0,United Kingdom
544824,22932,BAKING MOULD TOFFEE CUP CHOCOLATE,6,2/24/2011 9:32,2.55,17139.0,United Kingdom
571746,22699,ROSES REGENCY TEACUP AND SAUCER ,6,10/19/2011 10:56,2.95,17043.0,United Kingdom
537781,22563,HAPPY STENCIL CRAFT,1,12/8/2010 12:46,1.25,17341.0,United Kingdom
548509,46000S,POLYESTER FILLER PAD 40x40cm,4,3/31/2011 15:00,1.45,14543.0,United Kingdom
572865,22175,PINK OWL SOFT TOY,1,10/26/2011 13:01,2.95,17841.0,United Kingdom
572669,21169,YOU'RE CONFUSING ME METAL SIGN ,4,10/25/2011 13:10,1.69,16549.0,United Kingdom
579430,23582,VINTAGE DOILY JUMBO BAG RED ,1,11/29/2011 13:06,2.08,12748.0,United Kingdom
548708,22488,NATURAL SLATE RECTANGLE CHALKBOARD,3,4/3/2011 12:41,1.65,13269.0,United Kingdom
563728,22809,SET OF 6 T-LIGHTS SANTA,6,8/18/2011 17:09,2.95,17045.0,United Kingdom
542595,22808,SET OF 6 T-LIGHTS EASTER CHICKS,3,1/30/2011 10:19,2.95,14040.0,United Kingdom
546732,85130D,BEADED CRYSTAL HEART PINK LARGE,1,3/16/2011 11:41,1.65,14606.0,United Kingdom
549906,21743,STAR PORTABLE TABLE LIGHT ,2,4/12/2011 16:28,2.95,14998.0,United Kingdom
544657,20972,PINK CREAM FELT CRAFT TRINKET BOX ,12,2/22/2011 13:08,1.25,14895.0,United Kingdom
572023,21121,SET/10 RED POLKADOT PARTY CANDLES,1,10/20/2011 11:03,1.25,17764.0,United Kingdom
551162,21977,PACK OF 60 PINK PAISLEY CAKE CASES,60,4/26/2011 15:45,0.42,12901.0,United Kingdom
562965,22384,LUNCH BAG PINK POLKADOT,10,8/11/2011 10:45,1.65,18226.0,United Kingdom
553848,22621,TRADITIONAL KNITTING NANCY,12,5/19/2011 12:50,1.65,17364.0,United Kingdom
568218,22111,SCOTTIE DOG HOT WATER BOTTLE,3,9/26/2011 9:52,4.95,13389.0,United Kingdom
540561,82482,WOODEN PICTURE FRAME WHITE FINISH,6,1/10/2011 10:32,2.55,13004.0,United Kingdom
569208,23013,GLASS APOTHECARY BOTTLE TONIC,1,10/2/2011 11:10,3.95,16693.0,United Kingdom
549278,22964,3 PIECE SPACEBOY COOKIE CUTTER SET,3,4/7/2011 13:16,2.1,16255.0,United Kingdom
559676,22082,RIBBON REEL STRIPES DESIGN ,10,7/11/2011 14:40,1.65,17340.0,United Kingdom
571323,85099B,JUMBO BAG RED RETROSPOT,10,10/17/2011 11:07,2.08,13534.0,United Kingdom
556267,16216,LETTER SHAPE PENCIL SHARPENER,1600,6/9/2011 19:33,0.06,13694.0,United Kingdom
578400,22450,SILK PURSE BABUSHKA BLUE,1,11/24/2011 11:52,3.35,12748.0,United Kingdom
559545,22592,CARDHOLDER HOLLY WREATH METAL,6,7/10/2011 14:42,3.75,15467.0,United Kingdom
543651,21746,SMALL RED RETROSPOT WINDMILL,12,2/11/2011 10:06,1.25,16306.0,United Kingdom
544931,21733,RED HANGING HEART T-LIGHT HOLDER,36,2/24/2011 18:59,2.55,13501.0,Switzerland
549571,21668,RED STRIPE CERAMIC DRAWER KNOB,12,4/10/2011 15:25,1.25,15655.0,United Kingdom
573345,22829,SWEETHEART WIRE WALL TIDY,1,10/30/2011 12:14,9.95,17609.0,United Kingdom
560754,72232,FENG SHUI PILLAR CANDLE,24,7/20/2011 15:56,0.19,17754.0,United Kingdom
541681,22554,PLASTERS IN TIN WOODLAND ANIMALS,12,1/20/2011 14:24,1.65,13008.0,United Kingdom
539594,22910,PAPER CHAIN KIT VINTAGE CHRISTMAS,40,12/20/2010 13:31,2.55,17621.0,United Kingdom
560385,72803A,ROSE SCENT CANDLE JEWELLED DRAWER,2,7/18/2011 12:53,4.25,14583.0,United Kingdom
542595,22247,BUNNY DECORATION MAGIC GARDEN,4,1/30/2011 10:19,0.85,14040.0,United Kingdom
576213,47503H,ASS FLORAL PRINT SPIRIT LEVEL ,1,11/14/2011 12:47,0.79,18117.0,United Kingdom
552036,22425,ENAMEL COLANDER CREAM,3,5/5/2011 19:16,4.95,12748.0,United Kingdom
566605,22384,LUNCH BAG PINK POLKADOT,3,9/13/2011 16:27,1.65,13263.0,United Kingdom
574700,21986,PACK OF 12 PINK POLKADOT TISSUES,12,11/6/2011 13:53,0.39,16033.0,United Kingdom
579196,71053,WHITE MOROCCAN METAL LANTERN,2,11/28/2011 15:54,8.29,14096.0,United Kingdom
557604,85099F,JUMBO BAG STRAWBERRY,10,6/21/2011 12:03,2.08,15039.0,United Kingdom
541839,22666,RECIPE BOX PANTRY YELLOW DESIGN,2,1/23/2011 11:15,2.95,17769.0,United Kingdom
547106,20685,DOORMAT RED RETROSPOT,1,3/21/2011 11:24,7.95,15039.0,United Kingdom
567656,23096,PETIT TRAY CHIC,1,9/21/2011 14:40,3.29,14096.0,United Kingdom
576614,22897,OVEN MITT APPLES DESIGN,4,11/15/2011 16:38,1.45,12933.0,United Kingdom
570426,22972,CHILDREN'S SPACEBOY MUG,12,10/10/2011 13:55,1.65,13352.0,United Kingdom
538403,22086,PAPER CHAIN KIT 50'S CHRISTMAS ,9,12/12/2010 11:46,2.95,17211.0,United Kingdom
576874,22470,HEART OF WICKER LARGE,6,11/16/2011 16:30,2.95,15432.0,United Kingdom
568654,22555,PLASTERS IN TIN STRONGMAN,12,9/28/2011 12:20,1.65,14911.0,EIRE
570430,72800E,4 IVORY DINNER CANDLES SILVER FLOCK,2,10/10/2011 14:25,2.55,15886.0,United Kingdom
552853,21094,SET/6 RED SPOTTY PAPER PLATES,8,5/11/2011 15:13,0.85,16712.0,United Kingdom
568059,21481,FAWN BLUE HOT WATER BOTTLE,2,9/23/2011 12:58,3.75,13097.0,United Kingdom
545430,82484,WOOD BLACK BOARD ANT WHITE FINISH,4,3/2/2011 14:50,7.95,15636.0,United Kingdom
556937,21213,PACK OF 72 SKULL CAKE CASES,24,6/15/2011 16:05,0.55,17716.0,United Kingdom
571281,22947,WOODEN ADVENT CALENDAR RED,28,10/16/2011 13:23,12.75,14088.0,United Kingdom
568712,23265,SET OF 3 WOODEN TREE DECORATIONS,1,9/28/2011 15:50,1.25,17841.0,United Kingdom
545086,21976,PACK OF 60 MUSHROOM CAKE CASES,24,2/28/2011 11:43,0.55,12678.0,France
547202,20723,STRAWBERRY CHARLOTTE BAG,2,3/21/2011 13:38,0.85,17841.0,United Kingdom
574911,72807B,SET/3 OCEAN SCENT CANDLE JEWEL BOX,4,11/7/2011 15:49,4.25,14073.0,United Kingdom
580098,23108,SET OF 10 LED DOLLY LIGHTS,2,12/1/2011 15:05,6.25,15373.0,United Kingdom
555728,22197,SMALL POPCORN HOLDER,5,6/6/2011 16:41,0.85,17252.0,United Kingdom
576246,22364,GLASS JAR DIGESTIVE BISCUITS,1,11/14/2011 13:42,2.95,17566.0,United Kingdom
551147,85150,LADIES & GENTLEMEN METAL SIGN,12,4/26/2011 14:07,2.55,14210.0,United Kingdom
555500,23201,JUMBO BAG ALPHABET,2,6/3/2011 15:32,2.08,15508.0,United Kingdom
567621,22558,CLOTHES PEGS RETROSPOT PACK 24 ,2,9/21/2011 12:46,1.65,16016.0,United Kingdom
547907,22138,BAKING SET 9 PIECE RETROSPOT ,3,3/28/2011 12:18,4.95,15083.0,United Kingdom
543120,22569,FELTCRAFT CUSHION BUTTERFLY,2,2/3/2011 13:53,3.75,13668.0,United Kingdom
572216,22745,POPPY'S PLAYHOUSE BEDROOM ,1,10/21/2011 12:56,2.1,16015.0,United Kingdom
571653,15039,SANDALWOOD FAN,50,10/18/2011 12:17,0.53,14298.0,United Kingdom
560577,85152,HAND OVER THE CHOCOLATE   SIGN ,12,7/19/2011 15:07,2.1,18223.0,United Kingdom
555603,23301,GARDENERS KNEELING PAD KEEP CALM ,12,6/6/2011 11:36,1.65,16209.0,United Kingdom
571105,22577,WOODEN HEART CHRISTMAS SCANDINAVIAN,3,10/13/2011 16:01,0.29,17614.0,United Kingdom
542812,72122,COFFEE SCENT PILLAR CANDLE,12,2/1/2011 11:21,0.95,14850.0,United Kingdom
554139,15056BL,EDWARDIAN PARASOL BLACK,3,5/23/2011 10:34,5.95,14911.0,EIRE
544393,85099B,JUMBO BAG RED RETROSPOT,2,2/18/2011 11:56,1.95,16393.0,United Kingdom
545053,21975,PACK OF 60 DINOSAUR CAKE CASES,1,2/27/2011 12:41,0.55,17516.0,United Kingdom
580305,84051,ASS COLOUR GLOWING TIARAS,1,12/2/2011 14:26,0.85,12970.0,United Kingdom
574250,22375,AIRLINE BAG VINTAGE JET SET BROWN,1,11/3/2011 13:09,4.25,17634.0,United Kingdom
571937,21905,MORE BUTTER METAL SIGN ,24,10/20/2011 9:28,0.79,14911.0,EIRE
576852,22417,PACK OF 60 SPACEBOY CAKE CASES,2,11/16/2011 15:45,0.55,16809.0,United Kingdom
553499,23118,PARISIENNE JEWELLERY DRAWER ,4,5/17/2011 12:57,7.5,17504.0,United Kingdom
576326,21365,MIRRORED WALL ART STARS,1,11/14/2011 15:18,0.75,16504.0,United Kingdom
557213,21558,SKULL LUNCH BOX WITH CUTLERY ,3,6/17/2011 12:16,2.55,15021.0,United Kingdom
572294,23184,BULL DOG BOTTLE OPENER,3,10/23/2011 13:10,4.95,13471.0,United Kingdom
580914,22556,PLASTERS IN TIN CIRCUS PARADE ,1,12/6/2011 13:42,1.65,14871.0,United Kingdom
536938,21479,WHITE SKULL HOT WATER BOTTLE ,72,12/3/2010 12:05,3.39,14680.0,United Kingdom
555383,22664,TOY TIDY DOLLY GIRL DESIGN,1,6/2/2011 15:13,2.1,12517.0,Germany
554994,21216,"SET 3 RETROSPOT TEA,COFFEE,SUGAR",1,5/29/2011 14:18,4.95,14606.0,United Kingdom
575856,23497,CLASSIC CHROME BICYCLE BELL ,1,11/11/2011 12:28,1.45,16386.0,United Kingdom
567165,21640,ASSORTED TUTTI FRUTTI  FOB NOTEBOOK,1,9/18/2011 11:58,0.85,17841.0,United Kingdom
575607,21481,FAWN BLUE HOT WATER BOTTLE,2,11/10/2011 12:37,5.79,14096.0,United Kingdom
542586,22037,ROBOT BIRTHDAY CARD,12,1/28/2011 15:45,0.42,12377.0,Switzerland
554102,22837,HOT WATER BOTTLE BABUSHKA ,3,5/22/2011 13:40,4.65,14647.0,United Kingdom
563440,21084,SET/6 COLLAGE PAPER CUPS,24,8/16/2011 13:12,0.19,13189.0,United Kingdom
567092,22142,CHRISTMAS CRAFT WHITE FAIRY ,24,9/16/2011 12:48,1.45,13196.0,United Kingdom
561869,23322,LARGE WHITE HEART OF WICKER,1,7/31/2011 11:38,2.95,16764.0,United Kingdom
562146,21933,PINK VINTAGE PAISLEY PICNIC BAG,10,8/3/2011 10:45,1.65,17675.0,United Kingdom
577504,23307,SET OF 60 PANTRY DESIGN CAKE CASES ,4,11/20/2011 12:36,0.55,14159.0,United Kingdom
570180,22732,3D VINTAGE CHRISTMAS STICKERS ,18,10/7/2011 14:28,1.25,17509.0,United Kingdom
555234,85099B,JUMBO BAG RED RETROSPOT,10,6/1/2011 12:54,2.08,14515.0,United Kingdom
556017,23199,JUMBO BAG APPLES,10,6/8/2011 11:56,2.08,15382.0,United Kingdom
577690,23266,SET OF 3 WOODEN STOCKING DECORATION,5,11/21/2011 11:34,1.25,12856.0,United Kingdom
549977,22384,LUNCH BAG PINK POLKADOT,5,4/13/2011 14:54,1.65,14810.0,United Kingdom
571441,72816,SET/3 CHRISTMAS DECOUPAGE CANDLES,7,10/17/2011 13:31,2.46,14096.0,United Kingdom
547109,85014B,RED RETROSPOT UMBRELLA,3,3/21/2011 11:46,5.95,12423.0,Belgium
577504,23204,CHARLOTTE BAG APPLES DESIGN,4,11/20/2011 12:36,0.85,14159.0,United Kingdom
581150,46000M,POLYESTER FILLER PAD 45x45cm,1,12/7/2011 14:12,1.55,17266.0,United Kingdom
566300,21181,PLEASE ONE PERSON METAL SIGN,24,9/11/2011 16:05,2.1,18215.0,United Kingdom
545322,21314,SMALL GLASS HEART TRINKET POT,48,3/1/2011 14:56,1.85,13599.0,United Kingdom
570521,23159,SET OF 5 PANCAKE DAY MAGNETS,12,10/11/2011 10:43,2.08,12371.0,Switzerland
569650,23526,DOG LICENCE WALL ART,180,10/5/2011 12:44,5.35,12415.0,Australia
551055,21519,GIN & TONIC DIET GREETING CARD ,24,4/26/2011 11:51,0.42,15903.0,United Kingdom
574959,23343,JUMBO BAG VINTAGE CHRISTMAS ,1,11/8/2011 10:09,2.08,17886.0,United Kingdom
554843,22441,GROW YOUR OWN BASIL IN ENAMEL MUG,8,5/26/2011 19:13,2.1,13911.0,United Kingdom
552269,22090,PAPER BUNTING RETROSPOT,3,5/8/2011 11:52,2.95,16121.0,United Kingdom
575128,85150,LADIES & GENTLEMEN METAL SIGN,6,11/8/2011 14:27,2.55,16837.0,United Kingdom
576932,23116,VEGETABLE GARDEN CHOPPING BOARD,1,11/17/2011 11:12,4.95,15443.0,United Kingdom
542611,22243,5 HOOK HANGER RED MAGIC TOADSTOOL,12,1/30/2011 14:13,1.65,15415.0,United Kingdom
556965,21891,TRADITIONAL WOODEN SKIPPING ROPE,12,6/16/2011 9:49,1.45,15129.0,United Kingdom
572675,23319,BOX OF 6 MINI 50'S CRACKERS,2,10/25/2011 13:20,2.49,17917.0,United Kingdom
581412,23344,JUMBO BAG 50'S CHRISTMAS ,10,12/8/2011 14:38,2.08,14415.0,United Kingdom
548188,22921,HERB MARKER CHIVES ,2,3/29/2011 15:12,0.65,13263.0,United Kingdom
574681,23569,TRADTIONAL ALPHABET STAMP SET,4,11/6/2011 12:41,4.95,15156.0,United Kingdom
578370,22991,GIRAFFE WOODEN RULER,2,11/24/2011 11:11,1.95,17346.0,United Kingdom
576593,22773,GREEN DRAWER KNOB ACRYLIC EDWARDIAN,8,11/15/2011 14:48,1.25,15720.0,United Kingdom
554070,21754,HOME BUILDING BLOCK WORD,4,5/22/2011 11:06,5.95,13555.0,United Kingdom
560239,21670,BLUE SPOT CERAMIC DRAWER KNOB,12,7/17/2011 11:50,1.25,13507.0,United Kingdom
557442,22554,PLASTERS IN TIN WOODLAND ANIMALS,4,6/20/2011 12:53,1.65,14808.0,United Kingdom
575593,22846,BREAD BIN DINER STYLE RED ,1,11/10/2011 12:12,16.95,14226.0,United Kingdom
580731,23311,VINTAGE CHRISTMAS STOCKING ,5,12/5/2011 17:36,2.55,17383.0,United Kingdom
572193,23340,VINTAGE CHRISTMAS CAKE FRILL,240,10/21/2011 11:33,1.65,15061.0,United Kingdom
576688,22141,CHRISTMAS CRAFT TREE TOP ANGEL,6,11/16/2011 12:16,2.1,16717.0,United Kingdom
570718,22708,WRAP DOLLY GIRL,25,10/12/2011 10:36,0.42,12518.0,Germany
575337,21993,FLORAL FOLK STATIONERY SET,1,11/9/2011 14:11,1.25,17867.0,United Kingdom
571054,22044,CHRISTMAS CARD STACK OF PRESENTS,12,10/13/2011 13:58,0.19,14234.0,United Kingdom
552888,22328,ROUND SNACK BOXES SET OF 4 FRUITS ,96,5/12/2011 10:23,2.55,15061.0,United Kingdom
572653,23205,CHARLOTTE BAG VINTAGE ALPHABET ,4,10/25/2011 12:12,0.85,15861.0,United Kingdom
544657,21035,SET/2 RED RETROSPOT TEA TOWELS ,6,2/22/2011 13:08,3.25,14895.0,United Kingdom
539002,21802,CHRISTMAS TREE HEART DECORATION,2,12/15/2010 12:30,0.42,14527.0,United Kingdom
553831,23080,RED METAL BOX TOP SECRET,2,5/19/2011 11:36,8.25,14442.0,Channel Islands
538592,22111,SCOTTIE DOG HOT WATER BOTTLE,3,12/13/2010 11:47,4.95,15854.0,United Kingdom
574700,22952,60 CAKE CASES VINTAGE CHRISTMAS,6,11/6/2011 13:53,0.55,16033.0,United Kingdom
539247,22910,PAPER CHAIN KIT VINTAGE CHRISTMAS,2,12/16/2010 13:33,2.95,15311.0,United Kingdom
560098,21175,GIN + TONIC DIET METAL SIGN,2,7/14/2011 17:44,2.55,16907.0,United Kingdom
576779,23271,CHRISTMAS TABLE SILVER CANDLE SPIKE,16,11/16/2011 13:25,0.83,14554.0,United Kingdom
553859,23090,VINTAGE GLASS T-LIGHT HOLDER,12,5/19/2011 13:35,0.83,14505.0,United Kingdom
545044,21086,SET/6 RED SPOTTY PAPER CUPS,12,2/27/2011 11:31,0.65,15738.0,United Kingdom
558862,22568,FELTCRAFT CUSHION OWL,8,7/4/2011 12:25,3.75,13901.0,United Kingdom
567656,22810,SET OF 6 T-LIGHTS SNOWMEN,4,9/21/2011 14:40,5.79,14096.0,United Kingdom
568874,22349,DOG BOWL CHASING BALL DESIGN,1,9/29/2011 12:16,3.75,14524.0,United Kingdom
579406,21232,STRAWBERRY CERAMIC TRINKET POT,12,11/29/2011 12:27,1.25,13014.0,United Kingdom
575140,20725,LUNCH BAG RED RETROSPOT,10,11/8/2011 15:35,1.65,18198.0,United Kingdom
580997,48194,DOORMAT HEARTS,1,12/6/2011 17:23,8.25,15023.0,United Kingdom
557070,23299,FOOD COVER WITH BEADS SET 2 ,6,6/16/2011 15:28,3.75,14755.0,United Kingdom
557389,23049,RECYCLED ACAPULCO MAT RED,6,6/20/2011 11:03,8.25,15921.0,United Kingdom
555537,22804,CANDLEHOLDER PINK HANGING HEART,1,6/5/2011 12:37,2.95,15453.0,United Kingdom
569035,82583,HOT BATHS METAL SIGN,12,9/30/2011 10:44,2.1,15565.0,United Kingdom
562131,22382,LUNCH BAG SPACEBOY DESIGN ,10,8/3/2011 9:30,1.65,18178.0,United Kingdom
547910,82580,BATHROOM METAL SIGN,2,3/28/2011 12:23,0.55,14159.0,United Kingdom
578017,22551,PLASTERS IN TIN SPACEBOY,1,11/22/2011 13:07,1.65,13569.0,United Kingdom
556041,85135B,BLUE DRAGONFLY HELICOPTER,1,6/8/2011 12:44,7.95,17954.0,United Kingdom
580665,23309,SET OF 60 I LOVE LONDON CAKE CASES ,480,12/5/2011 14:06,0.42,16684.0,United Kingdom
541038,22665,RECIPE BOX BLUE SKETCHBOOK DESIGN,1,1/13/2011 12:10,2.95,16395.0,United Kingdom
577850,22966,GINGERBREAD MAN COOKIE CUTTER,12,11/22/2011 11:04,1.25,14911.0,EIRE
565803,22662,LUNCH BAG DOLLY GIRL DESIGN,10,9/7/2011 10:38,1.65,17735.0,United Kingdom
552036,21742,LARGE ROUND WICKER PLATTER ,2,5/5/2011 19:16,5.95,12748.0,United Kingdom
545026,22084,PAPER CHAIN KIT EMPIRE,60,2/25/2011 14:51,2.95,15939.0,United Kingdom
549012,82581,TOILET METAL SIGN,12,4/5/2011 14:51,0.55,16394.0,United Kingdom
536638,22318,FIVE HEART HANGING DECORATION,6,12/2/2010 11:41,2.95,16244.0,United Kingdom
562224,22971,QUEENS GUARD COFFEE MUG,36,8/3/2011 14:35,2.1,17306.0,United Kingdom
571475,23534,WALL ART STOP FOR TEA ,1,10/17/2011 14:42,5.95,15033.0,United Kingdom
552045,21977,PACK OF 60 PINK PAISLEY CAKE CASES,24,5/6/2011 9:22,0.55,18241.0,United Kingdom
565421,21471,STRAWBERRY RAFFIA FOOD COVER,1,9/4/2011 12:10,3.75,16744.0,United Kingdom
539957,22640,SET OF 4 NAPKIN CHARMS 3 KEYS ,6,12/23/2010 12:58,2.55,12585.0,Germany
567683,21430,SET/3 RED GINGHAM ROSE STORAGE BOX,4,9/21/2011 16:31,3.75,13704.0,United Kingdom
569562,21880,RED RETROSPOT TAPE,24,10/5/2011 9:43,0.65,12720.0,Germany
563695,23321,SMALL WHITE HEART OF WICKER,2,8/18/2011 13:17,1.65,13617.0,United Kingdom
580613,82484,WOOD BLACK BOARD ANT WHITE FINISH,2,12/5/2011 12:03,7.95,14759.0,United Kingdom
539307,22378,WALL TIDY RETROSPOT ,100,12/16/2010 17:43,0.85,13694.0,United Kingdom
559138,21523,DOORMAT FANCY FONT HOME SWEET HOME,1,7/6/2011 13:35,7.95,16919.0,United Kingdom
536522,22449,SILK PURSE BABUSHKA PINK,1,12/1/2010 12:49,3.35,15012.0,United Kingdom
562430,22197,POPCORN HOLDER,6,8/4/2011 17:26,0.85,18109.0,United Kingdom
547253,22425,ENAMEL COLANDER CREAM,2,3/22/2011 10:44,4.95,13869.0,United Kingdom
571322,23389,SPACEBOY MINI BACKPACK,4,10/17/2011 11:05,4.15,13534.0,United Kingdom
538363,22659,LUNCH BOX I LOVE LONDON,2,12/10/2010 17:14,1.95,18016.0,United Kingdom
539826,22666,RECIPE BOX PANTRY YELLOW DESIGN,4,12/22/2010 12:39,2.95,15044.0,United Kingdom
549325,22644,CERAMIC CHERRY CAKE MONEY BANK,12,4/8/2011 10:32,1.45,12717.0,Greece
563818,23206,LUNCH BAG APPLE DESIGN,10,8/19/2011 11:55,1.65,13327.0,United Kingdom
570167,84832,ZINC WILLIE WINKIE  CANDLE STICK,12,10/7/2011 14:04,0.85,15615.0,United Kingdom
571231,22998,TRAVEL CARD WALLET KEEP CALM,24,10/14/2011 14:22,0.42,15856.0,United Kingdom
561885,72351B,SET/6 PINK  BUTTERFLY T-LIGHTS,1,7/31/2011 13:13,2.1,15532.0,United Kingdom
579943,23165,LARGE CERAMIC TOP STORAGE JAR,12,12/1/2011 10:38,1.65,13040.0,United Kingdom
563749,23286,BLUE VINTAGE SPOT BEAKER,8,8/19/2011 10:10,0.85,12360.0,Austria
572095,22470,HEART OF WICKER LARGE,1,10/20/2011 15:15,2.95,15511.0,United Kingdom
568387,22192,BLUE DINER WALL CLOCK,4,9/27/2011 10:04,8.5,13704.0,United Kingdom
572458,23437, 50'S CHRISTMAS GIFT BAG LARGE,24,10/24/2011 12:51,1.25,15142.0,United Kingdom
537362,79160,HEART SHAPE WIRELESS DOORBELL,1,12/6/2010 12:34,2.1,17596.0,United Kingdom
572861,90018B,GOLD M.O.P ORBIT DROP EARRINGS,1,10/26/2011 12:46,4.25,14102.0,United Kingdom
569717,21137,BLACK RECORD COVER FRAME,12,10/6/2011 8:25,3.75,13845.0,United Kingdom
557294,21155,RED RETROSPOT PEG BAG,150,6/19/2011 13:28,2.1,13629.0,United Kingdom
571279,23101,SILVER STARS TABLE DECORATION,2,10/16/2011 12:54,0.83,16466.0,United Kingdom
573876,22596,CHRISTMAS STAR WISH LIST CHALKBOARD,4,11/1/2011 12:48,1.25,16360.0,United Kingdom
C572489,22465,HANGING METAL STAR LANTERN,-5,10/24/2011 13:59,1.65,17119.0,United Kingdom
549832,22925,BLUE GIANT GARDEN THERMOMETER,2,4/12/2011 13:10,5.95,17278.0,United Kingdom
536404,21063,PARTY INVITES JAZZ HEARTS,12,12/1/2010 11:29,0.85,16218.0,United Kingdom
C560148,20713,JUMBO BAG OWLS,-100,7/15/2011 11:10,1.79,15769.0,United Kingdom
558191,22138,BAKING SET 9 PIECE RETROSPOT ,2,6/27/2011 12:16,4.95,16869.0,United Kingdom
571227,22365,DOORMAT RESPECTABLE HOUSE,10,10/14/2011 13:54,7.08,12477.0,Germany
546421,22413,METAL SIGN TAKE IT OR LEAVE IT ,3,3/13/2011 11:21,2.95,13700.0,United Kingdom
536845,21326,AGED GLASS SILVER T-LIGHT HOLDER,6,12/2/2010 19:18,0.65,17961.0,United Kingdom
553660,84875B,GREEN SQUARE COMPACT MIRROR,24,5/18/2011 11:58,1.25,14620.0,United Kingdom
555473,20727,LUNCH BAG  BLACK SKULL.,10,6/3/2011 11:59,1.65,14700.0,United Kingdom
576573,21642,ASSORTED TUTTI FRUTTI PEN,24,11/15/2011 13:52,0.29,16600.0,United Kingdom
561877,22327,ROUND SNACK BOXES SET OF 4 SKULLS,3,7/31/2011 12:16,2.95,16401.0,United Kingdom
540604,21484,CHICK GREY HOT WATER BOTTLE,4,1/10/2011 11:38,3.45,15326.0,United Kingdom
577126,22721,SET OF 3 CAKE TINS SKETCHBOOK,18,11/17/2011 19:22,4.95,12406.0,Denmark
576695,23499,SET 12 VINTAGE DOILY CHALK ,2,11/16/2011 12:25,0.42,16469.0,United Kingdom
563179,21731,RED TOADSTOOL LED NIGHT LIGHT,288,8/12/2011 14:19,1.45,12431.0,Australia
577741,22632,HAND WARMER RED RETROSPOT,24,11/21/2011 13:40,2.1,12921.0,United Kingdom
550972,21086,SET/6 RED SPOTTY PAPER CUPS,4,4/21/2011 17:05,0.65,14031.0,United Kingdom
546920,20719,WOODLAND CHARLOTTE BAG,10,3/18/2011 9:55,0.85,12471.0,Germany
549304,22139,RETROSPOT TEA SET CERAMIC 11 PC ,24,4/8/2011 8:39,4.25,16133.0,United Kingdom
572335,23535,WALL ART BICYCLE SAFETY,4,10/24/2011 10:27,5.95,14493.0,United Kingdom
544319,22244,3 HOOK HANGER MAGIC GARDEN,6,2/17/2011 15:03,1.95,14379.0,United Kingdom
579001,22551,PLASTERS IN TIN SPACEBOY,3,11/27/2011 16:19,1.65,15555.0,United Kingdom
576255,22093,MOTORING TISSUE BOX,3,11/14/2011 14:09,0.39,15993.0,United Kingdom
556050,21524,DOORMAT SPOTTY HOME SWEET HOME,2,6/8/2011 13:04,7.95,14367.0,United Kingdom
559372,22402,MAGNETS PACK OF 4 VINTAGE COLLAGE,12,7/8/2011 10:23,0.39,12461.0,Switzerland
571308,22620,4 TRADITIONAL SPINNING TOPS,12,10/17/2011 10:10,1.45,12475.0,Germany
572668,22981,PANTRY APPLE CORER,1,10/25/2011 13:07,1.45,18045.0,United Kingdom
545901,21040,MODERN VINTAGE COTTON SHOPPING BAG,3,3/7/2011 17:52,0.79,15834.0,United Kingdom
548867,21977,PACK OF 60 PINK PAISLEY CAKE CASES,2,4/4/2011 14:17,0.55,14719.0,United Kingdom
543040,21977,PACK OF 60 PINK PAISLEY CAKE CASES,2,2/2/2011 17:06,0.55,17337.0,United Kingdom
555347,23204,CHARLOTTE BAG APPLES DESIGN,10,6/2/2011 12:04,0.85,14389.0,United Kingdom
566875,20727,LUNCH BAG  BLACK SKULL.,10,9/15/2011 13:43,1.65,17669.0,United Kingdom
553192,22751,FELTCRAFT PRINCESS OLIVIA DOLL,48,5/15/2011 13:27,3.39,15333.0,United Kingdom
557956,20973,12 PENCIL SMALL TUBE WOODLAND,1,6/23/2011 19:20,0.65,18283.0,United Kingdom
558641,82580,BATHROOM METAL SIGN,12,7/1/2011 9:19,0.55,17865.0,United Kingdom
578914,85123A,WHITE HANGING HEART T-LIGHT HOLDER,4,11/27/2011 11:54,2.95,13782.0,United Kingdom
547894,23181,BULL DOG BOTTLE TOP WALL CLOCK,2,3/28/2011 10:26,8.25,13552.0,United Kingdom
565857,22171,3 HOOK PHOTO SHELF ANTIQUE WHITE,2,9/7/2011 14:13,8.5,14911.0,EIRE
542586,22544,MINI JIGSAW SPACEBOY,24,1/28/2011 15:45,0.42,12377.0,Switzerland
546249,21463,MIRRORED DISCO BALL ,2,3/10/2011 13:58,5.95,14606.0,United Kingdom
567478,23423,PANTRY 3 HOOK ROLLING PIN HANGER,6,9/20/2011 13:21,3.75,12584.0,Italy
536984,20966,SANDWICH BATH SPONGE,4,12/3/2010 14:35,1.25,17841.0,United Kingdom
562200,23243,SET OF TEA COFFEE SUGAR TINS PANTRY,4,8/3/2011 12:21,4.95,17719.0,United Kingdom
560581,84077,WORLD WAR 2 GLIDERS ASSTD DESIGNS,144,7/19/2011 15:29,0.29,12901.0,United Kingdom
569736,23320,GIANT 50'S CHRISTMAS CRACKER,12,10/6/2011 10:44,2.89,14317.0,United Kingdom
557787,22402,MAGNETS PACK OF 4 VINTAGE COLLAGE,1,6/22/2011 16:16,1.25,15041.0,United Kingdom
559120,22384,LUNCH BAG PINK POLKADOT,3,7/6/2011 12:18,1.65,16393.0,United Kingdom
562565,22804,CANDLEHOLDER PINK HANGING HEART,2,8/7/2011 10:45,2.95,16206.0,United Kingdom
578620,22555,PLASTERS IN TIN STRONGMAN,1,11/24/2011 15:21,1.65,17247.0,United Kingdom
578783,23126,FELTCRAFT GIRL AMELIE KIT,1,11/25/2011 11:58,4.95,12748.0,United Kingdom
564715,22297,HEART IVORY TRELLIS SMALL,1,8/28/2011 11:01,1.25,14472.0,United Kingdom
565413,21174,POTTERING IN THE SHED METAL SIGN,12,9/4/2011 11:49,2.08,18223.0,United Kingdom
556434,21745,GAOLERS KEYS DECORATIVE GARDEN ,12,6/10/2011 14:06,3.75,14895.0,United Kingdom
536587,22421,LIPSTICK PEN FUSCHIA,12,12/1/2010 16:33,0.42,14142.0,United Kingdom
551170,22348,TEA BAG PLATE RED RETROSPOT,12,4/26/2011 16:40,0.85,15145.0,United Kingdom
541126,85054,FRENCH ENAMEL POT W LID,12,1/14/2011 10:10,1.25,15626.0,United Kingdom
549577,22949,36 DOILIES DOLLY GIRL,12,4/11/2011 8:16,1.45,14286.0,United Kingdom
538354,22863,SOAP DISH BROCANTE,8,12/10/2010 15:45,2.95,16873.0,United Kingdom
554151,15058A,BLUE POLKADOT GARDEN PARASOL,2,5/23/2011 11:07,7.95,14049.0,United Kingdom
575583,23483,HANGING  BUTTERFLY T-LIGHT HOLDER,6,11/10/2011 11:55,1.25,14456.0,United Kingdom
563922,22733,3D TRADITIONAL CHRISTMAS STICKERS,1,8/21/2011 14:10,1.25,14529.0,United Kingdom
562621,84970S,HANGING HEART ZINC T-LIGHT HOLDER,12,8/8/2011 12:36,0.85,14415.0,United Kingdom
579708,22086,PAPER CHAIN KIT 50'S CHRISTMAS ,6,11/30/2011 14:16,2.95,12682.0,France
578244,23475,WOODLAND SMALL PINK FELT HEART,10,11/23/2011 12:36,0.83,15727.0,United Kingdom
542621,47599A,PINK PARTY BAGS,6,1/31/2011 9:05,2.1,12528.0,Germany
565209,22961,JAM MAKING SET PRINTED,2,9/1/2011 16:59,1.45,15910.0,United Kingdom
544445,21622,VINTAGE UNION JACK CUSHION COVER,2,2/20/2011 10:56,4.95,16746.0,United Kingdom
545649,21870,I CAN ONLY PLEASE ONE PERSON MUG,1,3/4/2011 13:14,1.25,14995.0,United Kingdom
550503,85027L,FRENCH CHATEAU LARGE PLATTER ,6,4/18/2011 15:31,1.95,15508.0,United Kingdom
574091,16218,CARTOON  PENCIL SHARPENERS,80,11/3/2011 9:20,0.06,17086.0,United Kingdom
548533,21175,GIN + TONIC DIET METAL SIGN,12,3/31/2011 17:17,2.55,13883.0,United Kingdom
574063,21823,PAINTED METAL HEART WITH HOLLY BELL,1,11/2/2011 14:31,0.39,13271.0,United Kingdom
564559,22749,FELTCRAFT PRINCESS CHARLOTTE DOLL,4,8/26/2011 9:37,3.75,15811.0,United Kingdom
557745,22024,RAINY LADIES BIRTHDAY CARD,12,6/22/2011 12:16,0.42,15750.0,United Kingdom
574547,21132,SILVER STANDING GNOME   ,1,11/4/2011 15:08,4.25,17841.0,United Kingdom
573289,20712,JUMBO BAG WOODLAND ANIMALS,20,10/28/2011 14:44,2.08,12705.0,Germany
567482,22487,WHITE WOOD GARDEN PLANT LADDER,1,9/20/2011 13:42,9.95,16464.0,United Kingdom
554669,22355,CHARLOTTE BAG SUKI DESIGN,10,5/25/2011 15:31,0.85,15203.0,United Kingdom
560711,82580,BATHROOM METAL SIGN,1,7/20/2011 12:58,0.55,17841.0,United Kingdom
566444,84030E,ENGLISH ROSE HOT WATER BOTTLE,4,9/12/2011 15:32,4.25,14020.0,United Kingdom
573496,23031,DRAWER KNOB CRACKLE GLAZE PINK,2,10/31/2011 11:59,1.65,17841.0,United Kingdom
547359,21928,JUMBO BAG SCANDINAVIAN BLUE PAISLEY,2,3/22/2011 12:27,1.95,15719.0,United Kingdom
580305,23489,VINTAGE BELLS GARLAND,1,12/2/2011 14:26,2.89,12970.0,United Kingdom
572030,22178,VICTORIAN GLASS HANGING T-LIGHT,24,10/20/2011 11:51,1.95,14923.0,United Kingdom
579497,85150,LADIES & GENTLEMEN METAL SIGN,1,11/29/2011 15:39,2.55,14349.0,United Kingdom
580619,23247,BISCUIT TIN 50'S CHRISTMAS,1,12/5/2011 12:08,2.89,15053.0,United Kingdom
574471,23352,ROLL WRAP 50'S RED CHRISTMAS ,24,11/4/2011 11:59,1.25,17677.0,United Kingdom
562517,23202,JUMBO BAG VINTAGE LEAF,4,8/5/2011 12:27,2.08,15719.0,United Kingdom
537399,21928,JUMBO BAG SCANDINAVIAN PAISLEY,2,12/6/2010 14:31,1.95,13030.0,United Kingdom
552055,82551,LAUNDRY 15C METAL SIGN,12,5/6/2011 10:32,1.45,16353.0,United Kingdom
576339,20725,LUNCH BAG RED RETROSPOT,4,11/14/2011 15:27,4.13,14096.0,United Kingdom
581164,37449,CERAMIC CAKE STAND + HANGING CAKES,1,12/7/2011 14:34,9.95,14395.0,United Kingdom
566258,22113,GREY HEART HOT WATER BOTTLE,1,9/11/2011 12:45,4.25,13124.0,United Kingdom
581449,23462,ROCOCO WALL MIRROR WHITE,1,12/8/2011 17:37,19.95,12748.0,United Kingdom
572913,22736,RIBBON REEL MAKING SNOWMEN ,4,10/26/2011 16:21,1.65,15993.0,United Kingdom
569457,22303,COFFEE MUG APPLES DESIGN,5,10/4/2011 11:29,2.55,14606.0,United Kingdom
575871,22635,CHILDS BREAKFAST SET DOLLY GIRL ,2,11/11/2011 12:52,9.95,14911.0,EIRE
540500,22423,REGENCY CAKESTAND 3 TIER,16,1/9/2011 10:26,10.95,15465.0,United Kingdom
555947,35646,VINTAGE BEAD PINK EVENING BAG,24,6/8/2011 10:45,1.25,14911.0,EIRE
552870,23168,CLASSIC SUGAR DISPENSER,12,5/12/2011 8:42,1.25,15513.0,United Kingdom
578308,22739,RIBBON REEL CHRISTMAS SOCK BAUBLE,1,11/23/2011 16:09,1.65,12748.0,United Kingdom
543529,85066,CREAM SWEETHEART MINI CHEST,5,2/9/2011 12:16,12.75,18109.0,United Kingdom
569326,22544,MINI JIGSAW SPACEBOY,24,10/3/2011 12:47,0.42,14360.0,United Kingdom
567185,23132,SMALL IVORY HEART WALL ORGANISER,2,9/18/2011 15:55,5.75,16370.0,United Kingdom
548186,21107,CREAM SLICE FLANNEL PINK SPOT ,24,3/29/2011 15:02,2.55,13777.0,United Kingdom
548863,22104,MIRROR MOSAIC CANDLE PLATE,1,4/4/2011 13:57,1.45,15311.0,United Kingdom
573070,21873,IF YOU CAN'T STAND THE HEAT MUG,1,10/27/2011 13:59,1.25,13263.0,United Kingdom
564725,23264,SET OF 3 WOODEN SLEIGH DECORATIONS,1,8/28/2011 12:28,1.25,18041.0,United Kingdom
548673,84879,ASSORTED COLOUR BIRD ORNAMENT,32,4/1/2011 16:18,1.69,13767.0,United Kingdom
540412,85066,CREAM SWEETHEART MINI CHEST,2,1/7/2011 10:27,12.75,13842.0,United Kingdom
552822,22436,12 COLOURED PARTY BALLOONS,10,5/11/2011 12:59,0.65,15521.0,United Kingdom
536538,85199L,LARGE HANGING IVORY & RED WOOD BIRD,10,12/1/2010 13:54,0.65,14594.0,United Kingdom
574740,20750,RED RETROSPOT MINI CASES,12,11/6/2011 16:07,6.35,12357.0,Switzerland
565519,85114C,RED ENCHANTED FOREST PLACEMAT,12,9/5/2011 11:52,1.65,12502.0,Spain
542254,85066,CREAM SWEETHEART MINI CHEST,4,1/26/2011 16:41,12.75,14733.0,United Kingdom
556280,21386,IVORY HANGING DECORATION  EGG,7,6/9/2011 20:03,0.19,14584.0,United Kingdom
574661,85048,15CM CHRISTMAS GLASS BALL 20 LIGHTS,2,11/6/2011 11:56,7.95,13447.0,United Kingdom
537049,84032B,CHARLIE + LOLA RED HOT WATER BOTTLE,6,12/5/2010 11:04,2.95,16241.0,United Kingdom
578998,23215,JINGLE BELL HEART ANTIQUE SILVER,1,11/27/2011 16:05,2.08,15436.0,United Kingdom
C566467,20724,RED RETROSPOT CHARLOTTE BAG,-32,9/12/2011 18:04,0.85,14688.0,United Kingdom
575091,20723,STRAWBERRY CHARLOTTE BAG,10,11/8/2011 14:05,0.85,17160.0,United Kingdom
550468,22616,PACK OF 12 LONDON TISSUES ,24,4/18/2011 13:43,0.29,16700.0,United Kingdom
547063,22924,FRIDGE MAGNETS LA VIE EN ROSE,12,3/20/2011 13:33,0.85,14769.0,United Kingdom
568137,22748,POPPY'S PLAYHOUSE KITCHEN,6,9/25/2011 10:34,2.1,12488.0,France
542276,22966,GINGERBREAD MAN COOKIE CUTTER,12,1/27/2011 10:19,1.25,12764.0,Lebanon
564095,23032,DOORKNOB CRACKED GLAZE IVORY,6,8/23/2011 10:31,1.65,14930.0,Channel Islands
565456,22993,SET OF 4 PANTRY JELLY MOULDS,1,9/4/2011 16:12,1.25,16629.0,United Kingdom
C568689,21927,BLUE/CREAM STRIPE CUSHION COVER ,-3,9/28/2011 14:42,1.25,17841.0,United Kingdom
571081,23411, TRELLIS COAT RACK,1,10/13/2011 15:23,4.95,16775.0,United Kingdom
554369,23102,SILVER HEARTS TABLE DECORATION,12,5/24/2011 10:34,0.83,13267.0,United Kingdom
547658,22993,SET OF 4 PANTRY JELLY MOULDS,2,3/24/2011 13:04,1.25,13736.0,United Kingdom
569140,21833,CAMOUFLAGE LED TORCH,12,9/30/2011 14:59,1.69,14503.0,United Kingdom
546857,22662,LUNCH BAG DOLLY GIRL DESIGN,10,3/17/2011 14:19,1.65,12937.0,United Kingdom
554323,23206,LUNCH BAG APPLE DESIGN,10,5/23/2011 15:33,1.65,16729.0,United Kingdom
579138,23497,CLASSIC CHROME BICYCLE BELL ,12,11/28/2011 12:54,1.45,13590.0,United Kingdom
559552,23127,FELTCRAFT GIRL NICOLE KIT,1,7/10/2011 16:29,4.95,16014.0,United Kingdom
573036,22778,GLASS CLOCHE SMALL,4,10/27/2011 13:44,3.95,12437.0,France
569227,23535,BICYCLE SAFTEY WALL ART,4,10/2/2011 14:37,5.95,14051.0,United Kingdom
545854,22021,BLUE FELT EASTER EGG BASKET,6,3/7/2011 13:51,1.65,14817.0,United Kingdom
577555,23491,VINTAGE JINGLE BELLS HEART,4,11/20/2011 15:35,8.25,13200.0,United Kingdom
562517,22189,CREAM HEART CARD HOLDER,1,8/5/2011 12:27,3.95,15719.0,United Kingdom
564342,23159,SET OF 5 PANCAKE DAY MAGNETS,3,8/24/2011 14:53,2.08,16340.0,United Kingdom
555644,84974,S/2 ZINC HEART DESIGN PLANTERS,4,6/6/2011 13:24,9.95,16520.0,United Kingdom
543278,84568,GIRLS ALPHABET IRON ON PATCHES ,96,2/6/2011 14:43,0.21,16745.0,United Kingdom
575710,22685,FRENCH BLUE METAL DOOR SIGN 0,2,11/10/2011 17:29,1.25,17901.0,United Kingdom
559297,22553,PLASTERS IN TIN SKULLS,4,7/7/2011 12:36,1.65,16743.0,United Kingdom
575607,51014A,"FEATHER PEN,HOT PINK",4,11/10/2011 12:37,0.83,14096.0,United Kingdom
561359,23206,LUNCH BAG APPLE DESIGN,20,7/26/2011 15:29,1.65,17160.0,United Kingdom
580603,21367,MIRRORED WALL ART GENTS,12,12/5/2011 11:31,0.75,16642.0,United Kingdom
563613,85032A,ROMANTIC IMAGES GIFT WRAP SET,12,8/18/2011 8:49,0.65,12688.0,Israel
550906,84596F,SMALL MARSHMALLOWS PINK BOWL,24,4/21/2011 12:34,0.42,14298.0,United Kingdom
570180,22654,DELUXE SEWING KIT ,3,10/7/2011 14:28,5.95,17509.0,United Kingdom
542708,22931,BAKING MOULD HEART WHITE CHOCOLATE,12,1/31/2011 13:07,2.55,17621.0,United Kingdom
539118,22748,POPPY'S PLAYHOUSE KITCHEN,3,12/16/2010 11:27,2.1,15563.0,United Kingdom
574017,22580,ADVENT CALENDAR GINGHAM SACK,3,11/2/2011 12:04,5.95,16014.0,United Kingdom
546538,21422,PORCELAIN ROSE SMALL,16,3/14/2011 14:51,0.85,16327.0,United Kingdom
544789,21217,RED RETROSPOT ROUND CAKE TINS,1,2/23/2011 12:25,9.95,13993.0,United Kingdom
550173,22693,GROW A FLYTRAP OR SUNFLOWER IN TIN,24,4/14/2011 16:58,1.25,15235.0,United Kingdom
543639,21531,RED RETROSPOT SUGAR JAM BOWL,1,2/10/2011 16:52,2.55,16725.0,United Kingdom
559818,22456,NATURAL SLATE CHALKBOARD LARGE ,18,7/12/2011 16:37,4.25,13408.0,United Kingdom
548670,23000,TRAVEL CARD WALLET TRANSPORT,4,4/1/2011 15:37,0.42,15356.0,United Kingdom
565737,22567,20 DOLLY PEGS RETROSPOT,2,9/6/2011 12:27,1.45,16400.0,United Kingdom
573123,23314,VINTAGE CHRISTMAS TABLECLOTH,2,10/27/2011 16:23,12.5,13654.0,United Kingdom
567381,21485,RETROSPOT HEART HOT WATER BOTTLE,496,9/20/2011 10:12,5.1,17450.0,United Kingdom
554964,48173C,DOORMAT BLACK FLOCK ,1,5/27/2011 15:57,7.95,15867.0,United Kingdom
547548,85078,SCANDINAVIAN 3 HEARTS NAPKIN RING,8,3/23/2011 15:37,0.19,15644.0,United Kingdom
557489,POST,POSTAGE,3,6/20/2011 14:58,18.0,12490.0,France
542272,22241,GARLAND WOODEN HAPPY EASTER,12,1/27/2011 9:42,1.25,16496.0,United Kingdom
559459,22386,JUMBO BAG PINK POLKADOT,2,7/8/2011 12:53,2.08,15311.0,United Kingdom
550333,84818,DANISH ROSE PHOTO FRAME,12,4/17/2011 14:06,2.55,15410.0,United Kingdom
578485,23081,GREEN METAL BOX ARMY SUPPLIES,2,11/24/2011 12:52,8.25,12921.0,United Kingdom
568952,85177,BASKET OF FLOWERS SEWING KIT,12,9/29/2011 15:29,0.85,14305.0,United Kingdom
566213,23319,BOX OF 6 MINI 50'S CRACKERS,6,9/9/2011 15:09,2.49,14895.0,United Kingdom
573418,22076,6 RIBBONS EMPIRE  ,12,10/31/2011 9:35,1.65,15360.0,United Kingdom
574067,22591,CARDHOLDER GINGHAM CHRISTMAS TREE,36,11/2/2011 14:50,2.75,14088.0,United Kingdom
578079,23108,SET OF 10 LED DOLLY LIGHTS,2,11/22/2011 16:26,6.25,13985.0,United Kingdom
566495,20727,LUNCH BAG  BLACK SKULL.,5,9/13/2011 11:14,1.65,15529.0,United Kingdom
552640,22995,TRAVEL CARD WALLET SUKI,1,5/10/2011 13:19,0.42,17841.0,United Kingdom
560693,23297,SET 40 HEART SHAPE PETIT FOUR CASES,16,7/20/2011 12:01,1.65,13136.0,United Kingdom
540511,21757,LIGHTHOUSE PRINTED METAL SIGN,2,1/9/2011 11:34,4.95,14472.0,United Kingdom
567167,23067,HANGING ENGRAVED METAL HEART,2,9/18/2011 12:21,4.15,15547.0,United Kingdom
569136,23035,DRAWER KNOB CERAMIC IVORY,6,9/30/2011 14:41,1.45,15834.0,United Kingdom
543235,85061W,WHITE JEWELLED HEART DECORATION,1,2/4/2011 13:30,0.85,14462.0,United Kingdom
545690,22721,SET OF 3 CAKE TINS SKETCHBOOK,2,3/6/2011 12:46,4.95,13263.0,United Kingdom
544190,22998,TRAVEL CARD WALLET KEEP CALM,24,2/16/2011 16:56,0.42,13089.0,United Kingdom
547390,22645,CERAMIC HEART FAIRY CAKE MONEY BANK,12,3/22/2011 16:08,1.45,12352.0,Norway
578935,23333,IVORY WICKER HEART MEDIUM,1,11/27/2011 12:52,1.25,15351.0,United Kingdom
556916,18097C,WHITE TALL PORCELAIN T-LIGHT HOLDER,1,6/15/2011 13:35,2.55,16898.0,United Kingdom
554834,85132C,CHARLIE AND LOLA FIGURES TINS,84,5/26/2011 15:35,1.95,17416.0,United Kingdom
554275,84596G,SMALL CHOCOLATES PINK BOWL,8,5/23/2011 13:17,0.42,14903.0,United Kingdom
578705,22195,LARGE HEART MEASURING SPOONS,1,11/25/2011 11:12,1.65,12531.0,Germany
561670,85049G,CHOCOLATE BOX RIBBONS ,6,7/28/2011 17:15,1.25,17373.0,United Kingdom
561867,20992,JAZZ HEARTS PURSE NOTEBOOK,6,7/31/2011 10:59,0.39,16931.0,United Kingdom
575915,84030E,ENGLISH ROSE HOT WATER BOTTLE,48,11/11/2011 16:33,3.75,15903.0,United Kingdom
538260,22972,CHILDREN'S SPACEBOY MUG,12,12/10/2010 12:42,1.65,18178.0,United Kingdom
554837,22427,ENAMEL FLOWER JUG CREAM,2,5/26/2011 16:30,5.95,14584.0,United Kingdom
573183,23271,CHRISTMAS TABLE SILVER CANDLE SPIKE,6,10/28/2011 11:33,0.83,15028.0,United Kingdom
540248,21906,PHARMACIE FIRST AID TIN,6,1/5/2011 15:57,6.75,15034.0,United Kingdom
573094,84050,PINK HEART SHAPE EGG FRYING PAN,4,10/27/2011 14:39,1.65,15707.0,United Kingdom
574239,21484,CHICK GREY HOT WATER BOTTLE,12,11/3/2011 12:43,4.25,14849.0,United Kingdom
578834,85152,HAND OVER THE CHOCOLATE   SIGN ,5,11/25/2011 15:32,2.1,18109.0,United Kingdom
556531,22627,MINT KITCHEN SCALES,2,6/13/2011 11:49,8.5,15491.0,United Kingdom
539014,21818,GLITTER CHRISTMAS HEART ,10,12/15/2010 13:37,0.85,17692.0,United Kingdom
552039,85014A,BLACK/BLUE POLKADOT UMBRELLA,6,5/6/2011 8:10,5.95,13081.0,United Kingdom
543535,90174,BUTTERFLY HAIR BAND,1,2/9/2011 13:37,2.55,17537.0,United Kingdom
576857,22555,PLASTERS IN TIN STRONGMAN,1,11/16/2011 15:52,1.65,12748.0,United Kingdom
548404,21175,GIN + TONIC DIET METAL SIGN,6,3/31/2011 9:38,2.55,16398.0,United Kingdom
561898,21682,LARGE MEDINA STAMPED METAL BOWL ,4,7/31/2011 15:25,4.95,12456.0,Switzerland
546182,22895,SET OF 2 TEA TOWELS APPLE AND PEARS,6,3/10/2011 10:53,2.95,14334.0,United Kingdom
547373,21936,RED RETROSPOT PICNIC BAG,50,3/22/2011 13:52,2.55,13798.0,United Kingdom
563909,22804,CANDLEHOLDER PINK HANGING HEART,2,8/21/2011 12:36,2.95,15701.0,United Kingdom
549021,85028S,FRENCH CHATEAU SMALL FRUITBOWL,2,4/5/2011 16:13,1.95,13468.0,United Kingdom
580639,20868,SILVER FABRIC MIRROR,1,12/5/2011 12:46,0.39,17254.0,United Kingdom
569261,22493,PAINT YOUR OWN CANVAS SET,5,10/3/2011 11:34,1.65,17321.0,United Kingdom
563444,47566B,TEA TIME PARTY BUNTING,1,8/16/2011 13:50,4.95,16033.0,United Kingdom
568593,22909,SET OF 20 VINTAGE CHRISTMAS NAPKINS,24,9/28/2011 10:54,0.85,13988.0,United Kingdom
562540,23181,BULL DOG BOTTLE TOP WALL CLOCK,2,8/5/2011 15:38,8.25,17400.0,United Kingdom
575003,84879,ASSORTED COLOUR BIRD ORNAMENT,24,11/8/2011 11:09,1.69,15950.0,United Kingdom
579183,21733,RED HANGING HEART T-LIGHT HOLDER,32,11/28/2011 15:16,2.55,15621.0,United Kingdom
563076,84755,COLOUR GLASS T-LIGHT HOLDER HANGING,144,8/11/2011 16:12,0.55,14646.0,Netherlands
561391,20685,DOORMAT RED RETROSPOT,2,7/27/2011 9:59,7.95,16628.0,United Kingdom
569741,84078A,SET/4 WHITE RETRO STORAGE CUBES ,1,10/6/2011 10:52,39.95,14626.0,United Kingdom
560754,16161P,WRAP ENGLISH ROSE ,25,7/20/2011 15:56,0.42,17754.0,United Kingdom
559535,21784,SHOE SHINE BOX ,1,7/10/2011 12:16,9.95,17841.0,United Kingdom
540940,21340,CLASSIC METAL BIRDCAGE PLANT HOLDER,1,1/12/2011 12:12,12.75,18109.0,United Kingdom
577530,21770,OPEN CLOSED METAL SIGN,2,11/20/2011 13:48,4.95,14950.0,United Kingdom
556241,21578,WOODLAND DESIGN  COTTON TOTE BAG,6,6/9/2011 16:04,2.25,12597.0,Spain
577749,23583,LUNCH BAG PAISLEY PARK  ,20,11/21/2011 14:26,1.65,16242.0,United Kingdom
576339,84692,BOX OF 24 COCKTAIL PARASOLS,8,11/14/2011 15:27,0.83,14096.0,United Kingdom
552269,21755,LOVE BUILDING BLOCK WORD,1,5/8/2011 11:52,5.95,16121.0,United Kingdom
551250,82580,BATHROOM METAL SIGN,3,4/27/2011 12:00,0.55,17841.0,United Kingdom
552023,47566,PARTY BUNTING,4,5/5/2011 17:59,4.95,17624.0,United Kingdom
571239,20685,DOORMAT RED RETROSPOT,10,10/14/2011 14:54,7.08,12744.0,Singapore
551305,21232,STRAWBERRY CERAMIC TRINKET BOX,12,4/27/2011 14:58,1.25,16145.0,United Kingdom
577053,21754,HOME BUILDING BLOCK WORD,3,11/17/2011 14:17,6.25,13001.0,United Kingdom
546107,22644,CERAMIC CHERRY CAKE MONEY BANK,1,3/9/2011 12:33,1.45,17238.0,United Kingdom
569472,22792,FLUTED ANTIQUE CANDLE HOLDER,12,10/4/2011 12:38,0.85,14515.0,United Kingdom
555283,23201,JUMBO BAG ALPHABET,10,6/2/2011 9:04,1.95,17162.0,United Kingdom
546427,20615,BLUE POLKADOT PASSPORT COVER,1,3/13/2011 14:29,2.1,14606.0,United Kingdom
556257,22798,ANTIQUE GLASS DRESSING TABLE POT,4,6/9/2011 17:47,2.95,17576.0,United Kingdom
567890,22732,3D VINTAGE CHRISTMAS STICKERS ,18,9/22/2011 15:40,1.25,14125.0,United Kingdom
560246,22384,LUNCH BAG PINK POLKADOT,10,7/17/2011 12:17,1.65,14292.0,United Kingdom
570129,22725,ALARM CLOCK BAKELIKE CHOCOLATE,4,10/7/2011 13:34,3.75,12885.0,United Kingdom
555573,85062,PEARL CRYSTAL PUMPKIN T-LIGHT HLDR,6,6/5/2011 15:46,1.65,15349.0,United Kingdom
576228,22098,BOUDOIR SQUARE TISSUE BOX,2,11/14/2011 13:12,0.39,15033.0,United Kingdom
546850,21313,GLASS HEART T-LIGHT HOLDER ,12,3/17/2011 13:20,0.85,13268.0,United Kingdom
549099,21181,PLEASE ONE PERSON METAL SIGN,1,4/6/2011 11:07,2.1,16241.0,United Kingdom
553680,22789,T-LIGHT HOLDER SWEETHEART HANGING,8,5/18/2011 13:11,1.95,13258.0,United Kingdom
573368,22829,SWEETHEART WIRE WALL TIDY,2,10/30/2011 13:18,9.95,14507.0,United Kingdom
561258,22726,ALARM CLOCK BAKELIKE GREEN,4,7/26/2011 12:03,3.75,15513.0,United Kingdom
566203,23354,6 GIFT TAGS 50'S CHRISTMAS ,3,9/9/2011 14:47,0.83,16362.0,United Kingdom
574936,22759,SET OF 3 NOTEBOOKS IN PARCEL,4,11/7/2011 17:06,1.65,13066.0,United Kingdom
570268,22585,PACK OF 6 BIRDY GIFT TAGS,60,10/10/2011 10:16,1.25,13098.0,United Kingdom
536799,22865,HAND WARMER OWL DESIGN,8,12/2/2010 16:00,2.1,17228.0,United Kingdom
569693,22971,QUEENS GUARD COFFEE MUG,6,10/5/2011 15:18,2.55,17837.0,United Kingdom
579453,22581,WOOD STOCKING CHRISTMAS SCANDISPOT,24,11/29/2011 14:03,0.29,12748.0,United Kingdom
575508,23206,LUNCH BAG APPLE DESIGN,100,11/10/2011 10:32,1.45,14646.0,Netherlands
580260,82583,HOT BATHS METAL SIGN,2,12/2/2011 12:36,2.1,14085.0,United Kingdom
555340,22789,T-LIGHT HOLDER SWEETHEART HANGING,4,6/2/2011 11:33,1.95,13334.0,United Kingdom
571717,22113,GREY HEART HOT WATER BOTTLE,1,10/18/2011 17:10,4.25,14381.0,United Kingdom
579412,22150,3 STRIPEY MICE FELTCRAFT,6,11/29/2011 12:47,1.95,14125.0,United Kingdom
581485,22768,FAMILY PHOTO FRAME CORNICE,12,12/9/2011 9:38,9.95,17389.0,United Kingdom
570703,21169,YOU'RE CONFUSING ME METAL SIGN ,12,10/12/2011 9:50,1.69,14911.0,EIRE
549153,22661,CHARLOTTE BAG DOLLY GIRL DESIGN,10,4/6/2011 15:47,0.85,13771.0,United Kingdom
581002,23188,VINTAGE  2 METRE FOLDING RULER,12,12/7/2011 8:21,1.65,14708.0,United Kingdom
563384,84569A,PACK 3 IRON ON DOG PATCHES,2,8/16/2011 10:52,1.25,17315.0,United Kingdom
570650,20726,LUNCH BAG WOODLAND,2,10/11/2011 13:13,1.65,13263.0,United Kingdom
580261,85180B,PINK HEARTS LIGHT CHAIN ,6,12/2/2011 12:40,4.65,16038.0,United Kingdom
547063,22030,SWALLOWS GREETING CARD,12,3/20/2011 13:33,0.42,14769.0,United Kingdom
543458,20675,BLUE POLKADOT BOWL,4,2/8/2011 13:28,1.25,14587.0,United Kingdom
575972,22328,ROUND SNACK BOXES SET OF 4 FRUITS ,2,11/13/2011 13:01,2.95,14499.0,United Kingdom
567164,23360,SET 8 CANDLES VINTAGE DOILY,2,9/18/2011 11:51,1.95,14487.0,United Kingdom
572837,23371,SET 36 COLOUR PENCILS SPACEBOY ,16,10/26/2011 12:01,1.25,14754.0,United Kingdom
578521,84945,MULTI COLOUR SILVER T-LIGHT HOLDER,12,11/24/2011 14:06,0.85,17812.0,United Kingdom
573904,23582,VINTAGE DOILY JUMBO BAG RED ,4,11/1/2011 14:54,2.08,14505.0,United Kingdom
565388,22082,RIBBON REEL STRIPES DESIGN ,5,9/2/2011 15:56,1.65,14415.0,United Kingdom
549277,22925,BLUE GIANT GARDEN THERMOMETER,1,4/7/2011 13:11,5.95,16469.0,United Kingdom
570657,22149,FELTCRAFT 6 FLOWER FRIENDS,6,10/11/2011 14:10,2.1,14911.0,EIRE
579408,23264,SET OF 3 WOODEN SLEIGH DECORATIONS,4,11/29/2011 12:34,1.25,14701.0,United Kingdom
544824,22842,BISCUIT TIN VINTAGE RED,2,2/24/2011 9:32,6.75,17139.0,United Kingdom
568881,22464,HANGING METAL HEART LANTERN,12,9/29/2011 12:39,1.65,13960.0,United Kingdom
543306,22492,MINI PAINT SET VINTAGE ,36,2/7/2011 11:56,0.65,16686.0,United Kingdom
563613,16008,SMALL FOLDING SCISSOR(POINTED EDGE),24,8/18/2011 8:49,0.12,12688.0,Israel
570598,23355,HOT WATER BOTTLE KEEP CALM,4,10/11/2011 11:55,4.95,14175.0,United Kingdom
562928,23188,VINTAGE  2 METER FOLDING RULER,12,8/10/2011 15:29,1.65,15494.0,United Kingdom
578953,23497,CLASSIC CHROME BICYCLE BELL ,1,11/27/2011 14:50,1.45,13546.0,United Kingdom
565236,23251,VINTAGE RED ENAMEL TRIM MUG ,12,9/2/2011 9:45,1.25,14276.0,United Kingdom
540482,22646,CERAMIC STRAWBERRY CAKE MONEY BANK,2,1/7/2011 15:48,1.45,14672.0,United Kingdom
557314,21246,RED RETROSPOT BIG BOWL,6,6/19/2011 15:59,4.95,12541.0,Spain
538419,22812,PACK 3 BOXES CHRISTMAS PANNETONE,2,12/12/2010 12:01,1.95,16367.0,United Kingdom
578289,23182,TOILET SIGN OCCUPIED OR VACANT,1,11/23/2011 14:07,0.83,17841.0,United Kingdom
571243,22327,ROUND SNACK BOXES SET OF 4 SKULLS,6,10/14/2011 15:26,2.95,14595.0,United Kingdom
569736,23157,SET OF 6 NATIVITY MAGNETS ,12,10/6/2011 10:44,2.08,14317.0,United Kingdom
575751,84077,WORLD WAR 2 GLIDERS ASSTD DESIGNS,48,11/11/2011 10:32,0.29,14911.0,EIRE
571081,22112,CHOCOLATE HOT WATER BOTTLE,1,10/13/2011 15:23,4.95,16775.0,United Kingdom
569026,23322,LARGE WHITE HEART OF WICKER,6,9/30/2011 10:18,2.95,16101.0,United Kingdom
550477,22361,GLASS JAR DAISY FRESH COTTON WOOL,2,4/18/2011 14:01,2.95,17338.0,United Kingdom
573341,23311,VINTAGE CHRISTMAS STOCKING ,6,10/30/2011 11:55,2.55,16949.0,United Kingdom
557322,22986,GINGHAM ROSE WRAP,25,6/20/2011 9:04,0.42,17444.0,Canada
570108,23527,ANIMALS AND NATURE WALL ART,6,10/7/2011 12:25,3.75,13004.0,United Kingdom
543977,20725,LUNCH BAG RED RETROSPOT,10,2/14/2011 15:35,1.65,15615.0,United Kingdom
575944,90057,DIAMANTE RING ASSORTED IN BOX.,24,11/13/2011 11:46,1.25,16571.0,United Kingdom
554765,21531,RED RETROSPOT SUGAR JAM BOWL,6,5/26/2011 11:38,2.55,16837.0,United Kingdom
545001,22851,SET 20 NAPKINS FAIRY CAKES DESIGN ,12,2/25/2011 12:40,0.85,16841.0,United Kingdom
563613,23053,RECYCLED ACAPULCO MAT PINK,4,8/18/2011 8:49,8.25,12688.0,Israel
553916,20676,RED RETROSPOT BOWL,8,5/20/2011 8:18,1.25,17166.0,United Kingdom
551816,22501,PICNIC BASKET WICKER LARGE,3,5/4/2011 11:50,9.95,15906.0,United Kingdom
574671,85049C,ROMANTIC PINKS RIBBONS ,1,11/6/2011 12:23,1.25,16744.0,United Kingdom
563349,22385,JUMBO BAG SPACEBOY DESIGN,2,8/15/2011 13:51,2.08,14623.0,United Kingdom
546883,22520,CHILDS GARDEN TROWEL BLUE ,12,3/17/2011 18:03,0.85,13707.0,United Kingdom
576864,21915,RED  HARMONICA IN BOX ,1,11/16/2011 16:06,1.25,12748.0,United Kingdom
546856,22334,DINOSAUR PARTY BAG + STICKER SET,8,3/17/2011 14:12,1.65,15433.0,United Kingdom
538250,22694,WICKER STAR ,2,12/10/2010 12:20,2.1,18118.0,United Kingdom
546189,22996,TRAVEL CARD WALLET VINTAGE TICKET,24,3/10/2011 10:56,0.42,13102.0,United Kingdom
563555,22729,ALARM CLOCK BAKELIKE ORANGE,1,8/17/2011 13:21,3.75,16755.0,United Kingdom
575923,23206,LUNCH BAG APPLE DESIGN,10,11/11/2011 17:11,1.65,17069.0,United Kingdom
537254,22568,FELTCRAFT CUSHION OWL,2,12/6/2010 11:01,3.75,15898.0,United Kingdom
574547,20712,JUMBO BAG WOODLAND ANIMALS,1,11/4/2011 15:08,2.08,17841.0,United Kingdom
566200,20983,12 PENCILS TALL TUBE RED RETROSPOT,1,9/9/2011 14:14,0.85,16910.0,United Kingdom
542711,22082,RIBBON REEL STRIPES DESIGN ,2,1/31/2011 13:19,1.65,17894.0,United Kingdom
570479,22630,DOLLY GIRL LUNCH BOX,3,10/10/2011 16:58,1.95,17589.0,United Kingdom
560299,22707,WRAP MONSTER FUN ,25,7/18/2011 10:28,0.42,17593.0,United Kingdom
574704,23454,THREE MINI HANGING FRAMES,1,11/6/2011 14:02,4.15,15696.0,United Kingdom
567850,23268,SET OF 2 CERAMIC CHRISTMAS REINDEER,12,9/22/2011 13:18,1.45,15067.0,United Kingdom
567683,22720,SET OF 3 CAKE TINS PANTRY DESIGN ,3,9/21/2011 16:31,4.95,13704.0,United Kingdom
544803,22088,PAPER BUNTING COLOURED LACE,1,2/23/2011 14:29,2.95,14606.0,United Kingdom
569705,22722,SET OF 6 SPICE TINS PANTRY DESIGN,4,10/5/2011 16:15,3.95,15762.0,United Kingdom
542929,85099B,JUMBO BAG RED RETROSPOT,20,2/2/2011 10:34,1.95,17811.0,United Kingdom
549958,22662,LUNCH BAG DOLLY GIRL DESIGN,3,4/13/2011 13:47,1.65,17589.0,United Kingdom
545063,22411,JUMBO SHOPPER VINTAGE RED PAISLEY,1,2/27/2011 14:26,1.95,14606.0,United Kingdom
564173,22431,WATERING CAN BLUE ELEPHANT,6,8/23/2011 14:23,1.95,12567.0,France
571032,22469,HEART OF WICKER SMALL,1,10/13/2011 12:38,1.65,13827.0,United Kingdom
540803,21485,RETROSPOT HEART HOT WATER BOTTLE,1,1/11/2011 12:30,4.95,14669.0,United Kingdom
545338,85040A,S/4 PINK FLOWER CANDLES IN BOWL,4,3/1/2011 17:32,1.65,17449.0,United Kingdom
553657,22851,SET 20 NAPKINS FAIRY CAKES DESIGN ,1,5/18/2011 11:28,0.85,14583.0,United Kingdom
571286,23439,HAND WARMER RED LOVE HEART,1,10/16/2011 14:35,2.1,14547.0,United Kingdom
546917,22961,JAM MAKING SET PRINTED,12,3/18/2011 9:17,1.45,14911.0,EIRE
540565,22088,PAPER BUNTING COLOURED LACE,40,1/10/2011 10:44,2.55,16422.0,United Kingdom
550279,21673,WHITE SPOT BLUE CERAMIC DRAWER KNOB,12,4/15/2011 13:16,1.25,14700.0,United Kingdom
544467,22425,ENAMEL COLANDER CREAM,1,2/20/2011 15:51,4.95,14502.0,United Kingdom
545188,22558,CLOTHES PEGS RETROSPOT PACK 24 ,3,2/28/2011 15:19,1.49,14056.0,United Kingdom
553461,23053,RECYCLED ACAPULCO MAT PINK,2,5/17/2011 10:57,8.25,16316.0,United Kingdom
552025,21394,RED POLKADOT BEAKER ,6,5/5/2011 18:04,0.39,13969.0,United Kingdom
554158,71477,COLOUR GLASS. STAR T-LIGHT HOLDER,8,5/23/2011 11:44,3.25,15563.0,United Kingdom
556724,23206,LUNCH BAG APPLE DESIGN,10,6/14/2011 11:26,1.65,16745.0,United Kingdom
552727,84077,WORLD WAR 2 GLIDERS ASSTD DESIGNS,48,5/11/2011 10:32,0.29,14920.0,United Kingdom
554938,21556,CERAMIC STRAWBERRY MONEY BOX,6,5/27/2011 13:34,2.55,12876.0,Belgium
579267,23541,WALL ART CLASSIC PUDDINGS ,2,11/29/2011 9:42,8.25,14961.0,United Kingdom
540021,20718,RED RETROSPOT SHOPPER BAG,1,1/4/2011 12:51,1.25,17841.0,United Kingdom
550514,22332,SKULLS PARTY BAG + STICKER SET,16,4/18/2011 16:49,1.65,14631.0,United Kingdom
562219,21155,RED RETROSPOT PEG BAG,6,8/3/2011 14:14,2.55,15089.0,United Kingdom
551283,84828,JUNGLE POPSICLES ICE LOLLY MOULDS,3,4/27/2011 14:01,1.25,16755.0,United Kingdom
544885,22766,PHOTO FRAME CORNICE,8,2/24/2011 11:38,2.95,14243.0,United Kingdom
563935,82600,NO SINGING METAL SIGN,2,8/21/2011 16:24,2.1,15547.0,United Kingdom
570455,82551,LAUNDRY 15C METAL SIGN,1,10/10/2011 15:27,1.45,14529.0,United Kingdom
552545,23207,LUNCH BAG ALPHABET DESIGN,10,5/10/2011 10:30,1.65,13320.0,United Kingdom
569739,85230B,CINNAMON SCENTED VOTIVE CANDLE,24,10/6/2011 10:48,0.29,14911.0,EIRE
553411,23054,RECYCLED ACAPULCO MAT LAVENDER,2,5/17/2011 9:28,8.25,12714.0,France
545081,21539,RED RETROSPOT BUTTER DISH,3,2/28/2011 10:35,4.95,16057.0,United Kingdom
541843,21034,REX CASH+CARRY JUMBO SHOPPER,4,1/23/2011 12:08,0.95,13659.0,United Kingdom
578008,22798,ANTIQUE GLASS DRESSING TABLE POT,1,11/22/2011 12:47,2.95,14657.0,United Kingdom
568800,22142,CHRISTMAS CRAFT WHITE FAIRY ,24,9/29/2011 10:45,1.45,14868.0,United Kingdom
570180,85049E,SCANDINAVIAN REDS RIBBONS,12,10/7/2011 14:28,1.25,17509.0,United Kingdom
C540787,22364,GLASS JAR DIGESTIVE BISCUITS,-12,1/11/2011 11:45,2.55,13408.0,United Kingdom
564725,22907,PACK OF 20 NAPKINS PANTRY DESIGN,1,8/28/2011 12:28,0.85,18041.0,United Kingdom
578814,20973,12 PENCIL SMALL TUBE WOODLAND,1,11/25/2011 13:40,0.65,12748.0,United Kingdom
546678,22895,SET OF 2 TEA TOWELS APPLE AND PEARS,6,3/15/2011 16:39,2.95,12681.0,France
565596,23101,SILVER STARS TABLE DECORATION,12,9/5/2011 14:27,0.83,16444.0,United Kingdom
539305,85049D,BRIGHT BLUES RIBBONS ,12,12/16/2010 17:37,1.25,14334.0,United Kingdom
C543052,22797,CHEST OF DRAWERS GINGHAM HEART ,-1,2/3/2011 10:20,16.95,14180.0,United Kingdom
574228,22616,PACK OF 12 LONDON TISSUES ,24,11/3/2011 12:18,0.39,16678.0,United Kingdom
578400,22150,3 STRIPEY MICE FELTCRAFT,2,11/24/2011 11:52,1.95,12748.0,United Kingdom
543300,22691,DOORMAT WELCOME SUNRISE,1,2/7/2011 11:42,7.95,13334.0,United Kingdom
578103,23322,LARGE WHITE HEART OF WICKER,6,11/23/2011 8:42,2.95,17554.0,United Kingdom
558096,22969,HOMEMADE JAM SCENTED CANDLES,12,6/26/2011 13:24,1.45,15532.0,United Kingdom
572669,23226,FILIGREE HEART DAISY WHITE,2,10/25/2011 13:10,1.25,16549.0,United Kingdom
578068,22551,PLASTERS IN TIN SPACEBOY,1,11/22/2011 15:45,1.65,14505.0,United Kingdom
542084,21156,RETROSPOT CHILDRENS APRON,5,1/25/2011 12:31,1.95,14680.0,United Kingdom
545992,20682,RED RETROSPOT CHILDRENS UMBRELLA,5,3/8/2011 13:21,3.25,16927.0,United Kingdom
572133,22417,PACK OF 60 SPACEBOY CAKE CASES,24,10/21/2011 10:11,0.55,12407.0,Belgium
572873,23340,VINTAGE CHRISTMAS CAKE FRILL,12,10/26/2011 13:27,1.65,12820.0,United Kingdom
549789,84755,COLOUR GLASS T-LIGHT HOLDER HANGING,32,4/12/2011 12:00,0.65,17160.0,United Kingdom
562779,84596B,SMALL DOLLY MIX DESIGN ORANGE BOWL,8,8/9/2011 12:58,0.42,17841.0,United Kingdom
565315,23250,VINTAGE RED TRIM ENAMEL BOWL ,12,9/2/2011 12:51,1.25,14019.0,United Kingdom
C567978,21452,TOADSTOOL MONEY BOX,-1,9/23/2011 10:40,2.95,14546.0,United Kingdom
542107,21754,HOME BUILDING BLOCK WORD,1,1/25/2011 13:38,5.95,16222.0,United Kingdom
543806,85150,LADIES & GENTLEMEN METAL SIGN,2,2/13/2011 12:48,2.55,17085.0,United Kingdom
560305,84519A,TOMATO CHARLIE+LOLA COASTER SET,3,7/18/2011 10:49,1.25,16511.0,United Kingdom
566296,21041,RED RETROSPOT OVEN GLOVE DOUBLE,3,9/11/2011 15:47,2.95,17841.0,United Kingdom
578480,23301,GARDENERS KNEELING PAD KEEP CALM ,12,11/24/2011 12:48,1.65,15502.0,United Kingdom
561893,22470,HEART OF WICKER LARGE,1,7/31/2011 14:39,2.95,12942.0,United Kingdom
572037,23192,BUNDLE OF 3 ALPHABET EXERCISE BOOKS,6,10/20/2011 12:07,1.65,17365.0,United Kingdom
578682,85066,CREAM SWEETHEART MINI CHEST,8,11/25/2011 8:55,10.95,17173.0,United Kingdom
537887,21479,WHITE SKULL HOT WATER BOTTLE ,96,12/9/2010 10:00,3.39,18092.0,United Kingdom
574547,21263,GREEN GOOSE FEATHER TREE 60CM,2,11/4/2011 15:08,1.95,17841.0,United Kingdom
559904,23151,ZINC SWEETHEART SOAP DISH,6,7/13/2011 13:20,2.49,13149.0,United Kingdom
567660,23318,BOX OF 6 MINI VINTAGE CRACKERS,6,9/21/2011 15:02,2.49,17731.0,United Kingdom
570818,21164,HOME SWEET HOME METAL SIGN ,2,10/12/2011 12:47,2.95,17841.0,United Kingdom
538688,84799,SPRIG LAVENDER ARTIFICIAL FLOWER,48,12/14/2010 9:50,0.42,14829.0,United Kingdom
552829,23142,IVORY WIRE KITCHEN ORGANISER,1,5/11/2011 13:42,10.4,12748.0,United Kingdom
568346,22035,VINTAGE CARAVAN GREETING CARD ,1,9/26/2011 15:28,0.83,14096.0,United Kingdom
566213,23013,GLASS APOTHECARY BOTTLE TONIC,4,9/9/2011 15:09,3.95,14895.0,United Kingdom
566195,22994,TRAVEL CARD WALLET RETROSPOT,24,9/9/2011 13:44,0.42,12433.0,Norway
572703,21744,SNOWFLAKE PORTABLE TABLE LIGHT ,3,10/25/2011 14:35,2.95,16110.0,United Kingdom
549999,22084,PAPER CHAIN KIT EMPIRE,6,4/14/2011 9:09,2.95,15813.0,United Kingdom
539731,20750,RED RETROSPOT MINI CASES,48,12/21/2010 15:05,6.35,14646.0,Netherlands
540371,22699,ROSES REGENCY TEACUP AND SAUCER ,6,1/6/2011 16:35,2.95,14312.0,United Kingdom
554770,21913,VINTAGE SEASIDE JIGSAW PUZZLES,4,5/26/2011 11:40,3.75,14911.0,EIRE
550885,21937,STRAWBERRY   PICNIC BAG,5,4/21/2011 11:59,2.95,16185.0,United Kingdom
574336,23209,LUNCH BAG VINTAGE DOILY ,10,11/4/2011 9:52,1.65,12397.0,Belgium
562153,23190,BUNDLE OF 3 SCHOOL EXERCISE BOOKS  ,12,8/3/2011 11:21,1.45,14088.0,United Kingdom
546067,21260,FIRST AID TIN,114,3/9/2011 10:58,3.4,17450.0,United Kingdom
578998,23330,DECORATIVE WICKER HEART MEDIUM,1,11/27/2011 16:05,1.25,15436.0,United Kingdom
567866,79191B,RETRO PLASTIC POLKA TRAY,10,9/22/2011 14:13,0.85,16669.0,United Kingdom
538366,22469,HEART OF WICKER SMALL,5,12/12/2010 10:47,1.65,18109.0,United Kingdom
547374,22514,CHILDS GARDEN SPADE BLUE,1,3/22/2011 13:54,2.1,16110.0,United Kingdom
541711,21078,SET/20 STRAWBERRY PAPER NAPKINS ,96,1/21/2011 11:18,0.64,14646.0,Netherlands
574586,85048,15CM CHRISTMAS GLASS BALL 20 LIGHTS,10,11/6/2011 10:15,7.95,14882.0,United Kingdom
566314,22707,WRAP MONSTER FUN ,25,9/12/2011 9:57,0.42,15358.0,United Kingdom
547652,85129D,BEADED CRYSTAL HEART PINK SMALL,1,3/24/2011 12:15,1.25,14606.0,United Kingdom
545518,22621,TRADITIONAL KNITTING NANCY,12,3/3/2011 12:24,1.45,18218.0,United Kingdom
574304,22961,JAM MAKING SET PRINTED,2,11/3/2011 16:30,1.45,14428.0,United Kingdom
538015,21143,ANTIQUE GLASS HEART DECORATION ,12,12/9/2010 12:49,1.95,13240.0,United Kingdom
546117,21547,CERAMIC BIRDHOUSE CRESTED TIT SMALL,3,3/9/2011 13:56,2.95,16771.0,United Kingdom
553141,85014B,RED RETROSPOT UMBRELLA,1,5/13/2011 13:01,5.95,15907.0,United Kingdom
566196,82484,WOOD BLACK BOARD ANT WHITE FINISH,4,9/9/2011 13:47,7.95,14180.0,United Kingdom
578305,23405,HOME SWEET HOME 2 DRAWER CABINET,8,11/23/2011 15:44,4.15,14088.0,United Kingdom
569136,23079,TOADSTOOL BEDSIDE LIGHT ,2,9/30/2011 14:41,8.95,15834.0,United Kingdom
574959,21992,VINTAGE PAISLEY STATIONERY SET,1,11/8/2011 10:09,1.25,17886.0,United Kingdom
547656,21165,BEWARE OF THE CAT METAL SIGN ,1,3/24/2011 12:53,1.69,13263.0,United Kingdom
550322,22277,COSMETIC BAG VINTAGE ROSE PAISLEY,1,4/17/2011 12:53,2.1,14524.0,United Kingdom
573416,20711,JUMBO BAG TOYS ,10,10/31/2011 8:29,2.08,14688.0,United Kingdom
547623,22646,CERAMIC STRAWBERRY CAKE MONEY BANK,12,3/24/2011 11:29,1.45,15641.0,United Kingdom
572281,84507C,BLUE CIRCLES DESIGN MONKEY DOLL,5,10/23/2011 11:10,2.55,17211.0,United Kingdom
553035,22041,"RECORD FRAME 7"" SINGLE SIZE ",1,5/12/2011 20:13,2.55,17337.0,United Kingdom
578928,22818,CARD CHRISTMAS VILLAGE,12,11/27/2011 12:29,0.42,15443.0,United Kingdom
547374,22587,FELTCRAFT HAIRBAND RED AND BLUE,1,3/22/2011 13:54,0.85,16110.0,United Kingdom
558053,23284,DOORMAT KEEP CALM AND COME IN,2,6/24/2011 14:33,7.95,15027.0,United Kingdom
546862,20665,RED RETROSPOT PURSE ,6,3/17/2011 15:34,2.95,16216.0,United Kingdom
563697,21163,DO NOT TOUCH MY STUFF DOOR HANGER ,3,8/18/2011 13:44,0.39,16813.0,United Kingdom
578814,21212,PACK OF 72 RETROSPOT CAKE CASES,1,11/25/2011 13:40,0.55,12748.0,United Kingdom
557472,79321,CHILLI LIGHTS,12,6/20/2011 13:27,5.75,12432.0,Norway
537604,21155,RED RETROSPOT PEG BAG,6,12/7/2010 13:01,2.1,13488.0,United Kingdom
576911,22896,PEG BAG APPLES DESIGN,2,11/17/2011 10:01,2.55,17461.0,United Kingdom
558105,21787,RAIN PONCHO RETROSPOT,4,6/26/2011 14:54,0.85,15644.0,United Kingdom
540059,70006,LOVE HEART POCKET WARMER,120,1/4/2011 14:33,0.42,17457.0,United Kingdom
550462,22386,JUMBO BAG PINK POLKADOT,10,4/18/2011 13:22,2.08,16458.0,United Kingdom
545031,22120,WELCOME  WOODEN BLOCK LETTERS,3,2/25/2011 15:35,9.95,15990.0,United Kingdom
566452,23066,SMALL DECO JEWELLERY STAND,2,9/12/2011 16:14,8.25,14901.0,United Kingdom
580771,20973,12 PENCIL SMALL TUBE WOODLAND,4,12/6/2011 10:58,0.65,16015.0,United Kingdom
555413,23207,LUNCH BAG ALPHABET DESIGN,1,6/3/2011 9:50,1.65,17994.0,United Kingdom
568168,20655,QUEEN OF SKIES LUGGAGE TAG,3,9/25/2011 12:46,1.25,15799.0,United Kingdom
566776,84077,WORLD WAR 2 GLIDERS ASSTD DESIGNS,48,9/15/2011 9:53,0.29,14911.0,EIRE
565730,21908,CHOCOLATE THIS WAY METAL SIGN,2,9/6/2011 12:02,2.1,14715.0,United Kingdom
541286,21891,TRADITIONAL WOODEN SKIPPING ROPE,6,1/17/2011 13:08,1.25,13982.0,United Kingdom
555633,22727,ALARM CLOCK BAKELIKE RED ,2,6/6/2011 12:22,3.75,14534.0,United Kingdom
566979,84347,ROTATING SILVER ANGELS T-LIGHT HLDR,6,9/16/2011 9:54,2.55,13141.0,United Kingdom
572098,85099F,JUMBO BAG STRAWBERRY,10,10/20/2011 15:38,2.08,15117.0,United Kingdom
557771,23243,SET OF TEA COFFEE SUGAR TINS PANTRY,4,6/22/2011 14:43,4.95,15601.0,United Kingdom
551056,16238,PARTY TIME PENCIL ERASERS,28,4/26/2011 11:51,0.21,16442.0,United Kingdom
580969,22139,RETROSPOT TEA SET CERAMIC 11 PC ,6,12/6/2011 14:59,4.95,16076.0,United Kingdom
544944,21034,REX CASH+CARRY JUMBO SHOPPER,2,2/25/2011 10:46,0.95,14541.0,United Kingdom
571934,23661,MILK MAIDS MUG ,12,10/20/2011 8:21,1.65,16170.0,United Kingdom
575637,21175,GIN + TONIC DIET METAL SIGN,1,11/10/2011 13:46,2.55,16904.0,United Kingdom
575960,21754,HOME BUILDING BLOCK WORD,1,11/13/2011 12:28,6.25,15429.0,United Kingdom
581456,84380,SET OF 3 BUTTERFLY COOKIE CUTTERS,2,12/8/2011 18:42,1.45,17530.0,United Kingdom
551507,22993,SET OF 4 PANTRY JELLY MOULDS,12,4/28/2011 18:11,1.25,18272.0,United Kingdom
567369,23354,6 GIFT TAGS 50'S CHRISTMAS ,12,9/20/2011 9:06,0.83,17527.0,United Kingdom
571937,22526,WHEELBARROW FOR CHILDREN ,1,10/20/2011 9:28,12.75,14911.0,EIRE
546996,84946,ANTIQUE SILVER TEA GLASS ETCHED,12,3/18/2011 13:27,1.25,17060.0,United Kingdom
546686,79321,CHILLI LIGHTS,4,3/16/2011 9:52,5.75,14636.0,United Kingdom
547202,47480,HANGING PHOTO CLIP ROPE LADDER,2,3/21/2011 13:38,1.65,17841.0,United Kingdom
576581,23581,JUMBO BAG PAISLEY PARK,20,11/15/2011 14:15,2.08,15955.0,United Kingdom
541410,82486,WOOD S/3 CABINET ANT WHITE FINISH,6,1/17/2011 16:06,7.95,13089.0,United Kingdom
569261,23504,PLAYING CARDS JUBILEE UNION JACK,1,10/3/2011 11:34,1.25,17321.0,United Kingdom
540288,21162,TOXIC AREA  DOOR HANGER ,1,1/6/2011 12:45,1.45,17634.0,United Kingdom
557407,21080,SET/20 RED RETROSPOT PAPER NAPKINS ,6,6/20/2011 11:33,0.85,14701.0,United Kingdom
573420,22720,SET OF 3 CAKE TINS PANTRY DESIGN ,6,10/31/2011 9:48,4.95,18223.0,United Kingdom
559441,21989,PACK OF 20 SKULL PAPER NAPKINS,12,7/8/2011 12:22,0.85,12583.0,France
546414,22844,VINTAGE CREAM DOG FOOD CONTAINER,2,3/13/2011 10:25,8.5,16768.0,United Kingdom
C537893,22634,CHILDS BREAKFAST SET SPACEBOY ,-2,12/9/2010 10:14,9.95,12721.0,France
572882,22759,SET OF 3 NOTEBOOKS IN PARCEL,12,10/26/2011 13:36,1.65,18226.0,United Kingdom
559876,23208,LUNCH BAG VINTAGE LEAF DESIGN,1,7/13/2011 11:09,1.65,15752.0,United Kingdom
564190,21155,RED RETROSPOT PEG BAG,6,8/23/2011 16:01,2.55,16143.0,United Kingdom
570416,23366,SET 12 COLOUR PENCILS DOILEY,16,10/10/2011 13:30,0.65,15608.0,United Kingdom
561485,23346,SPACEBOY BEAKER,1,7/27/2011 13:42,1.25,17841.0,United Kingdom
575148,23546,WRAP PAISLEY PARK ,25,11/8/2011 15:48,0.42,13867.0,United Kingdom
577770,22624,IVORY KITCHEN SCALES,2,11/21/2011 15:33,8.5,13282.0,United Kingdom
543300,47566,PARTY BUNTING,6,2/7/2011 11:42,4.95,13334.0,United Kingdom
563428,21495,SKULLS AND CROSSBONES WRAP,25,8/16/2011 11:44,0.42,13159.0,United Kingdom
565129,22355,CHARLOTTE BAG SUKI DESIGN,3,9/1/2011 12:41,0.85,15719.0,United Kingdom
572282,22067,CHOC TRUFFLE GOLD TRINKET POT ,2,10/23/2011 11:39,1.65,17634.0,United Kingdom
572558,21504,SKULLS GREETING CARD,12,10/25/2011 8:26,0.42,14286.0,United Kingdom
560696,22380,TOY TIDY SPACEBOY  ,1,7/20/2011 12:14,2.1,14606.0,United Kingdom
540957,20727,LUNCH BAG  BLACK SKULL.,7,1/12/2011 13:30,1.65,15311.0,United Kingdom
576665,23397,FOOT STOOL HOME SWEET HOME ,1,11/16/2011 11:46,9.95,17841.0,United Kingdom
569401,23266,SET OF 3 WOODEN STOCKING DECORATION,12,10/4/2011 8:56,1.25,15111.0,United Kingdom
575637,21908,CHOCOLATE THIS WAY METAL SIGN,1,11/10/2011 13:46,2.1,16904.0,United Kingdom
561125,23052,RECYCLED ACAPULCO MAT TURQUOISE,2,7/25/2011 12:58,8.25,17364.0,United Kingdom
566427,84836,ZINC METAL HEART DECORATION,6,9/12/2011 14:24,1.25,17433.0,United Kingdom
572511,23372,SET 36 COLOUR PENCILS DOLLY GIRL,16,10/24/2011 14:29,1.25,14895.0,United Kingdom
559980,22436,12 COLOURED PARTY BALLOONS,40,7/14/2011 11:28,0.65,17314.0,United Kingdom
549262,22779,WOODEN OWLS LIGHT GARLAND ,1,4/7/2011 12:38,4.25,14465.0,United Kingdom
536628,84029E,RED WOOLLY HOTTIE WHITE HEART.,6,12/2/2010 10:54,3.39,17850.0,United Kingdom
568188,22818,CARD CHRISTMAS VILLAGE,12,9/25/2011 14:33,0.42,16049.0,United Kingdom
536381,22083,PAPER CHAIN KIT RETROSPOT,1,12/1/2010 9:41,2.95,15311.0,United Kingdom
C575082,21843,RED RETROSPOT CAKE STAND,-4,11/8/2011 13:30,10.95,12613.0,Germany
573340,21733,RED HANGING HEART T-LIGHT HOLDER,2,10/30/2011 11:55,2.95,14159.0,United Kingdom
541997,22919,HERB MARKER MINT,5,1/25/2011 10:38,0.65,18077.0,United Kingdom
561653,20992,JAZZ HEARTS PURSE NOTEBOOK,24,7/28/2011 15:55,0.39,14002.0,United Kingdom
